company_name,country,report_title,source_pdf_url,additional_source_urls,notes,source_type
SAP,Germany,SAP Integrated Report 2025,https://www.sap.com/docs/download/investors/2025/sap-2025-integrated-report.pdf,,Large (200+ pg) integrated report. No standalone GRI content index found on site; Report Data Hub shows TCFD/PAI disclosures instead. GRI index (if any) would be inside this PDF.,downloadable_pdf
Siemens,Germany,Siemens Sustainability Statement for fiscal 2025 (part of Combined Management Report),https://assets.new.siemens.com/siemens/assets/api/uuid:dea0c623-1ae9-4ef0-a69a-31d8eb7b39fb/sustainability-statement.pdf,,"FY2025 reporting now under CSRD/ESRS as part of Combined Management Report, not a standalone sustainability report.",downloadable_pdf
Siemens Healthineers,Germany,Siemens Healthineers Annual Report 2025 (incl. CSRD/ESRS sustainability reporting),https://corporate.webassets.siemens-healthineers.com/a364b935102e7df5/d7fdacda458e/siemens-healthineers-ir-annual-report-2025.pdf,,Sustainability content integrated into Annual Report 2025 under CSRD/ESRS.,downloadable_pdf
Volkswagen Group,Germany,Volkswagen Group ESRS Sustainability Report (Annual Report 2025),https://annualreport2025.volkswagen-group.com/_assets/downloads/esrs-sustainability-report-vw-ar25.pdf,,"Explicitly states it reports under CSRD/ESRS, GRI Standards, SBTi, UN Global Compact, and EU Taxonomy — best candidate among Germany batch for an actual GRI reference/index.",downloadable_pdf
Mercedes-Benz Group,Germany,Mercedes-Benz Group Annual Report 2025 (incl. Combined Management Report),https://group.mercedes-benz.com/documents/investors/reports/annual-report/mercedes-benz/mercedes-benz-annual-report-2025-incl-combined-management-report-mbg-ag.pdf,,Sustainability Statement integrated into Annual Report under CSRD/ESRS since FY2024; no standalone GRI index found.,downloadable_pdf
BMW Group,Germany,BMW Group Report 2025,https://www.bmwgroup.com/content/dam/grpw/websites/bmwgroup_com/ir/downloads/en/2026/bericht/BMW-Group-Report-2025-en.pdf,,BMW published standalone GRI Content Index PDFs in 2022 and 2023 but no 2025 GRI index PDF was found — may have been discontinued in favor of ESRS index within this report.,downloadable_pdf
Allianz,Germany,Allianz Group Annual Report 2025,https://www.allianz.com/content/dam/onemarketing/azcom/Allianz_com/investor-relations/en/results-reports/annual-report/ar-2025/en-allianz-group-annual-report-2025.pdf,,"Sustainability Statement (CSRD-compliant) is part of Annual Report 2025, not separate.",downloadable_pdf
Deutsche Bank,Germany,Deutsche Bank Annual Report 2025 (incl. Non-Financial Report),https://investor-relations.db.com/files/documents/other-presentations-and-events/2025/Annual-Report-2025.pdf,,Non-Financial Report is part of Annual Report 2025 under CSRD requirements.,downloadable_pdf
BASF,Germany,BASF Report 2025 - Sustainability Statement,https://report.basf.com/2025/en/_assets/downloads/sustainability-statement-basf-ar25.pdf,,BASF confirms an ESRS Index for 2025; historically had a separate GRI index (last confirmed 2020) but no 2025 GRI index found.,downloadable_pdf
Bayer,Germany,Bayer Impact Report 2025,https://www.bayer.com/sites/default/files/2026-03/bayer-impact-report-2025.pdf,,Bayer states its sustainability reporting has been GRI-aligned since 2000; 2025 Sustainability Statement (in Annual Report) uses ESRS.,downloadable_pdf
Adidas,Germany,adidas Annual Report 2025,https://report.adidas-group.com/2025/en/_assets/downloads/annual-report-adidas-ar25.pdf,,adidas applied GRI guidelines only through its 2023 annual report and has since transitioned to ESRS — likely no GRI index in 2025.,downloadable_pdf
Puma,Germany,PUMA Annual Report 2025 (incl. Business & Sustainability Report),https://about.puma.com/sites/default/files/financial-report/2025/puma-gb-2025-gesamt-en-final.pdf,,Puma has historically published a GRI Content Index — good candidate.,downloadable_pdf
Vonovia,Germany,Vonovia SE Annual Report 2025,https://report.vonovia.com/2025/q4/app/uploads/Vonovia-SE_Annual-Report-2025.pdf,,"Vonovia states its sustainability reporting follows GRI Standards, but current Non-financial Group Declaration is ESRS-compliant.",downloadable_pdf
Infineon Technologies,Germany,Sustainability at Infineon (supplementing Annual Report 2025),https://www.infineon.com/assets/row/public/documents/corporate/company/sustainability/sustainability-at-infineon.pdf,,Infineon explicitly states sections not covered by ESRS are reported with reference to GRI principles/standards.,downloadable_pdf
Schneider Electric,France,Schneider Electric 2025 Universal Registration Document,https://echanges.dila.gouv.fr/OPENDATA/AMF/ECO/2026/03/FCECO081372_20260327.pdf,,Official AMF regulatory filing copy of the 2025 URD.,downloadable_pdf
LVMH,France,LVMH 2025 Social and Environmental Responsibility Report,https://www.lvmh.com/en/press/key-documents,,Could not find a direct PDF URL via search - landing page only.,downloadable_pdf
L'Oreal,France,L'Oreal 2025 Universal Registration Document + GRI Standards table,https://www.loreal-finance.com/eng/2025-universal-registration-document/,https://www.loreal.com/-/media/project/loreal/brand-sites/corp/master/lcorp/articles-media/commitments/external-recognitions-rework/loral-sustainability-reporting--gri-content-index-2023.pdf;https://www.loreal.com/-/media/project/loreal/brand-sites/corp/master/lcorp/3-commitments/2026/esg-performance/loreal-2025-annual-report-en.pdf,L'Oreal publishes GRI content as a SEPARATE standalone table. Only found a confirmed 2023 English GRI Content Index (2nd URL) - no 2025 English version located; also added a 2025 ESG performance essentials doc (3rd URL) as a fallback.,downloadable_pdf
TotalEnergies,France,TotalEnergies GRI Content Index 2025 (GRI Standards 2021),https://totalenergies.com/sites/g/files/nytnzq121/files/documents/totalenergies_index-gri-2025_2025.pdf,,"Strong candidate - TotalEnergies maintains a dedicated, regularly updated standalone GRI index PDF, reports at GRI 'Core' level.",downloadable_pdf
Sanofi,France,Sanofi 2025 GRI Content Index + Universal Registration Document,https://www.sanofi.com/assets/countries/india/docs/Investors/annual-reports/2005/Sanofi-2025_GRI-Index-03-04-26.pdf,https://www.sanofi.com/assets/dotcom/content-app/publications/annual-report-on-form-20-f/2025-sanofi-urd.pdf,"Direct standalone GRI Content Index PDF found - best candidate. Added the 2025 URD as second doc for cross-reference (Chapter 3, Declaration of Extra-financial Performance).",downloadable_pdf
BNP Paribas,France,BNP Paribas Universal Registration Document & Annual Financial Report 2025,https://cdn-group.bnpparibas.com/uploads/file/universal-registration-document-annual-financial-report-2025.pdf,,No explicit GRI index confirmed via search; sustainability content is inside the URD under CSRD/ESRS framework.,downloadable_pdf
AXA,France,AXA 2025 Universal Registration Document,https://www.axa.com/en/press/publications/2025-annual-report,,Could not find a direct 2025 PDF URL - landing page only. No GRI index confirmed via search.,downloadable_pdf
Danone,France,Danone 2025 Universal Registration Document (Annual Financial Report),https://www.danone.com/content/dam/corp/global/danonecom/investors/en-all-publications/2026/registrationdocuments/danoneurdaccessible.pdf,,No standalone GRI index confirmed via search; sustainability info is within the URD.,downloadable_pdf
Airbus,France,Airbus 2025 Universal Registration Document / Annual Report,https://www.globenewswire.com/news-release/2026/03/30/3264801/0/en/2025-universal-registration-document-pdf.html,,Could not find the direct company-hosted PDF for 2025 - only a GlobeNewswire notice. 2023 URD had a GRI Index section.,downloadable_pdf
Engie,France,ENGIE Universal Registration Document 2025 + GRI standards correspondence table,https://www.engie.com/app/uploads/2026/03/Universal-Registration-Document-2025.pdf,https://www.engie.com/sites/default/files/assets/documents/2025-06/2025%20ENGIE%20GRI%20standards%20disclosure_1.pdf,"ENGIE also publishes a standalone GRI standards correspondence table (Core level), dated June 2025 - may cover FY2024, verify reporting year.",downloadable_pdf
Hermes,France,Hermes 2025 Universal Registration Document (incl. Annual Financial Report),https://assets-finance.hermes.com/s3fs-public/node/pdf_file/2026-04/1777391712/260320_hermes_urd2025_en.pdf,,No standalone GRI index confirmed via search; sustainability info would be within the URD if present.,downloadable_pdf
Novo Nordisk,Denmark,Novo Nordisk Annual Report 2025,https://www.novonordisk.com/content/dam/nncorp/global/en/investors/irmaterial/annual_report/2026/novo-nordisk-annual-report-2025.pdf,,Integrated financial + sustainability report. GRI index presence not confirmed via search.,downloadable_pdf
Novonesis,Denmark,Novonesis Annual Report 2025,https://media.novonesis.com/Novonesis_Annual_Report_2025.pdf,,"URL inferred from press coverage pattern, not independently confirmed - verify it resolves. Also has an ESG Portal at novonesis.com/en/sustainability/esg-portal.",downloadable_pdf
Vestas Wind Systems,Denmark,Vestas Annual Report 2025,https://www.vestas.com/content/dam/vestas-com/global/en/investor/reports-and-presentations/financial/2025/fy-2025/Vestas%20Annual%20Report%202025.pdf.coredownload.inline.pdf,,Sustainability now integrated into Annual Report under CSRD/ESRS. No standalone GRI report found.,downloadable_pdf
Orsted,Denmark,Orsted Annual Report 2025,https://cdn.orsted.com/-/media/annual-2025/annual-report-2025.pdf,,CSRD/ESRS Sustainability Statements embedded in Annual Report. No explicit GRI reference confirmed.,downloadable_pdf
Maersk,Denmark,A.P. Moller - Maersk Annual Report 2025,https://investor.maersk.com/static-files/75fac9de-c2cc-421c-8eaf-17d5c5d86135,,Integrated annual report aligned to ESRS. No standalone GRI report found.,downloadable_pdf
Eni,Italy,Eni Sustainability Statement (Annual Report) + Eni for 2025 - A Just Transition,https://report.eni.com/annual-report-2025/en/_assets/downloads/sustainability-eni-ar25.pdf,https://www.eni.com/content/dam/enicom/documents/eng/sustainability/2025/eni-for-2025-just-transition-eng.pdf,Eni publishes TWO relevant documents: the Sustainability Statement (ESRS-based but references GRI Oil & Gas Sector Standard) and the voluntary 'Eni for 2025' report - both now included.,downloadable_pdf
Enel,Italy,Enel Integrated Annual Report 2025,https://www.enel.com/content/dam/enel-com/documenti/investitori/informazioni-finanziarie/2025/annuali/en/integrated-annual-report_2025.pdf,,"Enel's reports have historically included a Content Index mapping to GRI, SASB, TCFD, WEF, PAI - good candidate.",downloadable_pdf
Ferrari,Italy,Ferrari Group 2025 Sustainability Statement,https://www.ferrarigroup.net/wp-content/uploads/2020/11/Ferrari-Group-2025-Sustainability-Statement.pdf,,Ferrari moved from GRI-guided reporting to ESRS for FY2025 - GRI Standards likely NOT the primary framework this year.,downloadable_pdf
Intesa Sanpaolo,Italy,Intesa Sanpaolo 2025 Annual Report + SDGs Report + Climate Report,https://group.intesasanpaolo.com/content/dam/portalgroup/repository-documenti/investor-relations/bilanci-relazioni-en/2025/2025_Annual_Report.pdf,https://group.intesasanpaolo.com/content/dam/portalgroup/repository-documenti/sostenibilt%C3%A0/sdgs-report/SDGs_Report_2025.pdf;https://group.intesasanpaolo.com/content/dam/portalgroup/repository-documenti/sostenibilt%C3%A0/climate-report/2025/2025_Climate_Report.pdf,"Sustainability Statement is inside the Annual Report (CSRD, from FY2024 onward). Added the voluntary SDGs Report and Climate Report as they may separately reference GRI.",downloadable_pdf
UniCredit,Italy,UniCredit Sustainability Reporting (in Consolidated Report on Operations 2025),https://www.unicreditgroup.eu/en/esg-and-sustainability/sustainability-reporting.html,,Could not find a direct PDF via search - landing page only.,downloadable_pdf
Iberdrola,Spain,Iberdrola Integrated Report 2025 + Sustainability Report,https://www.iberdrola.com/documents/20125/5613162/gsm26-integrated-report-2025.pdf,https://www.iberdrola.com/documents/20125/42388/IB_Sustainability_Report.pdf,Added the distinct Sustainability Report as second doc - confirm it's the 2025 version and not a stale evergreen link.,downloadable_pdf
Inditex,Spain,Inditex Sustainability Report 2025 + standalone GRI Content Index,https://www.inditex.com/itxcomweb/api/media/f8d28973-3e94-45a5-9b0f-9e4d4b1c14b3/SustainabilityReport.pdf,https://www.inditex.com/itxcomweb/api/media/8a869ea9-26b2-49ad-b634-eac5de2eac04/GRIContentIndex.pdf,"STRONG candidate: Inditex publishes a separate, standalone GRI Content Index PDF (2nd URL) - confirmed by browser spot-check to be titled '2025 (English)'.",downloadable_pdf
Banco Santander,Spain,Banco Santander 2025 Consolidated Annual Financial Report,https://www.santander.com/content/dam/santander-com/en/documentos/informe-financiero-anual/2025/ifa-2025-consolidated-annual-financial-report-en.pdf,,Santander states its sustainability reports use the GRI framework/standards. No separate standalone 2025 Sustainability Statement PDF found (2024 had one; 2025 pattern not located).,downloadable_pdf
Telefonica,Spain,Telefonica Management and Sustainability (ESG) Report 2025,https://www.telefonica.com/en/shareholders-investors/financial-reports/integrated-annual-report/,,Could not find a single direct PDF via search - landing page only.,downloadable_pdf
ASML Holding,Netherlands,ASML 2025 Annual Report (IFRS-based),https://ourbrand.asml.com/m/6ea363f69344ebd4/original/asml-2025-annual-report-based-on-ifrs.pdf,,"Sustainability statement prepared under ESRS, not GRI, per search results.",downloadable_pdf
ING Group,Netherlands,ING Group Annual Report 2025,https://ing.com/binaries/content/assets/documents/annual-reports/2025-ing-groep-nv-annual-report.pdf,,ESRS-based reporting; GRI presence unconfirmed via search.,downloadable_pdf
Heineken,Netherlands,Heineken N.V. Annual Report 2025,https://www.theheinekencompany.com/sites/heineken-corp/files/2026-04/2025_Heineken_NV_Annual_Report_Interactive_100226_FINAL.pdf,,GRI presence unconfirmed via search.,downloadable_pdf
Philips,Netherlands,Philips 2025 GRI Content Index + Full Annual Report 2025,https://www.philips.com/c-dam/corporate/about-philips/sustainability/downloads/publications/gri-content-index-2025.pdf,https://www.results.philips.com/app/uploads/2026/04/PhilipsFullAnnualReport2025-English.pdf,"STRONG candidate: Philips publishes an explicit, dedicated 2025 GRI content index PDF (primary URL), confirmed by browser spot-check. Added Full Annual Report as second doc for context.",downloadable_pdf
Ahold Delhaize,Netherlands,Ahold Delhaize Sustainability Statements (Annual Report 2025 component),https://media.aholddelhaize.com/media/wfmdnqo0/sustainability-statements-annual-report-2025.pdf,,Published as a separate PDF component of the FY2025 Annual Report package.,downloadable_pdf
KBC Group,Belgium,KBC Group 2025 Sustainability Statement (in Annual Report),https://www.kbc.com/en/corporate-sustainability/rapportering.html,,IMPORTANT: search results indicate KBC's Sustainability Report will NO LONGER include a separate GRI content index starting in 2024 - CSRD Sustainability Statement has replaced GRI reporting.,downloadable_pdf
Anheuser-Busch InBev,Belgium,AB InBev Annual Report 2025 (Form 20-F),https://www.ab-inbev.com,,Could not find a direct PDF via search; filed as SEC Form 20-F. GRI presence unconfirmed.,downloadable_pdf
Solvay,Belgium,Solvay Annual Integrated Report 2025,https://www.solvay.com/sites/g/files/srpend616/files/2026-03/Solvay_Annual%20Integrated%20Report_2025_0.pdf,,CSRD/ESRS-based sustainability statement; GRI presence unconfirmed via search.,downloadable_pdf
OMV,Austria,OMV Combined Annual Report 2025 (incl. Sustainability Statement),https://reports.omv.com/en/annual-report/2025/,,"OMV reports generally 'prepared in accordance with GRI Standards' but 2025 content is consolidated into the Sustainability Statement - landing page only, no direct PDF found.",downloadable_pdf
Erste Group,Austria,Erste Group Bank AG Annual Report 2025,https://www.erstegroup.com/en/investors/annualreport2025,,Only found a third-party mirror for the direct PDF - use this official landing page instead. No standalone GRI report found via search.,downloadable_pdf
Deutsche Telekom,Germany,Deutsche Telekom Corporate Responsibility Report 2024,https://www.telekom.com/resource/blob/1104986/ae0c038694f0ae63774a1d2e3f25c3e3/dl-cr-bericht-2024-en-data.pdf,,Only confirmed a 2024 CR report link (prepared 'with reference to' GRI). Could not confirm a direct 2025 CR report PDF - check telekom.com/en/investor-relations/publications/downloads for the newest one before using.,downloadable_pdf
Deutsche Post DHL Group,Germany,DHL Group 2025 Annual Report,https://group.dhl.com/content/dam/deutschepostdhl/en/media-center/investors/documents/annual-reports/DHL-Group-2025-Annual-Report.pdf,,Non-financial statement is in the Annual Report; complemented by an ESG Statbook with GRI/SASB/TCFD/WEF disclosure indices - strong candidate.,downloadable_pdf
Munich Re,Germany,Munich Re Group Annual Report 2025,https://www.munichre.com/content/dam/munichre/mrwebsiteslaunches/2025-annual-report/MunichRe-Group-Annual-Report-2025-en.pdf,,Combined non-financial statement under full ESRS application. GRI referenced in earlier (2023) sustainability report; 2025 GRI presence unconfirmed.,downloadable_pdf
RWE,Germany,RWE Sustainability Report (landing page - direct 2025 PDF not found),https://www.rwe.com/en/responsibility-and-sustainability/sustainability-report/,,Group Sustainability Statement is ESRS-aligned. A 'Supplementary Sustainability Report 2025' was mentioned but no direct PDF link found via search - get exact file from this page.,downloadable_pdf
E.ON,Germany,E.ON Integrated Annual Report 2025,https://annualreport.eon.com/content/dam/eon-annualreport/documents/en/GB25-gesamt-EN_final.pdf,,GRI presence unconfirmed via search - needs Gemini check inside PDF.,downloadable_pdf
Fresenius,Germany,Fresenius Annual Report 2025 (incl. Sustainability Statement),https://www.fresenius.com/sites/default/files/2026-03/fresenius_annual_report_2025.pdf,,Sustainability Statement 2025 prepared under ESRS/CSRD; complemented by a Sustainability Factbook. GRI presence in 2025 unconfirmed.,downloadable_pdf
Fresenius Medical Care,Germany,Fresenius Medical Care 2025 Annual Report + GRI Index page,https://freseniusmedicalcare.com/content/dam/fresenius-medical-care/global/en/04_media/pdf/publications/2025/FME_Annual_Report_2025_EN.pdf,https://freseniusmedicalcare.com/en/sustainability/ratings-and-indices/gri/,STRONG candidate: FMC maintains a dedicated GRI Index page confirmed to use GRI 1: Foundation 2021. Verify the linked index covers FY2025 specifically (a 2024 GRI Index was also referenced in search results).,downloadable_pdf
Continental,Germany,Continental Sustainability Reporting (landing page - direct 2025 GRI PDF not found),https://www.continental.com/en/sustainability/reporting-and-downloads/,,"Continental explicitly offers a separate 'Sustainability report according to GRI' PDF per search results, but the exact 2025 file URL wasn't found - get it from this downloads page.",downloadable_pdf
Henkel,Germany,Henkel Sustainable Impact Report 2025,https://www.henkel.com/resource/blob/2147522/8941c6fb4e08be9facee9fd4ee20ae64/data/sustainable-impact-report-2025-en.pdf,,First integrated Sustainability Statement under CSRD/ESRS with the 2025 Annual Report. GRI referenced generally but 2025-specific GRI index unconfirmed.,downloadable_pdf
Beiersdorf,Germany,Beiersdorf 2025 Annual Report,https://www.beiersdorf.com/~/media/Beiersdorf/investors/financial-publication/2026/annual-report/Beiersdorf-2025-Annual-Report.pdf,,Beiersdorf shifted from GRI-based to ESRS-based reporting as of 2024 - likely no 2025 GRI index. Prior-year GRI Content Indices (2021-2023) exist but not 2025.,downloadable_pdf
Merck KGaA,Germany,Merck KGaA Darmstadt Sustainability Statement (Annual Report 2025),https://www.reports.merckgroup.com/en/annualreport/2025/management-report/sustainability-statement.html,,"ESRS-based Combined Sustainability Statement, audited by Deloitte. GRI/SASB/TCFD references reportedly appear under 'Other Information' in the Annual Report - check that section specifically.",downloadable_pdf
Deutsche Boerse,Germany,Deutsche Boerse Annual Report 2025 + dedicated GRI page,https://www.deutsche-boerse.com/resource/blob/4932348/b9015a1a2b7add33a8a0d01527dc9da8/data/annual-report-2025_tug_konzern-jahresfinanzbericht_en.pdf,https://www.deutsche-boerse.com/dbg-en/about-us/sustainability/reports-statements-policies-guidelines/gri,STRONG candidate: dedicated GRI page states the index is compiled per GRI Standards 2021 and independently verified by PwC with limited assurance.,downloadable_pdf
Commerzbank,Germany,Commerzbank Sustainability Reports (landing page) + dedicated GRI Report site,https://www.commerzbank.de/sustainability/reports-ratings/reports-publications/sustainability-reports/sustainability-reports/,https://gri-report.commerzbank.com/en,"STRONG candidate: Commerzbank maintains a dedicated GRI Report microsite (gri-report.commerzbank.com), reported under GRI 1: Foundation 2021 as of the 2024 cycle - confirm it has a 2025 edition.",downloadable_pdf
HeidelbergMaterials,Germany,Heidelberg Materials Annual and Sustainability Report 2025,https://www.heidelbergmaterials.com/system/files/2026-03/HM_ASR25_en.pdf,,STRONG candidate: search results confirm this report includes a GRI content index. First year voluntarily reporting under CSRD too.,downloadable_pdf
Kering,France,Kering Universal Registration Document (year unconfirmed - only 2024 edition located),https://www.kering.com/en/finance/regulated-information/,,"Could not confirm a 2025 URD PDF via search (only the 2024 URD, filed March 2025, was found). Get the current document from Kering's regulated information page.",downloadable_pdf
Vinci,France,VINCI 2025 Universal Registration Document (landing page - direct PDF not found),https://www.vinci.com/en/newsroom/press-releases/publication-2025-universal-registration-document,,"Filed with AMF Feb 27, 2026. No direct PDF link found via search - get exact file from vinci.com Finance/Investors/Annual reports section.",downloadable_pdf
Air Liquide,France,Air Liquide 2025 Universal Registration Document,https://www.airliquide.com/sites/airliquide.com/files/2026-03/air-liquide-2025-universal-registration-document-interactive.pdf,,GRI presence unconfirmed via search - needs Gemini check inside PDF.,downloadable_pdf
Saint-Gobain,France,Saint-Gobain 2025 Universal Registration Document,https://www.saint-gobain.com/sites/saint-gobain.com/files/media/document/Saint-Gobain_2025_DEU_VA.pdf,,'VA' suffix should denote the English (version anglaise) copy - verify language before use. GRI presence unconfirmed.,downloadable_pdf
Credit Agricole,France,Credit Agricole CIB 2025 Universal Registration Document,https://www.ca-cib.com/sites/default/files/2026-03/URD_CACIB_2025_ENG.pdf,,"CAUTION: this is the Credit Agricole CIB (investment banking subsidiary) URD, not the main Credit Agricole S.A. Group URD - the Group-level document is on credit-agricole.com/en/finance/financial-publications but a direct PDF wasn't found. Verify which entity you need before using.",downloadable_pdf
Societe Generale,France,Societe Generale 2025 Universal Registration Document,https://www.societegenerale.com/sites/default/files/documents/2025-03/universal-registration-document-2025.pdf,,"CAUTION: filed 12 March 2025, so this '2025' URD likely covers FY2024 data, not FY2025 - a 3rd amendment was filed Oct 2025. Verify actual reporting period stated inside before treating as the FY2025 report.",downloadable_pdf
Publicis Groupe,France,Publicis Groupe 2025 Universal Registration Document,https://documents.publicisgroupe.com/urd2025/PBS2025_URD_EN_MEL26_04_30.pdf,,"Filed with AMF April 30, 2026, covering FY2025. GRI presence unconfirmed via search.",downloadable_pdf
Capgemini,France,Capgemini 2025 Universal Registration Document (landing page - PDF size looked too small to be the full doc),https://investors.capgemini.com/en/publication/2025-universal-registration-document/,,"Search returned a 132KB PDF reference which is likely a summary/press notice, not the full URD - get the actual full document from this investor page.",downloadable_pdf
Michelin,France,Michelin 2025 Universal Registration Document,https://agngnconpm.cloudimg.io/v7/https:/dgaddcosprod.blob.core.windows.net/cxf-corporate/attachments/f40ixh7py2bnps4raz3p2z4q-universal-registration-document-for-2025.pdf,,Unusual CDN/image-proxy URL - verify it actually resolves to the PDF before relying on it; fall back to michelin.com/en/publications/regulated-information if not.,downloadable_pdf
Pernod Ricard,France,Pernod Ricard FY24/25 Universal Registration Document,https://www.pernod-ricard.com/sites/default/files/inline-files/Pernod%20Ricard%2024_25%20URD%20ENG.pdf,,"NOTE: Pernod Ricard's fiscal year runs July-June, so 'FY24/25' covers July 2024-June 2025, not calendar year 2025 - keep this in mind when filling report_year.",downloadable_pdf
Renault Group,France,Renault Group 2025 Universal Registration Document (landing page - direct PDF not found),https://www.renaultgroup.com/en/finance/regulated-information/,,23.9MB PDF confirmed to exist per search summary but exact URL not captured - get it from this regulated information page.,downloadable_pdf
Danske Bank,Denmark,Danske Bank Group Annual Report 2025,https://danskebank.com/-/media/danske-bank-com/file-cloud/2026/2/annual-report-2025.pdf,,Statutory sustainability statement is inside the Annual Report; supplemented by a separate Sustainability Fact Book. GRI presence unconfirmed via search.,downloadable_pdf
Carlsberg Group,Denmark,Carlsberg Group Annual Report 2025,https://carlsberggroup.com/media/1tgf0wsy/carlsberg-group_2025-annual-report.pdf,,"First year financial and non-financial results presented together, aligned to CSRD. GRI presence unconfirmed via search.",downloadable_pdf
DSV,Denmark,DSV Annual Report 2025 (landing page - direct PDF not found),https://www.dsv.com/en/sustainability-esg/our-reporting/sustainability-reports,,An 18.3MB Annual Report 2025 PDF was referenced in search results but the exact URL wasn't captured - get it from this reporting page.,downloadable_pdf
Coloplast,Denmark,Coloplast Annual Report 2024/25 (landing page - direct PDF not found),https://www.coloplast.com/investor-relations/results-reports-and-presentations/,,"NOTE: Coloplast's fiscal year runs Oct-Sept, so their 'annual report' covers Oct 2024-Sept 2025, not calendar 2025. No direct PDF link found via search.",downloadable_pdf
Genmab,Denmark,Genmab 2025 Annual Report (landing page - direct PDF not found),https://ir.genmab.com/download-library,,"Published Feb 17, 2026, available as PDF and iXBRL. No direct PDF URL found via search - get it from this download library.",downloadable_pdf
Generali,Italy,Generali Sustainability Reports Archive (landing page - direct 2025 PDF not found),https://www.generali.com/info/download-center/sustainability/bilanci,,Sustainability Statement is inside the Annual Integrated Report under CSRD/ESRS. No specific GRI mention found in search results for 2025 - no direct PDF link located either.,downloadable_pdf
Poste Italiane,Italy,Poste Italiane Sustainability Report 2025 (landing page - direct PDF not found),https://www.posteitaliane.it/en/sustainability.html,,IMPORTANT: Poste Italiane explicitly adopted ESRS in 2024 to REPLACE GRI Standards for non-financial reporting - likely correct outcome is 'unable to verify - no GRI index found' for 2025.,downloadable_pdf
Prysmian Group,Italy,Prysmian Sustainability Report (landing page - direct 2025 PDF not found),https://www.prysmian.com/en/sustainability/sustainability-report,,STRONG candidate: search results explicitly confirm the Sustainability Report 'is prepared in accordance with GRI Sustainability Reporting Standards.' Get the exact 2025 PDF from this page.,downloadable_pdf
Moncler,Italy,Moncler Group Annual Report 2025 - Sustainability section,https://www.monclergroup.com/v3/assets/blt61bda6b71f29a239/blt90a19a2ae3630536/6a47880891356541bb1143fa/Moncler-Group-Annual-Report-2025_Sustainability.pdf,,"Consolidated Sustainability Statement dated June 5, 2026; also references a SASB table. GRI presence unconfirmed via search.",downloadable_pdf
Leonardo,Italy,Leonardo Integrated Report 2025,https://www.leonardo.com/documents/15646808/30043445/Integrated+Report+2025.pdf?t=1773421399076,,Prepared under Italian Legislative Decree 125/2024 (transposing CSRD) and ESRS. GRI presence unconfirmed via search.,downloadable_pdf
BBVA,Spain,BBVA Sustainability and Responsible Banking (landing page - Spain Group-level PDF not confirmed),https://shareholdersandinvestors.bbva.com/sustainability-and-responsible-banking/,,"CAUTION: search only surfaced BBVA Mexico and Garanti BBVA (Turkey) reports, not the core BBVA Group (Spain) Annual Financial and Sustainability Report - get the correct Group-level document from this page.",downloadable_pdf
Repsol,Spain,Repsol Consolidated Management Report 2025,https://www.repsol.com/content/dam/repsol-corporate/en_gb/accionistas-e-inversores/informes-anuales/2025/consolidated-management-report-2025.pdf,,"Contains voluntary indicators aligned to GRI Guidelines, alongside CSRD/ESRS reporting - reasonable candidate.",downloadable_pdf
CaixaBank,Spain,CaixaBank Consolidated Annual Financial Report,https://www.caixabank.com/deployedfiles/caixabank_com/Estaticos/PDFs/Accionistasinversores/Informacion_economico_financiera/Consolidated-Annual-Financial-Report.pdf,,Sustainability info starts around page 180; explicitly responds to Spanish Law 11/2018 through GRI and SASB frameworks - good candidate. NOTE: URL has no year in the filename and may auto-update to a future year's report - verify the year stated inside.,downloadable_pdf
Amadeus IT Group,Spain,Amadeus Global Report 2025,https://amadeus.com/en/annual-reports/global-report-2025,,STRONG candidate: search results confirm the Global Report 2025 includes a 'GRI Content Index annex.' Landing page only - get the exact PDF from there.,downloadable_pdf
Wolters Kluwer,Netherlands,Wolters Kluwer 2025 Annual Report + dedicated GRI/SASB/TCFD disclosures doc,https://assets.contenthub.wolterskluwer.com/api/public/content/3210406-wolters-kluwer-2025-annual-report-pdf-8bb01b4e47?v=ddef685b,https://assets.contenthub.wolterskluwer.com/api/public/content/3210402-wolters-kluwer-gri-sasb-tcfd-un-global-compact-disclosures-pdf-70a5647954?v=0c1d3da4,"STRONG candidate: dedicated standalone document mapping ESRS disclosures to GRI, SASB, TCFD and UN Global Compact requirements.",downloadable_pdf
Randstad,Netherlands,Randstad Annual Report 2025,https://www.randstad.com/s3fs-media/rscom/public/2026-02/Randstad_Annual_Report_2025_2.pdf?VersionId=1t6W0my386wc.rb2BLLRnQh7iFaLUiVg,,Described as including 'GRI-aligned disclosures' per search summary - needs Gemini confirmation of an actual index.,downloadable_pdf
DSM-Firmenich,Netherlands,dsm-firmenich Global Reporting Initiative Content Index 2025 + Integrated Annual Report 2025,https://www.dsm-firmenich.com/content/dam/dsm-firmenich/sustainability/documents/global-reporting-initiative-content-index-2025.pdf,https://annualreport.dsm-firmenich.com/2025/,"STRONG candidate: dedicated, explicitly-named 'Global Reporting Initiative Content Index 2025' PDF - reported with reference to GRI Standards for the full 2025 calendar year.",downloadable_pdf
Adyen,Netherlands,Adyen 2025 Annual Report (landing page - direct PDF not found),https://investors.adyen.com/financials/2025,,ESRS/CSRD-based reporting; GRI not explicitly mentioned in search results - likely 'unable to verify / ESRS only' outcome. No direct PDF link found.,downloadable_pdf
Akzo Nobel,Netherlands,AkzoNobel Report 2025 (landing page - direct PDF not found),https://www.akzonobel.com/en/about-us/annual-report,,"IMPORTANT: search results explicitly state AkzoNobel has NOT claimed GRI compliance since 2023, ahead of CSRD implementation - likely correct verification_status is 'unable to verify - no GRI index found.'",downloadable_pdf
UCB,Belgium,UCB Integrated Annual Report 2025 - Sustainability Statement,https://reports.ucb.com/IAR_2025_Sustainability_Statement.pdf,,"Published Feb 25, 2026. GRI presence suggested but not explicitly confirmed in search results - needs Gemini check.",downloadable_pdf
Umicore,Belgium,Umicore Annual Report 2025,https://www.ibr-ire.be/docs/default-source/bas-documents/reports/2026/umicore-ir2025-eng.pdf?sfvrsn=7f0dbdd8_2,,Hosted on the Belgian audit institute (IBR-IRE) site rather than umicore.com directly - verify it's the authentic current-year report. Historical GRI reporting (level B+) referenced but 2025 status unconfirmed.,downloadable_pdf
Ageas,Belgium,Ageas Annual Report 2025,https://downloads.ctfassets.net/o6mf177wvfka/KuRHStfskhn2PLR18lgoi/efc6b1dcba3a29dab7da646009b0a2b1/Ageas-AR-ENG-FULL-25.pdf,,STRONG candidate: search results confirm data is populated per 'GRI Universal Standards 2021' with a GRI content index in Section E (Other Information).,downloadable_pdf
Verbund,Austria,VERBUND Integrated Annual Report 2025,https://www.verbund.com/media/iahjmosx/verbund-integrated-annual-report-2025-englisch-final.pdf,,"Compiles NaDiVeG (Austrian transposition of EU non-financial reporting directive) disclosures, moving toward CSRD/ESRS 'beyond traditional GRI frameworks' per search summary - likely limited or no explicit GRI index.",downloadable_pdf
Voestalpine,Austria,voestalpine AG Annual Report 2025/26,https://www.voestalpine.com/group/static/sites/group/.downloads/en/publications-2025-26/2025-26-annual-report.pdf,,"NOTE: voestalpine's fiscal year runs April-March, so '2025/26' covers April 2025-March 2026, not calendar 2025. Reports under Austria's new Sustainability Reporting Act (NaBeG, effective Feb 2026) and CSRD/ESRS.",downloadable_pdf
AB Volvo Group,Sweden,Volvo Group Annual Report 2025 (incl. Sustainability Statement),https://www.volvogroup.com/content/dam/volvo-group/markets/master/news/2026/feb/Volvo-Group-Annual-Report-2025.pdf,,"Sustainability content is a CSRD/ESRS Sustainability Statement embedded within the Annual Report PDF, not a standalone GRI report.",downloadable_pdf
Volvo Cars,Sweden,Volvo Car Group Annual and Sustainability Report 2025,https://mb.cision.com/Main/20685/4317835/3969458.pdf,,"Sustainability Statement integrated in the Annual and Sustainability Report, prepared under ESRS.",downloadable_pdf
Ericsson,Sweden,"Ericsson Annual Report 2025 (incl. Sustainability Statement, pages 95-141 of Financial Report)",https://www.ericsson.com/en/investors/financial-reports-and-presentations/annual-reports,,No single direct 2025 PDF URL confirmed via search (URLs are session-tokenized); get the exact PDF from this landing page. Sustainability Statement prepared under ESRS.,webpage_landing_page
H&M Group,Sweden,H&M Group Annual and Sustainability Report 2025,https://hmgroup.com/wp-content/uploads/2026/03/HM-Group-Annual-and-sustainability-report-2025.pdf,,"Report integrates TCFD, GRI and UN Guiding Principles Reporting Index alongside CSRD/ESRS reporting.",downloadable_pdf
Atlas Copco,Sweden,Atlas Copco Group Annual Report 2025 incl. Sustainability Report and Corporate Governance Report,https://www.atlascopcogroup.com/content/dam/atlas-copco/group/documents/investors/financial-publications/english/20260320-annual-report-2025-incl-sustainability-report-and-corporate-governance-report-copy-of-the-official-ESEF-format.pdf,,,downloadable_pdf
Sandvik,Sweden,Sandvik Annual Report 2025 (incl. Sustainability Statement),https://www.annualreport.sandvik/en/2025/_assets/downloads/entire-en-svk-ar25.pdf,,Prepared under ESRS.,downloadable_pdf
Skanska,Sweden,Skanska Annual and Sustainability Report 2025,https://edit.skanska.com/siteassets/group/investors/financial-reports/annual-reports/2025/skanska-annual-and-sustainability-report-2025.pdf,,"If this direct link 404s, use the api/download redirector at skanska.com/api/download?url=... found via search, or the investor relations landing page group.skanska.com/investors.",downloadable_pdf
SEB,Sweden,SEB Annual Report 2025 (Sustainability Report and TCFD integrated),https://sebgroup.com/our-offering/reports-and-publications/annual-and-sustainability-reports,,No single direct 2025 PDF URL confirmed via search; get exact PDF from this landing page (sebgroup.com/annualreport). CSRD-aligned for 2nd consecutive year.,webpage_landing_page
Swedbank,Sweden,Swedbank Annual Report 2025 (CSRD-aligned),https://www.swedbank.com/investor-relations/reports-and-presentations/annual-reports.html,,No single direct 2025 PDF URL confirmed via search (only 2024 version found directly); get exact PDF from this landing page.,webpage_landing_page
Electrolux,Sweden,Electrolux Group Annual Report 2025 + standalone Sustainability Statement 2025,https://www.electroluxgroup.com/wp-content/uploads/sites/2/2026/02/Annual-Report-2025.pdf,https://www.electroluxgroup.com/wp-content/uploads/sites/2/2026/02/Sustainability-Statement-2025.pdf,Separate standalone Sustainability Statement PDF also published alongside the Annual Report.,downloadable_pdf
SKF,Sweden,SKF Annual and Sustainability Report 2025,https://cdn.skfmediahub.skf.com/api/public/096ee325b273e74a/pdf_preview_medium/SKF_ASR_2025_ENG_locked_pdf_preview_medium.pdf,,Extended Sustainability Report addressing CSRD requirements.,downloadable_pdf
Essity,Sweden,Essity Annual Report 2025 (incl. statutory Sustainability Report),https://assets.www.essity.com/essity/Annual-Report-2025-digital-pdf.pdf,,Sustainability Report prepared per Swedish Annual Accounts Act and ESRS.,downloadable_pdf
Alfa Laval,Sweden,Alfa Laval Annual and Sustainability Report 2025,https://www.alfalaval.nl/globalassets/documents/investors/english/annual-reports/2025/annual-and-sustainability-report-2025.pdf,,,downloadable_pdf
Assa Abloy,Sweden,ASSA ABLOY Annual Report 2025 (incl. 2nd ESRS Sustainability Statement),https://www.assaabloy.com/group/en/documents/investors/annual-reports/2025/Annual%20Report%202025.pdf,,,downloadable_pdf
Telia Company,Sweden,Telia Company Annual Report 2025,https://www.teliacompany.com/assets/u5c1v3pt22v8/6k3Bc8r3HOseJ8GuWT4DI6/a6e1ac6cd5797a156a487a83a7ceb36b/Telia_Annual_report_2025.pdf,,,downloadable_pdf
Boliden,Sweden,Boliden Annual and Sustainability Report 2025,https://investors.boliden.com/sites/boliden-ir/files/pr/202603040118-1.pdf,,,downloadable_pdf
Getinge,Sweden,Getinge Annual Report 2025 (Sustainability statement pp. 196-197),https://www.getinge.com/dam/corporate/documents/investors/annual-reports/english/getinge_annual_report_2025-115632-en.pdf,,,downloadable_pdf
Hexagon AB,Sweden,Hexagon Annual and Sustainability Report 2025,https://mb.cision.com/Main/387/4324219/3996400.pdf,,,downloadable_pdf
PKN Orlen,Poland,ORLEN Group Integrated/ESG Report 2025,https://www.orlen.pl/en/sustainability/reports-and-policies/Reports,,ESG reported per GRI Standards with external assurance (per site). No single direct 2025 PDF confirmed via search; get exact file from this reports page.,webpage_landing_page
PKO Bank Polski,Poland,PKO Bank Polski S.A. Group Director's Report for 2025 (incl. ESG),https://www.pkobp.pl/api/public/b87ee713-e22e-4067-8265-a1bc819a860a.pdf?content-disposition=filename%3DThe_PKO_Bank_Polski_S.A._Group_Director%E2%80%99s_Report_for_2025_%5B.pdf%5D.pdf,,ESG detail in Management Board Report on Activities for 2025.,downloadable_pdf
PZU,Poland,PZU Group Annual Report 2025 (incl. 2nd ESRS Sustainability Statement),https://www.pzu.com.ua/admin/upload/Management_Board_report_on_the_activity_of_the_PZU_Group_and_PZU_SA_2025.pdf,,Hosted on a PZU Ukraine subdomain; verify it's the correct group-wide 2025 report before using. Sustainability Statement per ESRS/CSRD.,downloadable_pdf
KGHM Polska Miedz,Poland,KGHM Management Board's Report on Activities 2025,https://kghm.com/sites/default/files/2026-03/MBs%20report%20on%20activities%20in%202025.pdf,,Sustainability reported per ESRS integrated with financials; also see kghm.com/en/investors/results-center/integrated-reports for prior standalone Integrated Reports.,downloadable_pdf
PGE Polska Grupa Energetyczna,Poland,PGE Group Management Board's Report / Non-Financial Statement 2025,https://www.gkpge.pl/en/content/download/1c17c9bb500a8cc7ea488bc573451f3e/file/pge_sz_2025_en.pdf?inLanguage=eng-GB&version=3&contentId=231076,,,downloadable_pdf
Santander Bank Polska,Poland,Santander Bank Polska Group Annual Report 2025 incl. Consolidated Sustainability Statement,https://www.santander.pl/en/investor-relations/financial-statement,,Reports published in XHTML/ESEF format rather than a simple PDF (see zal01_SZ_Grupa_SBP_2025_ENG.xhtml on pap-mediaroom.pl); get exact file from this landing page.,webpage_landing_page
CD Projekt,Poland,CD PROJEKT Group Management Board Report on Activities 2025 (incl. Sustainability Statement),https://www.cdprojekt.com/en/wp-content/uploads-en/2026/03/management-board-report-on-cd-projekt-group-activities-in-2025.pdf,,Additional SASB/CDP disclosures at cdprojekt.com/en/esg/download-center/.,downloadable_pdf
LPP,Poland,LPP Consolidated Annual Report 2025 (incl. sustainable development statement),https://www.lpp.com/en/investor-relations/reports/financial-reports/,,"Since 2024 reporting year, sustainability statements are part of the Consolidated Annual Report rather than a standalone PDF; get exact file from this landing page.",webpage_landing_page
Dino Polska,Poland,Dino Polska Group 2025 ESG Audit Report,https://grupadino.pl/en/financial-reports/,,2024 ESG audit report confirmed to exist at a dedicated URL; 2025 version should follow the same pattern on this financial reports page.,webpage_landing_page
Cyfrowy Polsat,Poland,Polsat Plus Group Sustainable Development Report 2025,https://grupapolsatplus.pl/en/sustainability/reports,,Prepared under CSRD/ESRS since 2024. No single direct 2025 PDF confirmed via search; get exact file from this reports page.,webpage_landing_page
Grupa Azoty,Poland,Grupa Azoty Social and Environmental Annual Report / Integrated Report,https://grupaazoty.com/en/sustainable-development/reports/reports,,Most recent confirmed via search was 2024; 2025 edition should appear on this reports page once published.,webpage_landing_page
Orange Polska,Poland,Orange Polska Integrated Report 2024 (2025 edition not yet confirmed via search),https://www.orange-ir.pl/wp-content/uploads/2025/06/OPL-integrated-report-2024_FINAL-26.06.pdf,,Most recent confirmed direct PDF is the 2024 edition; check orange-ir.pl/results-center/ for a 2025 update.,downloadable_pdf
Nokia,Finland,Nokia 2025 Sustainability Statement + Annual Report 2025 + People & Planet Impact Report 2025,https://www.nokia.com/system/files/2026-03/nokia-2025-sustainability-report.pdf,https://www.nokia.com/system/files/2026-03/nokia-annual-report-2025.pdf;https://www.nokia.com/sites/default/files/2025-09/nokia-impact-report-2025.pdf,"Three distinct 2025 PDFs confirmed: standalone Sustainability Statement, full Annual Report (incl. Form 20-F), and a separate Impact Report.",downloadable_pdf
Neste,Finland,Neste Annual Report 2025 (incl. CSRD Sustainability Statement) + Sustainability Data Package,https://www.neste.com/files/pdf/3zHO401Kf2W4YihDtm9uNK-Neste_Annual_Report_2025.pdf,https://www.neste.com/files/pdf/7spez01rONU0ftvjP9pujP-Neste_Annual_Report_2025_Sustainability_Data_Package.pdf,,downloadable_pdf
Kone Corporation,Finland,KONE Sustainability Statement 2025 (CSRD) + Annual Review 2025,https://www.kone.com/en/Images/Sustainability-Statement-2025_tcm17-141649.pdf,https://www.kone.com/en/Images/KONE_Annual%20Review_2025_tcm17-141619.pdf,KONE also historically published a separate Sustainability Supplement referencing GRI Standards - check kone.com/en/sustainability/sustainability-report/ for the current-year version.,downloadable_pdf
Fortum,Finland,Fortum Financials 2025 (incl. Sustainability Statement under CSRD),https://www.fortum.com/sites/default/files/investor-documents/Fortum-Financials2025.pdf,,,downloadable_pdf
UPM-Kymmene,Finland,UPM Annual Report 2025 (incl. GRI-referenced Sustainability Statement + IFRS S1/S2 alignment index),https://mb.cision.com/Main/23100/4315173/3963782.pdf,,Explicitly reports per GRI Standards alongside CSRD Sustainability Statement - strong candidate.,downloadable_pdf
Stora Enso,Finland,Stora Enso Annual Report 2025 (incl. CSRD-aligned Sustainability Statement),https://www.storaenso.com/-/media/documents/download-center/documents/annual-reports/2025/storaenso_annual_report_2025.pdf,,,downloadable_pdf
Wartsila,Finland,Wartsila Annual Report 2025 (Sustainability reporting per GRI Standards),https://www.wartsila.com/investors/reports-presentations/annual-report,,Explicitly states sustainability data prepared per GRI Standards. No single direct 2025 PDF URL confirmed via search; get exact file from this landing page.,webpage_landing_page
Sampo Group,Finland,Sampo Group 2025 Annual Report (ESRS-aligned sustainability disclosure) + Sustainability Factbook 2025,https://www.sampo.com/investors/annual-reporting,https://www.sampo.com/globalassets/investors/quarterly-reporting/2025/q4/sustainability-factbook-2025.pdf,Sustainability Factbook 2025 is a confirmed direct PDF; the main annual report/ESEF filing landing page did not yield one single confirmed direct PDF via search.,webpage_landing_page
Nordea Bank,Finland,Nordea Annual Report 2025 (incl. Sustainability Statement),https://www.nordea.com/en/doc/nordea-annual-report-2025.pdf,,,downloadable_pdf
Metso,Finland,Metso GRI Content Index 2025 (standalone) + Sustainability Statement 2025 + Annual Report 2025,https://www.metso.com/globalassets/investors/reports/2025/metso_gri_content_index_2025.pdf,https://www.metso.com/globalassets/investors/reports/2025/metso-sustainability-statement-2025.pdf;https://www.metso.com/globalassets/investors/reports/2025/metso-annual-report-2025.pdf,"STRONG candidate: Metso publishes an explicit standalone GRI Content Index PDF for 2025, separate from its CSRD Sustainability Statement.",downloadable_pdf
CRH,Ireland,CRH 2025 Sustainability Performance Report (21st edition),https://www.crh.com/wp-content/uploads/2026/03/crh-2025-sustainability-performance-report_final_interactive.pdf,,"CRH voluntarily adopts GRI Standards alongside TCFD; standalone sustainability report, not just embedded in Annual Report.",downloadable_pdf
Ryanair,Ireland,Ryanair Sustainability Statement 2025 (PwC limited assurance) + 2025 Annual Report,https://corporate.ryanair.com/wp-content/uploads/2025/09/Ryanair-Sustainability-Report-2025.pdf,https://investor.ryanair.com/wp-content/uploads/2025/05/Ryanair-2025-Annual-Report.pdf,,downloadable_pdf
Kerry Group,Ireland,Kerry Group Sustainability Statement 2025 (standalone) + full Annual Report 2025,https://www.kerry.com/annual-report/assets/pdfs/KGAR25_SustainabilityStatements.pdf,https://www.kerry.com/annual-report/assets/pdfs/KGAR25_FullReport.pdf,,downloadable_pdf
Smurfit Westrock,Ireland,Smurfit Westrock Sustainability Report 2025 + standalone GRI Index Supplement 2025,https://www.smurfitwestrock.com/-/m/files/publications---global/sr-2025-downloads/smurfit_westrock_sustainability_report_2025.pdf,https://www.smurfitwestrock.com/-/m/files/publications---global/sr-2025-downloads/swsr2025_gri.pdf,STRONG candidate: dedicated standalone GRI Index PDF confirmed (swsr2025_gri.pdf).,downloadable_pdf
Bank of Ireland,Ireland,Bank of Ireland Annual Report 2025 (Sustainability statement pp. 112-222),https://www.annualreports.com/Company/bank-of-ireland-group-plc,,No single confirmed direct-host PDF URL via search; use AnnualReports.com mirror or investorrelations.bankofireland.com landing page.,webpage_landing_page
AIB Group,Ireland,AIB Group Sustainability Disclosures Tables 2025 (incl. GRI Content Index) + Social Impact Report 2024-2025,https://aib.ie/content/dam/frontdoor/investorrelations/docs/resultscentre/annualreport/2025/sustainability-disclosures-tables-2025.pdf,https://www.aib.ie/content/dam/frontdoor/sustainability/impact-report-2024-2025.pdf,"STRONG candidate: dedicated GRI Content Index confirmed within the Sustainability Disclosures Tables PDF, referencing GRI Standards for the full FY2025 period.",downloadable_pdf
Kingspan Group,Ireland,Kingspan Group Annual Report & Financial Statements 2025 (incl. CSRD Sustainability Statement),https://annual-report.kingspan.com/wp-content/uploads/2026/03/KS_AR25_Web.pdf,,,downloadable_pdf
Glanbia,Ireland,Glanbia Sustainability Report (within 2025 Annual Report) + full Annual Report 2025,https://www.glanbia.com/sites/glanbia-plc/files/glanbia/investors/annual-report/2026/Sustainability-Report.pdf,https://www.glanbia.com/sites/glanbia-plc/files/glanbia/investors/annual-report/2026/Glanbia-Annual-Report-2025.pdf,Standalone 2024 Sustainability Report (with GRI Index appendix) also available; 2025 disclosures moved into the Annual Report's Sustainability-Report.pdf section.,downloadable_pdf
EDP - Energias de Portugal,Portugal,EDP Integrated Annual Report 2025,https://www.edp.com/sites/default/files/document/2025-04/210x297_RC20_EDP_EN_0.pdf,,"URL found may be a template/prior-year path; if it 404s, use edp.com/en/responsible-action/transparency-and-reports/reports landing page. Submitted to CMVM March 2026.",downloadable_pdf
Galp Energia,Portugal,Galp Integrated Management Report 2025 + standalone Sustainability Standards Report (GRI/SASB/WEF/TCFD) 2025,https://www.galp.com/corp/Portals/0/Recursos/Investidores/IMR2025/AnnualIntegratedReport2025.pdf,https://www.galp.com/corp/Portals/0/Recursos/Sustentabilidade/SharedResources/Documents/2025/Sustainability_Standards_GRI_SASB_WEF_TCFD_2025.pdf,STRONG candidate: dedicated standalone GRI-referencing Sustainability Standards Report confirmed for 2025.,downloadable_pdf
Jeronimo Martins,Portugal,Jeronimo Martins Annual Report 2025,https://reports.jeronimomartins.com/annual-report/2025/services/downloads.html,,No single direct PDF URL confirmed via search; get exact file from this downloads page.,webpage_landing_page
Sonae,Portugal,Sonae Integrated Annual Report 2025 + standalone Sustainability Statement chapter,https://www.sonae.pt/fotos/ag/sonae_annual_report_2025_166803663469cd5fe84d351.pdf,https://www.sonae.pt/fotos/dados_fin/ar25_en_chap_4_sustainability_statement_10473420916a228e7464070.pdf,"Sustainability Statement is Chapter 4, also available as a standalone extracted PDF.",downloadable_pdf
Millennium bcp,Portugal,Millennium bcp Annual Report 2025 (Sustainability Master Plan),https://ind.millenniumbcp.pt/en/Institucional/investidores/Pages/RelatorioContas.aspx,,No single direct 2025 PDF URL confirmed via search; get exact file from this landing page.,webpage_landing_page
CTT Correios de Portugal,Portugal,CTT Annual Report 2025 / Capital Markets Day 2025 materials,https://www.ctt.pt,,No single direct 2025 annual/sustainability report PDF confirmed via search; check investor relations section of ctt.pt for the exact file.,webpage_landing_page
REN - Redes Energeticas Nacionais,Portugal,REN Green Finance Report 2025 (full Annual/Sustainability Report PDF not separately confirmed),https://www.ren.pt/media/nespxqet/green-finance-report-2025-ren.pdf,,This confirmed PDF covers environmental/green-finance commitments specifically; for the broader Annual Report check ren.pt/en-gb landing page.,downloadable_pdf
Navigator Company,Portugal,The Navigator Company Annual Report 2025 (incl. sustainability),https://thenavigatorcompany.com/en/sustainability/annual-report/,,"Caution: a 'Sustainability Report 2025' PDF surfaced in search (s202.q4cdn.com/342904853/...) appears to belong to Navigator Gas/Navigator Holdings, a different shipping company - NOT Navigator Company Portugal (thenavigatorcompany.com). Use this landing page and verify before pulling any PDF.",webpage_landing_page
HELLENiQ ENERGY,Greece,HELLENiQ ENERGY Sustainability Statement 2025 (2nd year under CSRD) + Annual Financial Report 2025,https://www.helleniqenergy.com/sites/default/files/2026-05/he_sustainability-report_en.pdf,https://www.helleniqenergy.com/sites/default/files/2026-02/helleniq-energy_2025-annual-financial-report-en.pdf,,downloadable_pdf
OTE - Hellenic Telecommunications,Greece,OTE Group 2025 Fourth Quarter and Full Year Results (financial; standalone sustainability PDF not confirmed),https://athens.euronext.com/sites/default/files/hermes_3/2026-02/en/582a4043-e3f7-4e35-aa40-43e3f73e354d/99_1001_2026_English_2.pdf,,Only financial-results PDF confirmed via search; sustainability content mirrors parent Deutsche Telekom's priorities. Check ote.gr or telekom.com/en/corporate-responsibility for a dedicated sustainability statement.,downloadable_pdf
Public Power Corporation (PPC),Greece,PPC Group Annual Report 2025 + Annual Financial Report 2025,https://www.ppcgroup.com/media/lbtnw42q/annual-report-2025.pdf,https://www.ppcgroup.com/media/sjqfqosg/annual-financial-report-2025.pdf,First standalone ESRS/CSRD-aligned Sustainability Report was published for FY2024 (March 2025); check ppcgroup.com/en/sustainable-development/sustainability-reports for a FY2025 update.,downloadable_pdf
Piraeus Financial Holdings,Greece,Piraeus Group Sustainability Statement 2025 (standalone) + Sustainability Blueprint Oct 2025,https://www.piraeusgroup.gr/-/jssmedia/Com/2025/Files/Investors/Financials/Annual-Reports/Piraeus_Group_Sustainability_Statement_2025.pdf,https://www.piraeusholdings.gr/-/jssmedia/Project/Piraeus/PiraeusBank/shared/Files/Holdings/enhmerwsh-ependytwn/sustainability-blueprint/2025/PB_Blueprint_311025.pdf,"STRONG candidate: dedicated standalone Sustainability Statement 2025 PDF confirmed, now consolidated at Group level.",downloadable_pdf
National Bank of Greece,Greece,NBG Group & Bank Annual Financial Report 2025 (incl. ESG/sustainability disclosures),https://www.nbg.gr/-/jssmedia/Files/Group/enhmerwsh-ependutwn/Annual_Financial_Reports/Annual-Financial-Report-2025-EN.pdf,,,downloadable_pdf
Eurobank Ergasias,Greece,Eurobank Annual Financial Report 2025 (Sustainability Statement) + prior-year Annual Report 2024 Business & Sustainability (GRI Standards + AA1000),https://www.eurobank.gr/-/media/eurobank/omilos/enimerosi-ependuton/enimerosi-metoxon-eurobank/oikonomika-apotelesmata/2026/fy-2025/en-annual-report-eurobank-2025.pdf,https://www.eurobank.gr/-/media/holding/omilos/annual-reports/etisios-apologismos-2024/annual-report-2024.pdf,The 2024 edition explicitly follows GRI Standards + AA1000 AccountAbility Principles; confirm whether the 2025 edition retains explicit GRI referencing alongside ESRS.,downloadable_pdf
Motor Oil Hellas,Greece,Motor Oil Hellas Full Year Financial Report 2025 (incl. sustainability per Article 154A) + ATHEX ESG Index FY2024,https://www.moh.gr/wp-content/uploads/2026/03/Full-Year-Financial-Report-2025-2.pdf,https://www.moh.gr/wp-content/uploads/2025/10/Athex-ESG-Index-Final-30_10_2025.pdf,A standalone 'Corporate Sustainability Report' existed for 2023; a 2025 standalone edition was not separately confirmed via search - the FY2025 financial report is the best current source.,downloadable_pdf
CEZ Group,Czech Republic,CEZ Group 2025 Annual Financial Report (incl. ESRS/CSRD Sustainability Report),https://www.cez.cz/webpublic/file/edee/ospol/fileexport/investori/vz-2025/cez-group-annual-financial-report-2025.pdf,,,downloadable_pdf
Komercni banka,Czech Republic,Komercni banka Annual Financial Report 2025 (Sustainability statement integrated since 2024),https://www.kb.cz/getmedia/d2c6493b-5685-4380-b5b3-d21b575c734e/AR25_KB_EN.pdf,,,downloadable_pdf
MONETA Money Bank,Czech Republic,MONETA Money Bank Annual Financial Report 2025 + 'Sustainability at MONETA' report,http://carbonaccountingfinancials.com/files/institutions_downloads/mmb-annual-financial-report-2025-en.pdf,,Direct PDF is hosted on a third-party mirror (carbonaccountingfinancials.com); primary source is investors.moneta.cz/corporate-documents - verify there if this link is stale.,downloadable_pdf
Skoda Auto,Czech Republic,"Skoda Auto Annual Report 2025 (1st year incl. Sustainability Statement, GRI-aligned since 2007)",https://reporting.skoda-auto.com/sustainability-reports,,No single direct 2025 PDF URL confirmed via search; get exact file from this reporting microsite. Received ESG Transparency Award for 2024 report.,webpage_landing_page
Kofola CeskoSlovensko,Czech Republic,Kofola CeskoSlovensko Consolidated and Standalone Annual Report 2025 (incl. EY-assured ESRS Sustainability Statement),https://investor.kofola.cz/en/investor-2/reports-and-presentations/financial-reports,,No single direct 2025 PDF URL confirmed via search; get exact file from this landing page.,webpage_landing_page
Ceska sporitelna,Czech Republic,Ceska sporitelna Annual Report 2024 (Consolidated Sustainability Statement pp. 395-625); 2025 edition not yet confirmed via search,https://www.csas.cz/banka/content/inet/internet/en/annual_report_2024.pdf,,Most recent directly-confirmed PDF is the 2024 edition; check csas.cz/en/about-us/esg for a 2025 update.,downloadable_pdf
OMV Petrom,Romania,OMV Petrom Group Annual Report 2025 (incl. Sustainability Statement),https://www.omvpetrom.com/downloads/2026/03/e0251a63-1730-6394-65f3-2b7e7f0bb721/10%20Annual%20Report%20OMV%20Petrom%20Group%202025.pdf,,"Sustainability info consolidated into Annual Report since 2024, prepared per GRI Standards historically then transitioned to ESRS.",downloadable_pdf
Banca Transilvania,Romania,Banca Transilvania Financial Group Sustainability Report 2025 (2nd year under CSRD/ESRS) + Sustainability Statement appendix,https://www.bancatransilvania.ro/files/app/media/Investor-Relations/Environmental-Social-Governance/Reports/2025/Sustainability-Report.pdf,https://www.bancatransilvania.ro/files/app/media/Investor-Relations/General-Shareholders-Meeting/2026/Consolidated-Separate-Financial-Statements-December-31-2025/Appendix-1-sustainability-statement.pdf,STRONG candidate: dedicated standalone Sustainability Report 2025 PDF confirmed.,downloadable_pdf
Electrica,Romania,Electrica Group Directors' Report for 2025 (incl. sustainability) + Sustainability Audit Report 2025,https://www.electrica.ro/wp-content/uploads/2026/04/ELSA_EN_AGOA_OGMS_3.3_2025_Directors_Report_IFRS_searchable_27Mar2026.pdf,https://www.electrica.ro/wp-content/uploads/2026/03/ELSA_EN_AGOA_OGMS_2.6_2025_Sustainability_Audit_Report_27Mar2026.pdf.pdf,New Sustainability Strategy 2025-2030 approved Dec 2024; externally audited Sustainability Audit Report confirmed for 2025.,downloadable_pdf
Romgaz,Romania,"Romgaz Group Consolidated Sustainability Statement (most recent confirmed: 2024, per EU Directive 2013/34 and ESRS)",https://www.romgaz.ro/en/rapoarte-de-sustenabilitate,,"2025 edition not yet published/confirmed via search (as of this research, mid-2026); check this reports page for the update. Also see Consolidated Board of Directors' Report 2025 at romgaz.ro/sites/default/files/2026-03/Annual%20Report%202025_1.pdf for financial-report-embedded content.",webpage_landing_page
BRD - Groupe Societe Generale,Romania,BRD Groupe Societe Generale Board of Directors' Annual Report (sustainability content within Board reports),https://www.brd.ro/en/about-brd/investors-and-shareholders/financial-information/financial-results,,No standalone 2025 sustainability report PDF confirmed via search (only 2023/2024 Board of Directors' Reports found directly); get exact 2025 file from this landing page.,webpage_landing_page
MOL Group,Hungary,MOL Group Integrated Annual Report 2025 (Sustainability Report integrated; 2024 edition ESRS-audited),https://molgroup.info/storage/documents/publications/annual_reports/2025/mol-2025-integrated-annual-report-eng.pdf,,,downloadable_pdf
OTP Bank,Hungary,"OTP Bank Plc. Integrated Annual Report 2025 (incl. Consolidated Sustainability Statement, GRI-referenced)",https://www.otpgroup.info/static/sw/file/260417_Integrated_report_e_final_064.pdf,,OTP Group's Sustainability Report explicitly complies with GRI Standards alongside ESRS - good candidate.,downloadable_pdf
Gedeon Richter,Hungary,Gedeon Richter Annual Integrated Report 2025 (non-official draft; incl. CSRD sustainability report),https://www.gedeonrichter.com/-/media/sites/hq/documents/sustainability/en/annual_report_2025_non_official_draft.pdf,,Marked 'non-official draft' in the filename - check gedeonrichter.com/en/sustainability for the finalized version once available.,downloadable_pdf
Magyar Telekom,Hungary,"Magyar Telekom Consolidated Sustainability Statement 2025 (integrated with Financial Report, ESRS-aligned, Deloitte limited assurance)",https://www.telekom.hu/rolunk/fenntarthatosag/fenntarthatosagi-jelentesek,,No single direct 2025 PDF URL confirmed via search; get exact file from this reports page (Hungarian: Fenntarthatósági Jelentések).,webpage_landing_page
Wizz Air,Hungary,"Wizz Air Holdings Annual Report and Accounts F25 (financial year ended 31 March 2025, incl. sustainability)",https://www.wizzair.com/cms/api/docs/default-source/downloadable-documents/corporate-website-transfer-documents/annual-reports/wizz-air-holdings-plc---annual-report-and-accounts-f25.pdf,,"A separate standalone 'Annual Sustainability Report' PDF exists for F24 (annual-sustainability-report-f24.pdf); an F25-labeled standalone edition was not directly confirmed via search, likely folded into the Annual Report and Accounts.",downloadable_pdf
ArcelorMittal,Luxembourg,"ArcelorMittal 2025 Sustainability Report: Safer, smarter growth",https://corporate.arcelormittal.com/sustainability/2025-sustainability-report,,"Standalone annual sustainability report (this is their long-running dedicated report series); no single direct PDF URL confirmed via search, get exact file from this landing page.",webpage_landing_page
RTL Group,Luxembourg,"RTL Group first CSRD-compliant sustainability report (published April 2025, covering FY2024)",https://www.rtl.com,,No direct PDF URL confirmed via search; check RTL Group's investor relations site for the exact file.,webpage_landing_page
SES S.A.,Luxembourg,"SES Environmental, Social & Governance Report 2025 (standalone) + Annual Report 2025",https://www.ses.com/sites/ses_v2/files/investor-files/2026-03/SES_AR25_ESG_3MAR26_DEF.pdf,https://www.ses.com/sites/default/files/2026-03/SES_AR25_2MAR26_vs21_web-LR.pdf,Dedicated standalone ESG Report confirmed alongside the Annual Report.,downloadable_pdf
Eurofins Scientific,Luxembourg,"Eurofins Scientific 2025 ESG Report (standalone, published alongside 2025 Annual Report)",https://cdnmedia.eurofins.com/corporate-eurofins/media/phlfgbmr/20260226-eurofins-announces-the-publication-of-its-2025-annual-report-and-2025-esg-report.pdf,,"First year the ESG report was published as a fully standalone document, separate from the Annual Report.",downloadable_pdf
Aperam,Luxembourg,"Aperam Corporate Sustainability Report 2025 (voluntary, CSRD-modeled)",https://www.aperam.com/sites/default/files/documents/Aperam_Corporate_Sustainability_Report_2025.pdf,,STRONG candidate: dedicated standalone sustainability report.,downloadable_pdf
Krka,Slovenia,Krka Annual Report 2025 (CSRD/ESRS sustainability content integrated),https://www.krka.biz/_assets/Annual-report_2025.pdf,,,downloadable_pdf
Petrol Group,Slovenia,Petrol Group Annual Report 2024 (1st audited ESRS sustainability report; 2025 edition pending),https://www.petrol.eu/binaries/content/assets/skupina-petrol-eng/2025/pages/publications/05/petrol-lp-2024-ang-web.pdf,,2025 Annual Report was approved by Supervisory Board per April 2026 press release but a direct PDF wasn't confirmed via search yet; check petrol.eu/publications for the update.,downloadable_pdf
NLB - Nova Ljubljanska Banka,Slovenia,NLB Group Sustainability Report (most recent confirmed direct PDF: 2023 edition; 2025 Annual Report referenced but no direct PDF confirmed),https://www.nlb.si/nlb/nlb-portal/eng/sustainability-new/sustainability-report-2023.pdf,,Check nlbgroup.com/int-en/investor-relations for the current-year sustainability report.,downloadable_pdf
INA - Industrija Nafte,Croatia,"INA Annual Financial Report 2025 (most recent confirmed Integrated Report is FY2024, published March 2025)",https://www.ina.hr/app/uploads/2025/03/INA-Annual-Financial-Report-2025.pdf,,"Full sustainability/ESG collection (38 reports, 2002-2025) hosted at sustainabilityreports.com/ina-industrija-nafte.",downloadable_pdf
Hrvatski Telekom,Croatia,Hrvatski Telekom Annual Report 2025 (5x Croatian Sustainability Index awardee; standalone sustainability PDF last confirmed for 2022),https://static.hrvatskitelekom.hr/webresources/tht/pdf/investitori/izvjesca/ANNUAL_REPORT_ENG_2025.pdf,,A dedicated standalone 2025 Sustainability Report was not confirmed via search; sustainability content likely integrated into this Annual Report.,downloadable_pdf
Zagrebacka banka,Croatia,Zagrebacka banka Annual Report 2024 (incl. Sustainability Statement); 2025 edition pending KPMG assurance,https://db.srnav.com/storage/v1/object/public/document-pdfs/e812171e-d943-44cb-8113-d84be25714d2.pdf,,KPMG Croatia was only appointed to assure the 2025 Sustainability Report as of May 2025 - the 2025 edition itself was not yet published/confirmed via search.,downloadable_pdf
Slovnaft,Slovakia,Slovnaft Annual Report (most recent confirmed direct PDF: 2023 edition),https://slovnaft.sk/en/about-us/our-company/financial-reports/annual-reports/,,No 2025 edition confirmed via search; get current file from this landing page. Part of MOL Group.,webpage_landing_page
VUB banka,Slovakia,VUB Bank Consolidated Sustainability Report 2024 (standalone) + Annual Report 2024; from FY2025 sustainability is integrated into the Annual Report per CSRD,https://www.vub.sk/document/documents/VUB/sprava-o-udrzatelnosti/Sustainability-Report-2024.pdf,https://www.vub.sk/document/documents/VUB/kryte-dlhopisy-vub/financne-informacie/EN/ar_2024.pdf,"STRONG candidate: dedicated standalone Sustainability Report PDF confirmed for 2024. 2025 Annual Report (incl. sustainability) also confirmed to exist per Intesa Sanpaolo group filings, published April 2026 - check vub.sk landing page for exact 2025 PDF.",downloadable_pdf
Tatra banka,Slovakia,Tatra banka Sustainability Report (1st edition: 2023; 2025 edition not confirmed via search),https://www.tatrabanka.sk/premodruplanetu/en/sustainability-report/,,Member of Raiffeisen Bank International Group; check this landing page for the current-year report.,webpage_landing_page
Sopharma,Bulgaria,Sopharma AD Annual Consolidated Financial Report 2025 (standalone sustainability report not confirmed),https://www.sopharmagroup.com/en/investor/financial-reports,,"No dedicated sustainability/ESG report PDF confirmed via search; only financial reports found. Get exact file from this landing page, or note as likely 'no GRI index found' if none exists.",webpage_landing_page
Bulgarian Energy Holding,Bulgaria,Bulgarian Energy Holding Financial Reports (standalone sustainability report not confirmed),https://bgenh.com/en/page/55/Financial-reports.html,,State-owned holding; a Decarbonisation Plan was prepared with EIB but no standalone sustainability report PDF confirmed via search.,webpage_landing_page
DSK Bank,Bulgaria,DSK Bank Separate and Consolidated Financial Statements 2025 (standalone sustainability report not confirmed),https://dskbank.bg/docs/default-source/%D0%B4%D0%BE%D0%BA%D1%83%D0%BC%D0%B5%D0%BD%D1%82%D0%B8/%D1%84%D0%B8%D0%BD%D0%B0%D0%BD%D1%81%D0%BE%D0%B2%D0%B0-%D0%B8%D0%BD%D1%84%D0%BE%D1%80%D0%BC%D0%B0%D1%86%D0%B8%D1%8F-%D0%B7%D0%B0-%D0%B1%D0%B0%D0%BD%D0%BA%D0%B0-%D0%B4%D1%81%D0%BA/2025/dsk-bank-separate-and-consolidated-financial-statements-2025.pdf,,Part of OTP Group (Hungary); community/CSR content described on dskbank.bg but no dedicated sustainability report PDF confirmed via search.,downloadable_pdf
Ignitis Group,Lithuania,Ignitis Group Integrated Annual Report 2025 (Sustainability section starting page 158),https://nasdaqbaltic.com/market/upload/reports/ign/2025_yb_en_eur.pdf,,,downloadable_pdf
Siauliu Bankas,Lithuania,Siauliu Bankas Annual Report / Financial Statements (Sustainability Report forms part of financial statements),https://www.sb.lt/en/investors/financial-info/siauliu-bankas-ab-and-the-groups-financial-statements,,No single direct 2025 PDF URL confirmed via search; get exact file from this landing page. Now operates under 'Artea' brand (artea.lt).,webpage_landing_page
Latvenergo,Latvia,Latvenergo Group Consolidated Annual Report 2025 (incl. Sustainability Statement per Law on Sustainability Disclosures),https://latvenergo.lv/storage/app/media/uploaded-files/LE_Prezentacija_2024_EN.pdf,,No single direct 2025 PDF URL confirmed via search (only a 2024 presentation deck found directly); get exact file from latvenergo.lv investor relations.,webpage_landing_page
airBaltic,Latvia,airBaltic Annual Report 2025 (incl. Sustainability Statement),https://assets.airbaltic.com/f/236210/x/201b60f675/air-baltic-corporation-as-annual-report-2025.pdf,,,downloadable_pdf
Eesti Energia (Enefit),Estonia,Eesti Energia Annual Report 2025 (incl. sustainability),https://public-docs.enefit.com/ettevottest/investorile/eesti-energia-2025-final-en.pdf,,"Group restructured into Enefit (electricity), Enefit Industry, and Elektrilevi (distribution) subsidiaries starting 2026.",downloadable_pdf
Tallink Grupp,Estonia,"Tallink Grupp Consolidated Sustainability Statement 2025 (standalone, CSRD/ESRS/EU Taxonomy) + Annual Report 2025",https://image.tallink.com/image/upload/grupp/documents/sustainability-reports/Tallink-Grupp-Sustainability-Report-2025-ENG.pdf,https://nasdaqbaltic.com/market/upload/reports/tal/2025_ar_en_eur_con.pdf,STRONG candidate: dedicated standalone Sustainability Statement 2025 PDF confirmed.,downloadable_pdf
Bank of Valletta,Malta,Bank of Valletta Annual Report FY2025 (sustainability integrated into financial reports; Climate Transition Plan under CSRD in progress),https://www.bov.com/meta/downloads/bov-interim-report-2025,,No standalone sustainability report PDF confirmed via search; get exact Annual Report FY2025 file from bov.com.,webpage_landing_page
Bank of Cyprus,Cyprus,"Bank of Cyprus Sustainability Report (most recent confirmed direct PDF: 2023 edition, 'Leading the transition of Cyprus')",https://www.bankofcyprus.com/en-gb/group/sustainability/disclosures/sustainability-reports/,,2025 edition not directly confirmed via search; get current file from this disclosures page.,webpage_landing_page
Deutsche Lufthansa,Germany,"Lufthansa Airlines Environmental Statement (2026 issue, reporting year 2025) + Lufthansa Group Sustainability Fact Sheet 2025",https://www.lufthansa.com/content/dam/lh/documents/sustainability/2026_Environmental-Statement%20LufthansaAirlines_en.pdf,https://www.lufthansagroup.com/media/downloads/en/responsibility/LHG-Factsheet-Sustainability-2025.pdf,Non-financial declaration is also in the Annual Report; these are the dedicated standalone sustainability documents.,downloadable_pdf
Zalando,Germany,Zalando SE Full CSRD/ESRS Report 2025 (Annual Report),https://corporate.zalando.com/sites/default/files/media-download/zalando-se_en_full-csrd-esrs-report_annual-report_2025.pdf,,,downloadable_pdf
Hannover Re,Germany,Hannover Re Group Annual Report 2025 (incl. ESRS sustainability statement),https://assets.hannover-re.com/asset/533267266226/document_vm5644i6q91ol8khnekpbcrt3s/2025_GBKonzern_e.pdf,,,downloadable_pdf
Daimler Truck,Germany,Daimler Truck Sustainability Progress 2025 + ESG Factbook FY2025 (Sustainability Report also pp.71-157 of Integrated Annual Report),https://www.daimlertruck.com/fileadmin/user_upload/bilder/newsroom/stories/2026/Nachhaltigkeitsbericht_2025/Downloads/20260316_DT_Sustainability_Progress_EN.pdf,https://www.daimlertruck.com/fileadmin/user_upload/documents/sustainability/Daimler_Truck_ESG_Factbook_FY_2025.pdf,,downloadable_pdf
Symrise,Germany,Symrise Corporate Report 2025 / Group Management Report (incl. ESRS sustainability content),https://symrise.com/corporatereport/2025/home/Symrise_GB25_Lagebericht_EN_geschuetzt.pdf,,,downloadable_pdf
Brenntag,Germany,Brenntag Group Sustainability Statement 2025 (standalone extract) + full Annual Report 2025,https://brenntagprod-media.e-spirit.cloud/06432017-be1f-41ce-8d1d-564e2a66d213/documents/corporate/investor-relations/2025/annual-report-2025/brenntag_ar2025_group-sustainability-statement_en.pdf,https://brenntagprod-media.e-spirit.cloud/06432017-be1f-41ce-8d1d-564e2a66d213/documents/corporate/investor-relations/2025/annual-report-2025/brenntag_annual-report-2025_en.pdf,Voluntarily applies ESRS as framework.,downloadable_pdf
Evonik Industries,Germany,Evonik Sustainability Report 2025 (standalone) + Financial and Sustainability Report 2025,https://www.evonik.com/content/dam/evonik/documents/Evonik_Sustainability_Report_2025.pdf.coredownload.pdf,https://www.evonik.com/content/dam/evonik/documents/Evonik_Financial_and_Sustainability_Report_2025.pdf,Won 'Best CSRD Report in the MDAX' Building Public Trust Award 2025.,downloadable_pdf
Rheinmetall,Germany,"Rheinmetall Annual Report (Group Sustainability Statement, p.91-92); labeled 2024 report published March 2025 - verify against most current filing",https://www.rheinmetall.com/Rheinmetall%20Group/Investor%20Relations/Ver%C3%B6ffentlichungen/Pr%C3%A4sentationen%20und%20Berichte/2025/GB/Rheinmetall-Annual-Report-2024.pdf,,URL/labeling ambiguity in search results between fiscal year and publication year - confirm the exact reporting period inside the PDF before using. ESG Factbook also available at rheinmetall.com/en/responsibility/esg-reporting.,downloadable_pdf
Porsche AG,Germany,Porsche AG Annual and Sustainability Report 2025 + ESG Addendum 2025,https://newsroom.porsche.com/dam/jcr:e0c23117-3217-45ff-977b-6b2988a11297/Annual_and_Sustainability_Report_2025_Porsche_AG.pdf,https://newsroom.porsche.com/dam/jcr:bceb4baf-5e2d-4393-a20f-a838174bb558/ESG_Addendum_2025_Porsche_AG_EN.pdf,Only the German-language PDF is legally binding per Porsche; this is the English version.,downloadable_pdf
Talanx,Germany,Talanx Group Annual Report 2025 (2nd year under CSRD/ESRS),https://www.talanx.com/media/files/investor-relations/pdf/ergebnisse/2025/fy/2025_tx_konzern_en.pdf,,,downloadable_pdf
Orange S.A.,France,Orange S.A. 2024-2025 Integrated Annual Report (incl. Universal Registration Document sustainability data),https://rai.orange.com/wp-content/uploads/sites/54/2025/06/integrated-annual-report-2024-2025.pdf,,Achieved most non-financial targets a year ahead of schedule; reviewed by AMF under CSRD.,downloadable_pdf
Dassault Systemes,France,Dassault Systemes 2025 Universal Registration Document (incl. Sustainability Report) + first standalone Impact Report (Aug 2026),https://www.vanslingerlandt.com/wp-content/uploads/2026/04/3DS_2025-URD_31-03-26.pdf-dassault-S.pdf,,Mirror/third-party host for the URD; primary source is investor.3ds.com. First-ever standalone Impact Report published separately in Aug 2026.,downloadable_pdf
Legrand,France,"Legrand Integrated Report 2025 (1st year of 2025-2027 CSR roadmap, 110% target achievement rate)",https://www.legrand.com/sites/default/files/Documents_PDF_Legrand/Finance/2026/autre/RI/LEGRAND_INTEGRATED%20REPORT_2025_EN_1776242449.pdf,,,downloadable_pdf
Bouygues,France,Bouygues 2025 Universal Registration Document (Sustainability Statement in Chapter 3),https://www.bouygues.com/app/uploads/2025/11/bouygues_deu_2025_uk_web.pdf,,,downloadable_pdf
Carrefour,France,Carrefour Sustainability Statement 2025 (standalone extract) + Universal Registration Document 2025,https://www.carrefour.com/sites/default/files/2026-03/Etat%20de%20durabilite%CC%81%20Carrefour%202025_0.pdf,https://www.carrefour.com/sites/default/files/2026-04/CFR2025_URD_EN_PDF_MEL_270326_0.pdf,"STRONG candidate: dedicated standalone Sustainability Statement PDF confirmed, CSRD-compliant.",downloadable_pdf
Thales,France,"Thales CSR Integrated Report 2025 (6.83MB, published May 2026) + Universal Registration Document 2025 (14.91MB, published Apr 2026)",https://www.thalesgroup.com/en/sustainability-thales/reports-and-data,,No single direct PDF URL confirmed via search (session-based download links); get exact files from this reports-and-data page.,webpage_landing_page
Safran,France,Safran 2025 Integrated Report (first-ever standalone Sustainability Report also published for 2025),https://www.safran-group.com/download/media/450817,,,downloadable_pdf
Edenred,France,"Edenred 2025 Universal Registration Document (incl. sustainability report, filed with AMF March 2026)",https://www.edenred.com/en/group/our-publications,,No single direct PDF URL confirmed via search; get exact file from this publications page.,webpage_landing_page
Snam,Italy,"Snam Annual Report 2025 (incl. Sustainability Report per Italian Legislative Decree 125/2024, CSRD-aligned) + Sustainable Finance Annual Report 2025",https://www.snam.it/content/dam/snam/pages-attachments-search/en/documenti/bilanci-annuali/2025/annual_report_2025.pdf,https://www.snam.it/content/dam/snam/pages-attachments/it/investor-relations/documents/sustainable-finance/2025/Sustainable_Finance_Annual_Report_2025.pdf,,downloadable_pdf
Terna,Italy,Terna 2025 Annual Report (Consolidated Sustainability Statement as separate section),https://www.terna-reports.it/2025/en,,Published as an interactive digital report rather than a single static PDF; check this platform for a PDF export option.,webpage_landing_page
Mediobanca,Italy,"Mediobanca first Consolidated Sustainability Report (FY ended 30 June 2025, CSRD) + ESG Profile 2025",https://www.mediobanca.com/static/upload_new/csr/csrd_eng.pdf,https://www.mediobanca.com/static/upload_new/esg/esg-profile.pdf,STRONG candidate: dedicated standalone sustainability/CSRD report confirmed.,downloadable_pdf
Banco BPM,Italy,Banco BPM Sustainability Statement 2025 (standalone),https://gruppo.bancobpm.it/media/dlm_uploads/BancoBPM_Sustainability_Statement_2025.pdf,,STRONG candidate: dedicated standalone Sustainability Statement PDF confirmed.,downloadable_pdf
Recordati,Italy,Recordati Annual Report 2025 (Consolidated Sustainability Statement included),https://annualreport.recordati.com/wp-content/uploads/2026/04/ANNUAL-REPORT-2025_260429.pdf,,,downloadable_pdf
Campari Group,Italy,Campari Group Annual Report for the year ended 31 December 2025 (incl. sustainability),https://www.camparigroup.com/sites/default/files/downloads/01.1%20Campari%20Group_Annual%20Report%20for%20the%20year%20ended%2031%20December%202025_0.pdf,,,downloadable_pdf
Pirelli,Italy,Pirelli Annual Report 2025 (incl. CSRD Sustainability Statement; ranked Top 1% in 2025 Sustainability Yearbook),https://corp-assets.pirelli.com/corporate/Annual_Report_Pirelli_2025_ENG.pdf,,,downloadable_pdf
Tenaris,Luxembourg,Tenaris 2025 Annual Report (incl. Sustainability Statement executive summary),https://www.sec.gov/Archives/edgar/data/1190723/000117184326002101/exh_991.pdf,,SEC-filed Form 20-F exhibit (Tenaris is dual-listed/NYSE); also available via ir.tenaris.com and Luxembourg Stock Exchange (bourse.lu).,downloadable_pdf
Naturgy,Spain,Naturgy Sustainability Report 2025 / Consolidated Non-Financial Information Statement,https://www.naturgy.com/en/sustainability/sustainability-reports/,,No single direct 2025 PDF URL confirmed via search; get exact file from this reports page.,webpage_landing_page
ACS Group,Spain,Grupo ACS Integrated Report 2025 (incl. NFIS and Sustainability Report),https://www.grupoacs.com/en/shareholders-investors/annual-report,,No single direct 2025 PDF URL confirmed via search; get exact file from this landing page. Note: distinct from the unrelated UK-based 'ACS Group' (acsgroup.co.uk) that also publishes a 2025 sustainability report - do not confuse the two.,webpage_landing_page
Ferrovial,Spain,"Ferrovial SE Integrated Annual Report 2025 (Statement of consolidated non-financial and sustainability information, ESRS-compliant)",https://informeanualintegrado2025.ferrovial.com/en/,,Confirmed PDF also at static-iai.ferrovial.com (2024 edition); use this microsite for the current 2025 PDF.,downloadable_pdf
Grifols,Spain,"Grifols 2025 Integrated and Sustainability Annual Report (CSRD, Spanish Law 11/2018, GRI, SASB)",https://www.grifols.com/en/sustainability-reports,,Explicitly GRI-referenced alongside CSRD/SASB - strong candidate. No single direct PDF URL confirmed via search; get exact file from this page.,webpage_landing_page
Mapfre,Spain,Mapfre Consolidated Non-Financial Information Statement and Sustainability Statement 2025,https://www.mapfre.com/en/sustainability/annual-reports/,,No single direct 2025 PDF URL confirmed via search (2024 edition found directly at 7MB); get exact 2025 file from this page.,webpage_landing_page
Acciona,Spain,"Acciona Sustainability Report 2025 (standalone, explicitly references GRI standards) + Integrated Report 2025",https://www.acciona.com/content/dam/acciona-global/documentos/informes/sustainability-report-2025-acciona.pdf,https://www.acciona.com/content/dam/acciona-global/documentos/informes/2025-acciona-integrated-report.pdf,STRONG candidate: standalone Sustainability Report explicitly states it includes info beyond GRI standards requirements.,downloadable_pdf
Cellnex Telecom,Spain,Cellnex Telecom Integrated Annual Report 2025 (Consolidated Management Report),https://www.cellnex.com/app/uploads/2026/03/Informe-Anual-Integrado-2025_EN_Optimized.pdf,,,downloadable_pdf
Prosus,Netherlands,"Prosus FY2025 Annual Report (1st year CSRD/ESRS, FY2025 GRI content index also referenced) + Environmental Impact Report FY25",https://www.prosus.com/~/media/Files/P/prosus-corp-v2/results-reports-and-events-archive/annual-report/2025/fy2025-annual-report.pdf,https://www.prosus.com/~/media/Files/P/prosus-corp-v2/documents/our-impact/prosus-environmental-impact-report-fy25.pdf,STRONG candidate: FY2025 GRI content index explicitly mentioned alongside ESRS/SASB/TCFD disclosures.,downloadable_pdf
KPN,Netherlands,KPN Integrated Annual Report 2025 (incl. Sustainability Statement),https://annualreport2025.kpn/files/KPN-integrated-annual-report-2025.pdf,,,downloadable_pdf
Signify,Netherlands,"Signify Annual Report 2025 (concludes 'Brighter Lives, Better World 2025' program)",https://www.signify.com/static/2025/signify-annual-report-2025.pdf,,,downloadable_pdf
Aegon,Netherlands,"Aegon Integrated Annual Report 2025 (Sustainability Report from p.293, CSRD/ESRS limited assurance)",https://www.aegon.com/sites/default/files/file/2026-03/aegon-annual-report-on-form-20-f-2025.pdf,,"Form 20-F filed given US listing; primary Integrated Annual Report PDF link not directly confirmed, this is the SEC-style filing equivalent.",downloadable_pdf
NN Group,Netherlands,NN Group N.V. Annual Report 2025 + standalone Environmental Statement 2025,https://www.nn-group.com/site/binaries/content/assets/nn-group/annual-reports/2025/nn-group-annual-report-2025.pdf,https://www.nn-group.com/site/binaries/content/assets/nn-group/sustainability/nn-group-environmental-statement.pdf,,downloadable_pdf
Universal Music Group,Netherlands,Universal Music Group 2025 Annual Report (incl. sustainability statement; won 'ESG Transparency Award'),https://assets.ctfassets.net/e66ejtqbaazg/7HObJrt5UDQfjjfKYN454B/201bf057190c5ed4ee185b04a34ec095/UMG_2025_Annual_Report.pdf,,,downloadable_pdf
Bank Pekao,Poland,Report on the Activities of Bank Pekao S.A. Group for 2025 (incl. ESG/sustainability report),https://raport-pekao.pl/wp-content/uploads/2026/05/ReportontheActivities_Bank_Pekao_Group_2025.pdf,https://www.pekao.com.pl/esg/,"ESG report published as 'Zrownowazona przyszlosc' (2025 ESG report), prepared per ESRS; direct PDF is the broader activities/annual report which includes the sustainability statement chapter.",downloadable_pdf
mBank,Poland,Management Board Report on Performance of mBank Group 2025 (incl. sustainability statement),https://www.mbank.pl/pdf/relacje-inwestorskie/raport-roczny/2025/management-board-report.pdf,https://www.mbank.pl/pdf/CSR/mbank-sustainability-standards.pdf,No standalone GRI-branded sustainability report confirmed; ESG/sustainability disclosures are embedded within the annual Management Board Report (ESRS-aligned).,downloadable_pdf
Asseco Poland,Poland,Report on Non-Financial Information of Asseco Poland S.A. and the Asseco Group,https://inwestor.asseco.com/files/investor/uploads/The_Asseco_Poland_S.A._and_the_Asseco_Group_s_report_on_non-financial_information.pdf,https://inwestor.asseco.com/en/reports/financial-reports/2025/,Most recent standalone non-financial information report confirmed as downloadable is for FY2023; a newer edition may exist on the investor relations reports page and should be checked.,downloadable_pdf
Enea,Poland,Sprawozdanie Zarzadu GK Enea 2024 (incl. ESG/sustainability statement),https://raportyzr.pl/wp-content/uploads/2025/09/SPRAWOZDANIE-ROCZNE-ZARZADU-GK-ENEA-2024.pdf,https://raport2024.esg.enea.pl/,"Enea's FY2024 ESG report is published as an interactive web report (raport2024.esg.enea.pl) rather than a standalone PDF; the downloadable PDF here is the Management Board's annual report, which the ESG report is stated to be an integral part of. First edition prepared under CSRD/ESRS.",downloadable_pdf
Tauron Polska Energia,Poland,Sprawozdanie Zarzadu z dzialalnosci TAURON Polska Energia S.A. i GK TAURON za 2024 (incl. sustainability statement),https://raportyzr.pl/wp-content/uploads/2025/09/GKTAURON-SprZarzadu-2024-12-31-0-PL.pdf,https://www.tauron.pl/tauron/o-tauronie/tauron-dla-otoczenia/raport-zrownowazonego-rozwoju,"FY2024 sustainability disclosures prepared for the first time under ESRS/CSRD, embedded as a chapter within the Management Board's annual report rather than a standalone GRI report.",downloadable_pdf
Ciech (Qemetica),Poland,Qemetica (formerly Ciech) Sustainability Report 2023,https://qemetica.com/uploads/esg/raporty/sustainability-report-2023.pdf,https://qemetica.com/en/sustainability/sustainability-strategy,Company renamed from Ciech to Qemetica in 2024. Most recent standalone sustainability report confirmed as downloadable is FY2023; verify whether a FY2024 edition has since been published.,downloadable_pdf
Colruyt Group,Belgium,Colruyt Group Annual Report with Sustainability Reporting 2024/2025,https://issuu.com/colruytgroup/docs/annual_report_with_sustainability_reporting_2024_2,https://www.colruytgroup.com/en/investor-relations/annual-report-with-sustainability-reporting,Sustainability reporting is combined with the financial annual report rather than published as a standalone document; fiscal year runs April-March.,downloadable_pdf
Proximus,Belgium,Proximus Integrated Annual Report 2025 (incl. sustainability statement),https://www.proximus-cdn.com/dam/jcr:44041fd1-b790-497d-b397-cb03869fab27/proximus-integrated-annual-report-2025-v1.1_en.pdf,https://www.proximus.com/annual-report.html,"Sustainability statement (environmental, social, governance information) is embedded within the Integrated Annual Report rather than published standalone.",downloadable_pdf
D'Ieteren Group,Belgium,D'Ieteren Group Annual Report 2025 - Sustainability Statement,https://dieterengroup.imgix.net/press-releases/20260424_Annual-Report_EN.pdf,https://www.dieterengroup.com/non-financial-reporting/,"CSRD-compliant sustainability statements published both group-wide and per business unit (D'Ieteren Automotive, Belron, Moleskine, TVH, D'Ieteren Immo, PHE) as separate PDFs on the non-financial reporting page; limited assurance by KPMG.",downloadable_pdf
Elia Group,Belgium,Elia Group Integrated Annual Report 2025,https://investor.eliagroup.eu/-/media/project/elia/shared/documents/elia-group/publications/annual-reports/2026/en_2025_elia-group.pdf,https://www.elia.be/en/sustainability,"Sustainability report is one section of the combined Integrated Annual Report (Strategic, Sustainability, Governance & Risk, Financial).",downloadable_pdf
bpost (Bnode),Belgium,bpostgroup 2024 Annual Report - Consolidated Annual Accounts,https://bpostgroup.com/sites/default/files/2025-04/9.%20Consolidated_annual_accounts_bpostgroup_2024_ENG.pdf,https://bpostgroup.com/sustainability; https://bpostgroup.com/sites/default/files/2025-04/24099_BPOST_jaarverslag_2024_H5_Governance_ENG.pdf,bpost group has since rebranded to Bnode. CSRD-aligned non-financial statement is embedded within the annual report package rather than published as a standalone sustainability report; verify current entity name and latest report edition before use.,downloadable_pdf
Raiffeisen Bank International,Austria,Raiffeisen Bank International Sustainable Deposits Allocation and Impact Report 2025,https://www.rbinternational.com/content/dam/rbi/ho/corporates/our-solutions/sustainable-solutions/sustainable-deposits-allocation-and-impact-report-rbi-ag-en-final1.pdf.coredownload.pdf,https://www.rbinternational.com/en/raiffeisen/sustainability-esg/sustainability-reports.html; https://www.rbinternational.com/en/investors/results-reports/annual-reports.html,"Since FY2024, consolidated non-financial (ESRS/CSRD) reporting has been folded into the annual report rather than published as a standalone sustainability report.",downloadable_pdf
Wienerberger,Austria,wienerberger Sustainability Statement 2025,https://www.wienerberger.com/content/dam/corp/corporate-website/downloads/investors-downloads/2025/2025-wienerberger-Sustainability-Statement.pdf,https://annualreport.wienerberger.com/2025/_assets/downloads/entire-wb-ar25.pdf,"Standalone ESRS-aligned Sustainability Statement PDF confirmed for 2025, alongside the combined Annual and Sustainability Report.",downloadable_pdf
Andritz,Austria,ANDRITZ Non-Financial Statement 2025,https://www.andritz.com/resource/blob/689224/a0937840e1f353ee5ed2b4f23651dc4e/andritz-non-financial-statement-2025-data.pdf,https://www.andritz.com/resource/blob/689306/6ad9400073c46323b95b1be977870245/andritz-annual-report-2025-data.pdf; https://www.andritz.com/sustainability-en/sustainability-reports,ESRS/CSRD-aligned non-financial statement published as a standalone PDF alongside the annual report.,downloadable_pdf
Mayr-Melnhof Karton,Austria,Mayr-Melnhof Karton AG Annual Financial Report 2025 (incl. Consolidated Sustainability Reporting),https://mm.group/wp-content/uploads/MM-Annual-Financial-Report-2025.pdf,https://mm.group/wp-content/uploads/MM_Annual_Report_2025.pdf,"Consolidated Non-Financial/Sustainability Reporting is embedded within the Annual Financial Report management report, with voluntary independent limited assurance.",downloadable_pdf
Vienna Insurance Group,Austria,Vienna Insurance Group Sustainability Statement 2025,https://group.vig/en/sustainability/downloads/,https://www.annual-report.vig/2025/,"Sustainability Statement (ESRS-aligned since FY2024) is part of the Group Annual Report 2025; downloads page lists both as separate PDFs but a direct file URL could not be confirmed, so the downloads hub is used.",webpage_landing_page
Pandora,Denmark,Pandora Annual Report 2025 (incl. Sustainability Disclosures),https://www.sustainabilityreports.com/pandora/2025/annual-report,https://pandoragroup.com/sustainability/resources/sustainability-reports,"Since reporting year 2024, Pandora publishes combined financial and sustainability reporting rather than a standalone sustainability report.",downloadable_pdf
Tryg,Denmark,Tryg Annual Report 2025 (incl. Sustainability Statement),https://tryg.com/en/downloads-2025,https://tryg.com/en/sustainability/reporting,"CSRD-aligned Sustainability Statement is an integral part of the Annual Report; no standalone sustainability report PDF confirmed, so the downloads hub is used as the source.",webpage_landing_page
Ambu,Denmark,Ambu A/S Annual Report 2024/25 (incl. sustainability disclosures),https://www.ambu.com/Files/Files/Ambu/Financial%20Reports/2024-2025/Ambu-Annual-Report-2024-25.pdf,https://www.ambu.com/about/sustainability/our-work,Fiscal year runs Oct-Sept; sustainability information is included within the combined Annual Report.,downloadable_pdf
Demant,Denmark,Demant A/S Annual Report 2025 (incl. integrated sustainability reporting),https://assets-we.cas.dgs.com/-/media/demant/shared/new-library-2022/financial-reports/annual-report-english/demant-annual-report-2025.pdf?la=en&rev=AE32&hash=F68551D4B2CB09858AD389A748D55FF6,https://www.demant.com/investor-relations/annual-report-2025,"Sustainability reporting has been an integrated part of the Annual Report since FY2024, no longer published standalone.",downloadable_pdf
Flutter Entertainment,Ireland,Flutter Entertainment plc Positive Impact Report 2025,https://flutter.com/media/auxjjb0y/positive-impact-report-2025.pdf,https://flutter.com/media/0mqn25mr/climate-report-2025.pdf; https://flutter.com/media/le5b5mp4/2025-annual-report-and-accounts.pdf,Sustainability framework is the 'Positive Impact Plan'; separate Positive Impact Report and Climate Report published alongside the Annual Report and Accounts.,downloadable_pdf
Greencore Group,Ireland,Greencore Group plc GRI Index 2025,https://www.greencore.com/app/uploads/2025/11/Greencore-GRI-Index-2025-1.pdf,https://www.greencore.com/app/uploads/2025/11/Greencore-Group-plc-Sustainability-Section-of-AR-FY25.pdf; https://www.greencore.com/app/uploads/2025/11/Greencore-Group-plc-Sustainability-Performance-Data-2025.pdf,"Standalone GRI Index PDF confirmed for FY25, alongside the sustainability section extract of the Annual Report and separate performance-data document.",downloadable_pdf
Irish Continental Group,Ireland,Irish Continental Group plc Annual Report YE25 (incl. Sustainability and Climate Change section),https://icg.ie/wp-content/uploads/2026/04/ICG-AR-YE25.pdf,https://icg.ie/about/environment/,Sustainability and Climate Change content is a section (pages 52-57) within the combined Annual Report rather than a standalone report.,downloadable_pdf
DCC plc,Ireland,DCC plc Annual Report and Accounts 2025 - Strategic Report,https://www.dcc.ie/~/media/Files/D/Dcc-Corp-v3/documents/investors/annual-and-sustainability-reports/2025/dcc-ar25-strategic-report.pdf,https://www.dcc.ie/investors/annual-and-sustainability-reports/reports-online-summary-2025,"Combined 'Annual and Sustainability Report' split into multiple PDF sections (strategic report, governance, financial statements, supplementary information); CSRD-aligned, fiscal year to 31 March.",downloadable_pdf
Mota-Engil,Portugal,Mota-Engil Integrated Report 2023 (Relatorio Unico),https://www.mota-engil.com/app/uploads/2025/03/Integrated-Report-2023_vf.pdf,https://www.mota-engil.com/en/sustainability/esg-performance-report/,Most recent standalone Integrated Report confirmed as directly downloadable is FY2023; a newer edition may exist and should be checked via the ESG Performance & Report page.,downloadable_pdf
Semapa,Portugal,Semapa Relatorio do Governo Societario 2025 (Corporate Governance Report),https://www.semapa.pt/en/investors/financial-information/,https://www.semapa.pt/wp-content/uploads/2026/04/SEMAPA_RGS2025_EN_20260430.pdf,No standalone Semapa-level sustainability report PDF confirmed; sustainability activity is primarily reported through subsidiaries Navigator and Secil. Using the investor financial information hub as the source pending a dedicated sustainability report link.,webpage_landing_page
Corticeira Amorim,Portugal,Corticeira Amorim Sustainability Report,https://www.amorimcork.com/xms/files/Relatorios_Sustentabilidade/Sustainability_Report_2023.pdf,https://www.amorim.com/en/sustainability/reports/; https://www.amorim.com/xms/files/Investidores/Comunicados/Allocation_and_Impact_Report_2025_EN_30.04.pdf,"Most recent standalone sustainability report confirmed as downloadable is FY2023 (via Amorim Cork Solutions); a 2025 Sustainable Finance Allocation and Impact Report is also available, and a newer full sustainability report should be checked for.",downloadable_pdf
Titan Cement Group,Greece,TITAN Group Integrated Annual Report 2025,https://www.titanmaterials.com/wp-content/uploads/2026/03/INTEGRATED-ANNUAL-REPORT-2025-EN.pdf,https://www.titanmaterials.com/sustainability/,"Group ESG performance is reported within the combined Integrated Annual Report; individual country subsidiaries (Greece, Kosovo, etc.) also publish their own sustainability reports.",downloadable_pdf
Jumbo S.A.,Greece,Jumbo S.A. Annual Report 2025 (incl. CSRD-aligned Sustainability Report),https://corporate.e-jumbo.gr/uploads/159286/51c9_jumboannualreport_31122025_en.pdf,https://corporate.e-jumbo.gr/en/investor-relations/annual-report/ektheseis-mi-chrimatooikonomikis-pliroforisis/,"Sustainability Report incorporated into the Annual Report per CSRD requirements, not published standalone.",downloadable_pdf
Aegean Airlines,Greece,AEGEAN Annual Report 2024 (incl. sustainability statement per Law 4548/2018 art. 154A),https://en.about.aegeanair.com/-/media/AboutAegean/IR/IR_Annual_Reports/2024/ENG_AEGEAN_ANNUAL_2024_F12.pdf?forceDownload=1,https://en.about.aegeanair.com/corporate-responsibility/csr-report/,Most recent standalone-confirmed downloadable annual report with sustainability statement is FY2024; a FY2025 edition may since have been published and should be checked for.,downloadable_pdf
Waberer's International,Hungary,Waberer's International Nyrt. Separate Business and Sustainability Report 2024,https://www.waberers.com/file/documents/2/2266/wi_standalone_2024_en.pdf,https://www.waberers.com/en/press-room/news/waberers-presents-its-first-sustainability-and-esg-reports-in-line-with-the-csrd-directive.html,First CSRD-compliant sustainability/ESG reports published for FY2024; a 2025 consolidated ESG report is also referenced and should be checked for.,downloadable_pdf
4iG,Hungary,4iG Plc. Sustainability Report 2023,https://www.sustainabilityreports.com/4ig-nyrt/2023/sustainability-report,https://www.4ig.hu/sw/static/file/1_agenda_4iGStandalonereport.pdf,Most recent standalone sustainability report confirmed as downloadable is FY2023; verify for a newer edition on the company's own site.,downloadable_pdf
Masterplast,Hungary,Masterplast Group Financial and Sustainability Report Excerpt 2025,https://bse.hu/newkibdata/129451094/Financial%20and%20sustainability%20report%20excerpt_2025.pdf,https://www.masterplastgroup.com/en/document_folder/esg-report/; https://www.bse.hu/newkibdata/129435217/Masterplast_ENG%20Sustainability_Limited_Assurance_Report_2025.pdf,"Consolidated Sustainability Report for year ended 31 Dec 2025, with a separate limited assurance report also published; filed via the Budapest Stock Exchange disclosure system.",downloadable_pdf
Zwack Unicum,Hungary,Zwack Unicum Plc. Sustainability Report 2024/2025,https://zwackunicum.hu/wp-content/uploads/2025/07/Sustainability_Report_English_2025.pdf,https://zwackunicum.hu/en/fenntarthatosag/,One of the first Hungarian companies to publish sustainability reports (since 2013); consistent standalone annual sustainability report series.,downloadable_pdf
Digi Communications,Romania,Digi Communications N.V. Environmental and Social Responsibility Report 2023,https://www.sustainabilityreports.com/digi-communications/2023/environmental-and-social-responsibility,https://www.digi-communications.ro/en/investor-relations/shares/financial-results-shares/annual-reports-shares,"Prepared per GRI Standard 2021; covers operations across Romania, Spain, Italy, and Portugal.",downloadable_pdf
Transelectrica,Romania,C.N.T.E.E. Transelectrica S.A. Consolidated Sustainability Report 2024,https://sustainabilityreports.com/reports/c-n-t-e-e-transelectrica-sa-2023-sustainability-report-pdf/,https://www.transelectrica.ro/en/web/tel/rapoarte-2024,Historically GRI-aligned reporting (since at least 2018); electricity transmission system operator.,downloadable_pdf
Nuclearelectrica,Romania,S.N. Nuclearelectrica S.A. SNN Group Consolidated Sustainability Report 2024,https://nuclearelectrica.ro/ir/wp-content/uploads/sites/3/2025/05/MACHETAT-SNN-Raport-de-sustenabilitate-2024_EN_20250530_pt-pdf.pdf,https://nuclearelectrica.ro/ir/wp-content/uploads/sites/3/2026/03/SNN_EN_Raport_CA_Anual_2025.pdf,Seventh consecutive sustainability report; CSRD/ESRS scope. State-owned nuclear power operator.,downloadable_pdf
One United Properties,Romania,One United Properties 2023 Sustainability Report,https://www.one.ro/en/investor-relations/2021-sustainability-report.pdf,https://www.one.ro/en/investor-relations,"GRI-standards-based sustainability reports published annually since 2021; direct URL for the FY2023 edition could not be confirmed, using the FY2021 report URL pattern as reference - verify and locate the latest edition via the investor relations page.",webpage_landing_page
CETIN Group,Czech Republic,CETIN Group ESG / Sustainability Report,https://www.cetin.cz/sustainability/documents-for-download,https://www.cetin.cz/documents/d/cetin.cz/konsovz_2024_cetin_eng_signed,"Documents-for-download page hosts multiple PDF reports (information security, environmental, energy, quality, health & safety, governance); no single confirmed direct-file URL for the flagship ESG report, so the download hub is used.",webpage_landing_page
Philip Morris CR,Czech Republic,"Philip Morris CR a.s. Annual Financial Report 2025 (incl. Sustainability Statement, CSRD)",https://www.pmi.com/content/dam/pmicom/markets/czech-republic/docs/2026/eng/03_Annual%20Financial%20Report%202025_eng_unofficial%20PDF%20version.pdf,https://www.pmi.com/sustainability,"Czech subsidiary's CSRD Sustainability Statement is embedded in its own Annual Financial Report, separate from parent PMI's global sustainability reporting.",downloadable_pdf
Colt CZ Group,Czech Republic,Colt CZ Group SE Annual Financial Report 2024 (incl. Sustainability Statement),https://www.coltczgroup.com/en/investors,https://www.coltczgroup.com/en/media/press-releases/colt-cz-group-issues-its-inaugural-sustainability-report,"Firearms/defense manufacturer (formerly Ceska zbrojovka) - do not confuse with Colt Technology Services/'Colt Group', an unrelated UK-based telecoms and data centre company that also publishes a 'Sustainability Report'. Inaugural standalone Sustainability Report covered FY2022/2023; FY2024 sustainability content is within the Annual Financial Report. Direct PDF URL not confirmed, using investor relations page.",webpage_landing_page
O2 Czech Republic,Czech Republic,O2 Czech Republic a.s. ESG Report 2022,https://www.datocms-assets.com/56100/1695030203-20230918_o2_cz_esg_report_2022.pdf,https://www.o2.cz,Most recent standalone ESG report confirmed as downloadable is FY2022; verify for a newer edition given CSRD phase-in.,downloadable_pdf
Investor AB,Sweden,Investor AB Annual Report 2025 (incl. sustainability disclosures),https://www.investorab.com/media/vnwfudoo/eng-annual-report-2025-print.pdf,https://www.investorab.com/investors-media/press-releases/investor-ab-sets-long-term-sustainability-targets-to-further-future-proof-its-operations-and-companies,Sustainability content (Performance/Portfolio/People strategic pillars) embedded within the combined Annual Report.,downloadable_pdf
Epiroc,Sweden,Epiroc Annual and Sustainability Report 2025,https://www.epirocgroup.com/content/dam/epiroc/corporate/documents/quarterly-results-presentations-/2025-yr/Epiroc%20Annual%20and%20Sustainability%20Report_2025.pdf,https://www.epirocgroup.com/en/sustainability/our-sustainability-approach,ESRS (EU 2023/2772)-aligned as incorporated into Swedish law; digital-only combined annual and sustainability report.,downloadable_pdf
NIBE Industrier,Sweden,NIBE Industrier AB Annual Report 2025 (incl. Sustainability Report),https://www.nibegroup.com/download/18.6de1034419d7225b18639e/1776148811225/GB-W-AR25-NIBE.pdf,https://www.nibe.com/sustainability/sustainability-reports-and-policys,"Sustainability report has been integrated into the Annual Report since 2018, not published standalone.",downloadable_pdf
Elisa,Finland,Elisa Annual Report 2025 (incl. Sustainability Statement),https://static.elisa.com/v2/image/2tqybbhjs47b/4X1mA7vtwlpAw693BjgPdy/Elisa_AnnualReport_2025.pdf,https://elisa.com/corporate/sustainability/reporting-and-contact-information/,Board of Directors' report including the Sustainability Statement is part of the combined Annual Report.,downloadable_pdf
Konecranes,Finland,"Konecranes Governance, Sustainability and Financial Review 2025",https://investors.konecranes.com/sites/konecranes/files/Annual_report_2025/governance_sustainability_and_financial_review_2025.pdf,https://investors.konecranes.com/sustainability,"ESRS-aligned Sustainability Statement (CSRD report) published as part of a combined Governance, Sustainability and Financial Review alongside a separate Annual Review.",downloadable_pdf
Orion Corporation,Finland,Orion Corporation Sustainability Report 2025,https://s202.q4cdn.com/321217073/files/doc_downloads/2026/05/2025_Sustainability_Report.pdf,https://www.orion.fi/en/sustainability/,"Note: as of CSRD adoption, the primary sustainability disclosure is now the 'Sustainability Statement' within the Report by the Board of Directors, though a standalone 2025 Sustainability Report PDF was also confirmed.",downloadable_pdf
Telekom Slovenije,Slovenia,Telekom Slovenije Group Annual Report 2024 (incl. sustainability statement),https://www.telekom.si/en/about-us/investor-relations/annual-and-interim-reports,https://www.telekom.si/en/about-us/sustainable-business,Direct PDF URL not confirmed; annual and interim reports page hosts the unofficial PDF version of the audited Annual Report including sustainability statement.,webpage_landing_page
Luka Koper,Slovenia,Luka Koper d.d. Annual and Sustainability Report 2023,https://www.luka-kp.si/en/investors/annual-reports/,https://www.luka-kp.si/wp-content/uploads/2022/05/Annual-report-2021.pdf,"Annual Report is published with a Sustainability Report as one of its component parts; direct PDF link for the FY2023 edition not confirmed, using the annual reports index page.",webpage_landing_page
Cinkarna Celje,Slovenia,Cinkarna Celje d.d. Annual Report 2025 (incl. ESRS sustainability statement),https://www.cinkarna.si/uploads/Objave/2026/Annual_report_2025.pdf,https://www.cinkarna.si/en/investor-information/filling/cinkarna-celje-audited-annual-report-2024-pdf-2025-04-16,Sustainability statement prepared per ESRS as part of the combined annual report; earlier mid-year reports referenced GRI standards.,downloadable_pdf
Podravka,Croatia,Podravka Inc. Annual Report for 2025 (incl. sustainability/ESG reporting),https://cdn.podravkagrupa.com/podravkagrupauploads/hr/wp-content/uploads/2026/04/Podravka-Inc.-Annual-Report-for-2025.pdf,https://www.podravka.com/sustainability/reporting/,ESG report has been integrated into the Annual Report since FY2020; first standalone sustainable development report published in 2015.,downloadable_pdf
Atlantic Grupa,Croatia,Atlantic Grupa Integrated Annual Report (incl. sustainability performance data),https://www.atlanticgrupa.com/en/sustainability/quality-policy/reporting/,https://www.atlanticgrupa.com/en/investors/financial-reports/,"Croatian consumer goods company - distinct from the unrelated French heating/cooling company 'Groupe Atlantic' which also has 'sustainability report' PDFs; do not confuse the two. GRI-guided reporting since 2013, integrated annual report format since 2021. Direct PDF URL not confirmed.",webpage_landing_page
Adris Grupa,Croatia,Adris Grupa Annual Reports,https://www.adris.hr,,No dedicated standalone sustainability/ESG report located via search; only historical annual reports (2011-2016 confirmed) were found indexed. Company is investing EUR 130m in renewable energy 2024-2026 per press coverage. Needs direct verification on adris.hr for current sustainability disclosure.,webpage_landing_page
Slovenske elektrarne,Slovakia,Slovenske elektrarne Annual Report 2024,https://www.seas.sk/wp-content/uploads/a5/b5/SEAS-Annual-Report_woDTP_en.pdf,https://www.seas.sk/en/about-us/sustainability-and-inovation/strategies/,"Sustainability content embedded within combined Annual Report; company completed coal-plant phase-out (Vojany) in 2024, now producing without direct CO2 emissions.",downloadable_pdf
Slovak Telekom,Slovakia,Slovak Telekom Corporate Responsibility Report (via Deutsche Telekom Group CR Report),https://www.cr-report.telekom.com/2021/national-companies/slovakia-slovak-telekom-as,https://a.storyblok.com/f/285923/x/e0db062fa3/extraordinary-annual-report-2024.pdf,"Historically GRI-based standalone CR reports (through 2013), more recently reported as a national-company section within parent Deutsche Telekom Group's Corporate Responsibility Report; most recent confirmed reference is 2021. A 2024 Extraordinary Annual Report is also available covering climate-neutral future, circularity, and digital future themes.",webpage_landing_page
Slovenska sporitelna,Slovakia,Slovenska sporitelna Annual Report 2025,https://cdn0.erstegroup.com/content/dam/sk/slsp/www_slsp_sk/en/annual-reports/annual-report-slovenska-sporitelna-2025.pdf,https://www.slsp.sk/en/information-about-bank/investors/financial-indicators,"Part of Erste Group; parent-level Sustainability Report (e.g. via sister bank Ceska sporitelna's NFR/Sustainability Report) covers group ESG reporting, while this entity's own Annual Report is used as the primary local source.",downloadable_pdf
Eurohold Bulgaria,Bulgaria,Eurohold Bulgaria Consolidated Annual Activity Report 2024 (incl. sustainability report assurance),https://www.eurohold.bg/files/documents/articles/d2ae86ac7b26eeca657cae3a0c51bc84.pdf,https://biznes.pap.pl/download/attachment/48144610/DOC.20240408.48144610.zal01_EN_EUBG_ANNUAL_REPORT_2023.pdf,"2024 report includes independent assurance on the sustainability report; portfolio spans insurance, energy, cars, leasing, and asset management.",downloadable_pdf
Chimimport,Bulgaria,Chimimport AD Consolidated Annual Sustainability Report,https://www.chimimport.bg/en/,https://www.chimimport.bg/en/documents/download/2076,"Confirmed to publish an externally-audited (RSM BG) Consolidated Annual Sustainability Report, but a direct downloadable file URL could not be located via search; verify via the company's documents/investor relations section.",webpage_landing_page
Neochim,Bulgaria,Neochim PLC corporate site,https://www.neochim.bg/en/,,"No sustainability/ESG report could be confirmed via search for this fertilizer/chemicals producer; only ISO certifications (quality, environment, health & safety) referenced. Needs direct verification on neochim.bg or may not yet publish formal sustainability disclosures.",webpage_landing_page
Amber Grid,Lithuania,AB Amber Grid 2024 Annual Report with Sustainability Disclosures,https://www.sustainabilityreports.com/ab-amber-grid/2024/consolidated-management-report,https://www.ambergrid.lt/en/sustainability/Sustainability-report,Voluntarily aligned with ESRS; gas transmission system operator. Standalone sustainability reports published back to 2016.,downloadable_pdf
Telia Lietuva,Lithuania,Telia Lietuva Sustainability Report 2022 (GRI Indicators),https://www.telia.lt/media/s/899e31d0-c4f2-42a3-a84d-1ec56ce0ca49,https://ml-eu.globenewswire.com/Resource/Download/a63bb89c-9f5c-4448-a8ab-4cf9b8a2f237; https://www.telia.lt/eng/sustainability/reporting,One of the first Lithuanian companies to introduce sustainability reporting (since 2006); GRI G4-guideline-based. A 2023 Annual and Sustainability Report is also available.,downloadable_pdf
Latvijas Gaze,Latvia,JSC Latvijas Gaze Annual Report for 2024,https://lg.lv/uploads/documents/IFRS_Latvijas_Gaze_ANNUAL_REPORT-_2024_EN.pdf,https://lg.lv/en/about-us/sustainability,ISO 14001 (environment) and ISO 50001 (energy) certified; sustainability content embedded within the Annual Report rather than a standalone document.,downloadable_pdf
SAF Tehnika,Latvia,SAF Tehnika Consolidated Annual Report and Auditors Report 2024/2025,https://cdn.prod.website-files.com/674079366c3fdb5b68d0a599/6904afb564eb8dacb9af5194_SAF%20Tehnika_2024-2025_Annual%20Report%20and%20Auditors%20Report_ENG.pdf,https://saftehnika.com/investors-eng,"No dedicated standalone sustainability/ESG report identified; only the financial Annual Report and Corporate Governance Report were confirmed, which may reference sustainability aims but not in GRI format.",downloadable_pdf
Tallinna Vesi,Estonia,AS Tallinna Vesi Annual Report 2022 (incl. sustainability sections),https://aastaaruanne-2022.tallinnavesi.ee/wp-content/uploads/2023/05/TV_Annual_Report_2022_ENG.pdf,https://tallinnavesi.ee,Most recent standalone-confirmed downloadable annual report with ESG sections is FY2022; a first dedicated Social Responsibility and Sustainability Report was published for 2016. Verify for a newer edition given CSRD phase-in.,downloadable_pdf
LHV Group,Estonia,AS LHV Group Consolidated Annual Report 2025 (incl. Consolidated Sustainability Statement with limited assurance),https://www.lhv.ee/assets/files/investor/LHV_Group_Annual_Report_2025-EN.pdf,https://investor.lhv.ee/en/reports/,"Includes an Independent Practitioner's Limited Assurance Report on the Consolidated Sustainability Statement, per CSRD.",downloadable_pdf
Malta International Airport,Malta,Malta International Airport plc 2024 Annual Report,https://maltairport.com/app/uploads/2025/11/MIA25-AR-BookFinancials-WebVersion.pdf,https://maltairport.com/corporate/corporate-responsibility/sustainability/,Seventh sustainability report published in accordance with GRI standards (2022 edition); Net Zero Carbon Plan targets carbon neutrality by 2025 and net zero by 2050.,downloadable_pdf
GO plc,Malta,GO plc Annual Financial Report and Consolidated Financial Statements 2024,https://prodcms.go.com.mt/wp-content/uploads/2025/05/Annual-Report.pdf,https://labcms.go.com.mt/wp-content/uploads/2024/05/GO-FS-AR-2023-signed.pdf,"Environmental/sustainability content is a short section (pages 16-18 in the FY2023 edition) within the combined Annual Financial Report, not a standalone GRI-format report.",downloadable_pdf
Hellenic Bank,Cyprus,"Hellenic Bank Group Annual Financial Report (incl. Sustainability Statement, ESRS)",https://www.eurobank.cy/-/media/hbc/announcements/2024/april/12m2023/annual-financial-report-of-the-hellenic-bank-group-for-the-year-ended-31-december-2023.pdf,https://www.hellenicbank.com,"First company in Cyprus to voluntarily adopt CSRD/ESRS (announced 2025); ESG Strategy built on four pillars (Net Zero Bank, Workforce of the future, Resilience and Performance, Sustainable Ecosystem). A standalone 2023 ESG Impact Report was also published; FY2024 Sustainability Statement is within the Annual Financial Report.",downloadable_pdf
Demetra Holdings (Demetra Investments),Cyprus,Demetra Holdings Plc Annual Reports,https://www.demetra.com.cy/annual-reports/,https://www.stockwatch.com.cy/storage/library/6766e70dc050c.pdf,No dedicated standalone sustainability/ESG report identified via search; only general Report and Consolidated Financial Statements located. Verify current sustainability disclosure format directly on demetra.com.cy.,webpage_landing_page
Siemens Energy,Germany,"Siemens Energy Sustainability Statement, part of Annual Report FY2025",https://assets.siemens-energy.com/dam/43565cdd-c8c3-4dcf-b727-b3b000809a5d/H-Group_Sustainability_Statement-pdf_Original%20file.pdf,https://www.siemens-energy.com/global/en/home/company/sustainability.html,First CSRD-aligned Sustainability Statement in the FY2025 Annual Report.,downloadable_pdf
MTU Aero Engines,Germany,MTU Aero Engines ESG Factbook 2025,https://www.mtu.de/fileadmin/EN/10_Responsibility/Reports_Documentation/MTU_ESG_Factbook.pdf,https://www.mtu.de/responsibility/sustainability-reports-and-documentation/,Standalone Sustainability Report format was replaced by the ESG Factbook starting 2025.,downloadable_pdf
Sartorius,Germany,Sartorius Combined Group Management Report - Sustainability Report 2025,https://www.sartorius.com/download/1798028/2025-sustainability-report-en-pdf-data.pdf,https://www.sartorius.com/en/company/sustainability/publications,ESRS-aligned; SBTi-validated net-zero target by 2045.,downloadable_pdf
Wacker Chemie,Germany,Wacker Chemie AG Annual Report 2025 (incl. sustainability information),https://reports.wacker.com/2025/annual-report/,https://www.wacker.com/cms/en-us/sustainability/sustainability.html,Sustainability report published biennially as part of the Group management report.,webpage_landing_page
GEA Group,Germany,GEA Sustainability Report 2025 (CSRD),https://cdn.gea.com/-/media/investors/annual-report/2025/sustainability-report-2025-en.pdf?rev=1c8a81f4cd0842879914c11d7c3a83c6,https://www.gea.com/en/sustainability/downloads/,Standalone CSRD-aligned sustainability report alongside the Annual Report.,downloadable_pdf
Thyssenkrupp,Germany,thyssenkrupp AG Annual Report 2024/2025 (incl. ESRS sustainability report),https://d2zo35mdb530wx.cloudfront.net/_binary/UCPthyssenkruppAG/fb33c65d-f47f-4229-8501-436cf05956c9/Annual_report_2024_2025_of_thyssenkrupp_AG_WEB.pdf,https://www.thyssenkrupp.com/en/company/sustainability/sustainability-strategy-and-targets,First full application of ESRS in FY2024/2025 report.,downloadable_pdf
Covestro,Germany,Covestro Annual Report 2025 - Group Sustainability Statement,https://annualreport.covestro.com/ecomaXL/files/Covestro_2024_GB_EN_Group_Sustainability_Statement.pdf,https://annualreport.covestro.com/annual-financial-report-2025/en/report/management-report/group-sustainability-statement/,Sustainability statement embedded within the combined Annual Financial Report.,downloadable_pdf
Lanxess,Germany,LANXESS Corporate Sustainability Report 2025,https://lanxess.com/-/media/project/lanxess/corporate-internet/responsibility/corporate-responsibility/sustainability-report/lxs_2025_en_sustainability-report_web.pdf?original=true&hash=870B4BD99316A78AF90572797DC1B992,https://lanxess.com/en/sustainability/what-drives-us/sustainability-management,Standalone sustainability report published December 2025.,downloadable_pdf
Metro AG,Germany,"METRO AG Annual Report 2024/25 (Sustainability Report section, p.42)",https://newsroom.metroag.de/en/events/annual-report-2024-25?dt=20251204,https://responsibility.metroag.de/,"German wholesale/cash & carry company - distinct from unrelated Metro Inc (Canadian grocery retailer) and Metro Holdings Limited (Singapore), both of which also publish similarly-titled sustainability reports. Direct PDF URL not confirmed.",webpage_landing_page
Hugo Boss,Germany,HUGO BOSS Annual Report 2025 - Non-Financial Statement,https://annualreport.hugoboss.com/2025/_assets/downloads/mgr-non-financial-statement-hb-ar25.pdf,https://group.hugoboss.com/en/sustainability/news-downloads/sustainability-reports,Financial and non-financial information combined into a single Annual Report publication starting 2025.,downloadable_pdf
Knorr-Bremse,Germany,Knorr-Bremse Annual Report 2025 - Group Sustainability Statement (p.44),https://www.knorr-bremse.com/en/sustainability/,https://ir.knorr-bremse.com/en/financial-publications-presentations,ESRS-compliant Group Sustainability Statement integrated into the Annual Report; direct PDF URL not confirmed (most search results returned the older 2023 standalone report).,webpage_landing_page
Fraport,Germany,Fraport Group Sustainability Statement 2025 (incl. GRI and UN Global Compact Index),https://www.fraport.com/content/dam/fraport-company/documents/investoren/eng/publications/sustainability-reports/Group_Sustainability_Statement_2025.pdf/_jcr_content/renditions/original.media_file.download_attachment.file/Group_Sustainability_Statement_2025.pdf,https://www.fraport.com/content/dam/fraport-company/documents/investoren/termine-und-publikationen/nachhaltigkeitsbericht/Fraport%20ESG%20Factbook%202025.pdf/_jcr_content/renditions/original.media_file.download_attachment.file/Fraport%20ESG%20Factbook%202025.pdf,Separate ESG Factbook (with explicit GRI and UN Global Compact index) published alongside the Group Sustainability Statement - strong direct GRI-mapping source.,downloadable_pdf
Veolia,France,Veolia 2024 ESG Report,https://www.veolia.com/sites/g/files/dvc4206/files/document/2025/04/veolia-2024-esg-report.pdf,https://www.veolia.com/sites/g/files/dvc4206/files/document/2026/03/Finance_Veolia_URD_2025_en.pdf,2025 Universal Registration Document (incl. Annual Financial Report) also available as a broader source.,downloadable_pdf
Alstom,France,Alstom Universal Registration Document 2025-2026 (incl. Sustainable Development/CSR section),https://www.alstom.com/sites/alstom.com/files/2025/06/23/20250528_Universal_Registration_Document_EN.pdf,https://www.alstom.com/alstoms-corporate-social-responsibility-documentation,CDP A grade for Climate (2024); net-zero value chain target by 2050.,downloadable_pdf
Eiffage,France,Eiffage Climate Report 2025 (6th edition),https://www.eiffage.com/files/live/sites/eiffagev2/files/Transition%20%C3%A9cologique/Eiffage_climate_report_2025_GB.pdf,https://www.eiffage.com/en/media/publications,Climate Report confirmed as downloadable; broader non-financial/sustainability data reportedly compiled in a separate Sustainability Report not directly located via search.,downloadable_pdf
Teleperformance,France,Teleperformance SE Universal Registration Document 2025 (incl. sustainability/certification report),https://www.tp.com/media/msvfbns0/tp-urd-2025.pdf,https://www.tp.com/media/uwsk4jpm/20320_tp_ri_gb_2025_mel.pdf,Sustainability information and third-party certification report included within the URD; also has a separate 2025 Integrated Report ('Future Forward').,downloadable_pdf
Worldline,France,Worldline 2025 Sustainability Report,https://investors.worldline.com/content/dam/worldline-shared/documents/reports/sustainability-report-2025.pdf,https://worldline.com/en/home/top-navigation/about-worldline/csr,New 'Trust 2030' ESG programme launched 2025.,downloadable_pdf
Sodexo,France,Sodexo Integrated Report Fiscal 2025 (incl. ESG Report),https://www.sodexo.com/investors/financial-results-and-publications/integrated-report,https://us.sodexo.com/inspired-thinking/corporate-responsibility/reports/esg-report,"'Better Tomorrow 2028' sustainability programme; -37.7% Scope 1&2 emissions vs 2017 baseline, exceeding SBTi target. Direct PDF URL not confirmed.",webpage_landing_page
Accor,France,Accor 2025 Annual Financial Report / Universal Registration Document (incl. CSRD sustainability report),https://www.sustainabilityreports.com/accor/2025/universal-registration-document-annual-financial-report-integrated-report,https://group.accor.com/en/documents-publications,First CSRD-aligned sustainability report published March 2025; won Best CSRD Reporting at 2025 Sustainability Awards.,downloadable_pdf
Bureau Veritas,France,Bureau Veritas 2025 Universal Registration Document (incl. Sustainability Report/EU Taxonomy),https://group.bureauveritas.com/esg-reporting,https://www.amf-france.org,"Sustainability report constitutes the ESG section of the URD, filed March 2026 for FY2025; direct PDF URL not confirmed via search.",webpage_landing_page
Valeo,France,Valeo Sustainability Report (CSRD-compliant),https://www.valeo.com/en/corporate-documents/,https://www.valeo.com/en/results-and-presentations/,"Automotive parts/technology company - do not confuse with the unrelated Valeo Foods Group (Irish confectionery/snacks), which publishes its own similarly-titled 'Sustainability Report' at valeofoodsgroup.com. Direct PDF URL for this Valeo not confirmed.",webpage_landing_page
JCDecaux,France,JCDecaux Sustainability Report 2025,https://www.jcdecaux.com/jcdecaux/download-file?url=public%3A%2F%2Fblocks%2Fdownloadable_file%2F2026-07%2F2025-Sustainability-Report_JCDecaux.pdf,https://www.jcdecaux.com/investors/extra-financial-information,CDP 'Leadership' A-list for third consecutive year; ~40.9% GHG emissions reduction.,downloadable_pdf
EssilorLuxottica,France,EssilorLuxottica 2024 Sustainability Report,https://media.essilorluxottica.com/cms/caas/v1/media/253398/data/dda4a9b452692b56563cdfbdd63ec181/2024-sustainability-report-essilorluxottica.pdf,https://www.essilorluxottica.com/en/2025-annual-report/sustainability-mission/,ESRS-aligned. Dual-listed French-Italian company (2018 Essilor/Luxottica merger); classified under France here. A newer edition tied to the 2025 Annual Report should be checked for.,downloadable_pdf
Saipem,Italy,Saipem 2025 Consolidated Sustainability Statement,https://www.saipem.com/sites/default/files/2026-04/2025_Consolidated_Sustainability_Statement.pdf,https://www.saipem.com/sites/default/files/2026-03/Saipem_Sustainability_Overview_2025.pdf; https://www.saipem.com/sites/default/files/2026-04/Annual_Report_2025.pdf,Standalone Consolidated Sustainability Statement plus a shorter Sustainability Overview also published.,downloadable_pdf
A2A,Italy,A2A Annual Financial Report 2025 (incl. Sustainability Report),https://www.gruppoa2a.it/en/investors/life-reporting-hub,https://www.gruppoa2a.it/en/sustainability,Sustainability report is part of the management report within the consolidated financial statements; Climate Transition Plan targets ~90% carbon footprint reduction vs 2023. Direct PDF URL not confirmed.,webpage_landing_page
Hera Group,Italy,Hera Group Sustainability Reporting 2024 (first CSRD cycle),https://eng.gruppohera.it/group_eng/sustainability/sustainability-report,https://eng.gruppohera.it/group_eng/investor-relations/results-and-presentations/online-report-fy2025,"First sustainability reporting cycle under Italy's CSRD transposition (Legislative Decree 125/24), approved March 2025; over 90 ESRS disclosure requirements reported.",webpage_landing_page
Italgas,Italy,Italgas Integrated Annual Report 2025 (incl. Consolidated Sustainability Statement),https://www.italgas.it/wp-content/uploads/sites/2/2026/03/2025-Integrated-Annual-Report.pdf,https://www.italgas.it/en/sustainability/,CSRD-aligned Consolidated Sustainability Statement within the Integrated Annual Report.,downloadable_pdf
De' Longhi Group,Italy,"De' Longhi Group Annual Financial Report 2025 (CSRD, incl. Sustainability Reporting)",https://www.delonghigroup.com/sites/default/files/Annual%20Financial%20Report%202025_CSRD.pdf,https://www.delonghigroup.com/en/archivio/sostenibilita/sustainability-report,Prior years published a standalone 'Sustainability Report'; FY2025 onward integrated into the CSRD Annual Financial Report.,downloadable_pdf
Brembo,Italy,Brembo Annual Report 2025 - Sustainability Report extraction (ESRS),https://www.brembogroup.com/en/sustainability/report,https://www.brembogroup.com/en/investors/reports,"ESRS-aligned extraction from the FY2025 Annual Report, published March 2026. Direct PDF URL not confirmed.",webpage_landing_page
Diasorin,Italy,Diasorin Annual Financial Report 2024 (incl. Consolidated Sustainability Report),https://us.diasorin.com/en/company/sustainability/report,https://int.diasorin.com/en/investors/finance/reports,"Most recently confirmed edition covers FY2024, published April 2025; verify for a newer FY2025 edition.",webpage_landing_page
Nexi,Italy,Nexi Sustainability Statement 2024,https://www.nexigroup.com/content/dam/corp/downloads/investors/financial-statements/2025/EN-Nexi-Integrated-Annual-Report-2025.pdf,https://www.nexigroup.com/en/esg/overview/overview/,New Group Sustainability Strategy 2026-2030 builds on the 2023-2025 ESG Strategy; most recent confirmed reporting covers FY2024.,downloadable_pdf
Azimut Holding,Italy,Azimut Holding SpA Consolidated Sustainability Reporting 2025,https://www.sustainabilityreports.com/azimut-holding,https://azimut-group.com/sustainability,Direct PDF URL not confirmed via search; company has published sustainability reports for the FY2023-2025 range.,webpage_landing_page
Webuild,Italy,Webuild Group 2025 Consolidated Sustainability Statement,https://media.webuildgroup.com/sites/default/files/2026-04/2025%20Consolidated%20Sustainability%20Statement.pdf,https://media.webuildgroup.com/sites/default/files/2026-04/2025%20Annual%20Report.pdf,Consolidated Sustainability Statement is a dedicated section of the Directors' report within the Annual Financial Report.,downloadable_pdf
Endesa,Spain,Endesa Consolidated Annual Report 2025 (incl. Non-Financial Information Statement),https://www.endesa.com/en/our-commitment,https://www.endesa.com/content/dam/enel-es/endesa-en//home/investors/financialinformation/annualreports/documents/2025/individual-annual-report-endesa-2025.pdf,Sustainability Plan 2023-2025 (also referenced as 2024-2026); Consolidated Non-Financial Information Statement embedded in Annual Report.,webpage_landing_page
Redeia (Red Electrica),Spain,Redeia Sustainability Report 2025,https://www.redeia.com/en/publications/sustainability-report-2025,https://www.redeia.com/sites/default/files/04_SOSTENIBILIDAD/Documentos/enviromental-statement-emas-2025.pdf,Standalone Sustainability Report plus a separate EMAS Environmental Statement.,downloadable_pdf
Enagas,Spain,Enagas Consolidated Management Report 2025 (ESRS-aligned),https://www.enagas.es/content/dam/enagas/en/files/accionistas-e-inversores/gobierno-corporativo/junta-general-accionistas/propuestas-documentacion/Informe-gestion-consolidado-2025-en.pdf,https://www.enagas.es/en/about-us/sustainability/,"Net Zero targets: 2040 for scopes 1&2, 2050 for scope 3; top-ranked in Spain on Equileap gender equality ranking 2025.",downloadable_pdf
Indra Sistemas,Spain,Indra Group Sustainability Report 2025,https://www.indragroup.com/cms-content/2026/04/EN_Sustainability-Report-2025_2026.04.30.pdf,https://www.indragroup.com/cms-content/2026/03/Indra-Group-Climate-Transition-Plan-2025.pdf,CSRD/ESRS-compliant; scope now includes Hispasat Group following its December 2025 acquisition.,downloadable_pdf
Banco Sabadell,Spain,Banco Sabadell Non-Financial Disclosures Report 2025 (Sustainability Report),https://www.grupbancsabadell.com/memoria2025/en/,https://www.grupbancsabadell.com/memoria2025/en/pdf/03/banco-sabadell-group.pdf,Contained within the Consolidated Annual Financial Report 2025; ESRS-aligned with limited assurance.,webpage_landing_page
Aena,Spain,Aena Non-Financial Information Statement and Sustainability Information 2025,https://www.aena.es/en/corporative/cr/sustainability-assessment/non-financial-information-statement.html,https://www.aena.es/en/corporative/about-aena/annual-reports.html,ESRS-developed Sustainability Report / Non-Financial Information Statement; direct PDF link behind the landing page.,webpage_landing_page
Fluidra,Spain,Fluidra 2025 Integrated Annual Report,https://www.fluidra.com/wp-content/uploads/2026/03/1.-English_2025-Integrated-Anual-Report-ENG.pdf,https://www.fluidra.com/investors/annual-integrated-report/,Sustainability strategy on track for carbon neutrality target by 2027.,downloadable_pdf
Viscofan,Spain,Viscofan Group 2025 Annual Report (incl. non-financial/sustainability information),https://public.viscofan.com/investor-relations/financialinformation/en/Viscofan%20Group%202025%20Annual%20Report%20PDF%20version.pdf,https://www.informeanual2025.viscofan.com/en/economic-and-management-results.html,Most recent confirmed standalone Consolidated Statement of Non-Financial Information covers FY2024; FY2025 Annual Report also available and likely includes updated ESRS content.,downloadable_pdf
Ebro Foods,Spain,Ebro Foods Consolidated Non-Financial and Sustainability Statement 2025,https://www.ebrofoods.es/wp-content/uploads/2026/04/Non-Financial-Information-2025-and-Sustainability-Statement-of-and-corresponding-audit-report-to-be-submitted-for-approval-under-item-1.3-on-the-agenda.pdf,https://www.ebrofoods.es/en/csr/csr-reports/,Annual CSR/Sustainability report series published back to at least 2019.,downloadable_pdf
Melia Hotels International,Spain,Melia Hotels International Consolidated Financial Statements and Directors' Report 2025 (Sustainability Report),https://www.meliahotelsinternational.com/en/shareholdersAndInvestors/IntegratedRepDocs/CCAA%20Consolidado%20Melia%202025%20ENG.pdf,https://www.meliahotelsinternational.com/en/newsroom/our-news/melia-leads-global-hotel-sector-sp-global-2025-sustainability-yearbook,"CSRD-aligned; 7th consecutive year in S&P Global Sustainability Yearbook, leading the European hotel sector in 2025.",downloadable_pdf
ABN AMRO,Netherlands,ABN AMRO Annual Report 2025 (incl. CSRD Sustainability Statements),https://www.abnamro.com/en/about-abn-amro/annual-report,https://assets.ctfassets.net/1u811bvgvthc/5CpYgNHV9BYcXNnW4wZQR9/2b7668a6ab3b476c01b50b3e51240fd1/Responsible_Banking_Progress_Statement_ABN_AMRO_2025.pdf,Also publishes a separate Responsible Banking Progress Statement.,webpage_landing_page
Euronext,Netherlands,Euronext 2025 Universal Registration Document (incl. Sustainability Report),https://www.euronext.com/en/investor-relations/financial-information/financial-reports,https://www.euronext.com/en/news/2025-euronext-esg-trends-report-reveals-continued-progress-and-rising-ambition-across-esg,"Do not confuse Euronext's own corporate sustainability report with its separately-published 'ESG Trends Report', which analyzes ESG disclosures of 1,550+ Euronext-listed companies rather than Euronext itself.",webpage_landing_page
Royal Vopak,Netherlands,Royal Vopak Annual Report 2025,https://www.vopak.com/investors/reports-and-presentations/company-reports?language_content_entity=en,https://www.vopak.com/investors/downloads?language_content_entity=en,Net-zero by 2050 (Scope 1&2) target with a 30% interim reduction by 2030 vs 2021 baseline; sustainability data embedded in Annual Report.,webpage_landing_page
Aalberts,Netherlands,Aalberts N.V. Annual Report 2025,https://s3.eu-west-1.amazonaws.com/aalberts-website/media/App/Models/Download/000/000/575/attachment/original/Aalberts%20annual%20report%202025.pdf,https://aalberts.com/progress/annual-report-2025-published,Net zero carbon target by 2050 or earlier via six decarbonisation levers; also has a separate Responsibility Report.,downloadable_pdf
Arcadis,Netherlands,Arcadis Annual Integrated Report 2025,https://media.arcadis.com/-/media/project/arcadiscom/com/investors/arcadis-annual-integrated-report/2026/arcadis-annual-integrated-report-2025.pdf,https://annualreport.arcadis.com/,"64% reduction in Scope 1&2 GHG emissions vs 2019 baseline, near 2026 target of 70%; inaugural separate Impact Report also launched.",downloadable_pdf
PostNL,Netherlands,PostNL Annual Report 2025 (incl. Consolidated Sustainability Statements),https://annualreport.postnl.nl/app/uploads/2026/02/PostNL-Annual-Report-2025.pdf,https://annualreport.postnl.nl/2025/sustainability-statements/consolidated-sustainability-statements,Issued a EUR 300 million Sustainability Linked Bond in 2025.,downloadable_pdf
ASM International,Netherlands,ASM International Sustainability disclosures,https://www.asm.com/sustainability,https://www.asm.com/investors/highlights-annual-report-2025,"SBTi-validated 2035 Net-Zero targets, 100% renewable electricity since 2024, 44% Scope 1+2 GHG reduction vs 2021. Direct PDF URL not confirmed.",webpage_landing_page
IMCD,Netherlands,IMCD Sustainability Reports,https://www.imcdgroup.com/about-us/sustainability/sustainability-reports,,"Member of the Dutch ESG AEX index (25 companies); direct PDF URL not confirmed, FY2025 Annual Report released March 2026.",webpage_landing_page
Royal BAM Group,Netherlands,BAM Annual Report 2025,https://www.bam.com/sites/bamc/files/2026-03/BAM-2025-Annual-Report.pdf,https://corporatereporting.bam.com/verslag/6-sustainability-statement/63-environmental-information-1,76% reduction in Scope 1&2 GHG emissions vs 2015 baseline in 2025.,downloadable_pdf
ING Bank Slaski,Poland,ING Bank Slaski ESG disclosures / ESG Strategy,https://en.esg.ing.pl/,https://ing.com/binaries/content/assets/documents/annual-reports/2025-ing-bank-nv-annual-report.pdf,Polish subsidiary of ING Group; Sustainable Fitch ESG Entity Rating affirmed at 2 in Jan 2025. Direct standalone PDF not confirmed.,webpage_landing_page
Alior Bank,Poland,Report of the Alior Bank S.A. Capital Group on Non-Financial Information for 2023,https://www.aliorbank.pl/dam/jcr:7f11bc50-3167-4e6d-8ff2-225f961a3d4b/Report%20of%20the%20Alior%20Bank%20Capital%20Group%20on%20non-financial%20information%20for%20the%20year%202023.pdf,https://www.aliorbank.pl/dodatkowe-informacje/informacje/zrownowazony-rozwoj.html,Most recent confirmed edition covers FY2023; verify for a newer CSRD-aligned edition.,downloadable_pdf
Grupa Kety,Poland,Report of the Management Board of Grupa Kety S.A. on operations 2025 (incl. ESRS sustainability statement),https://grupakety.com/wp-content/uploads/2026/03/ReportoftheManagementBoardofGrupaKetyS.A.ontheoperationsoftheCompanyandtheCapitalGroupin2025-1.pdf,https://grupakety.com/en/good-practices-of-grupa-kety-in-the-responsible-business-forum-report/,5 practices featured in 'Responsible Business in Poland 2025: Good Practices' report.,downloadable_pdf
Budimex,Poland,Budimex Group and Budimex SA Directors' Report for 2025 (incl. Sustainability Reporting),https://budimex.pl/app/uploads/2026/04/Budimex-report-for-2025.pdf,https://budimex.pl/en/esg/sustainability-report/,Sustainability reporting is an element of the combined Directors' Report; also distributed as a downloadable zip package.,downloadable_pdf
Bank Millennium,Poland,Bank Millennium ESG Report,https://www.bankmillennium.pl/en/about-the-bank/esg/publications,https://www.bankmillennium.pl/documents/10184/84940/3_ESG+Report+of+Bank+Millennium+and+the+Bank+Millennium+Group+for+2021.pdf/faa51840-b276-1928-d482-cc3efcaafd8e?t=1645630261080,"Publishing annual ESG reports since 2006; since FY2024, sustainability info is part of the Management Report in the consolidated annual report rather than a standalone document. Latest edition's direct PDF URL not confirmed.",webpage_landing_page
Zabka Group,Poland,Zabka Group 2025 Sustainability Report / Responsibility Strategy,https://www.sustainabilityreports.com/zabka-group/2025/sustainability-summary,https://zabkagroup.azureedge.net/wp-content/uploads/2026/03/Zabka-Group-2025-Annual-Report.pdf?t=1781211743,34.9% combined Scope 1&2 GHG emissions reduction; 24.9% food waste intensity reduction vs 2020 baseline.,downloadable_pdf
Allegro,Poland,Allegro.eu ESG Report 2023,https://about.allegro.eu/wp-content/uploads/2026/01/ESG-Report-2023.pdf,https://about.allegro.eu/wp-content/uploads/2026/04/ALLEGRO-Annual-Consolidated-Report-2025.pdf,"Polish e-commerce marketplace - NOT to be confused with Allegro MicroSystems Inc, an unrelated US Nasdaq-listed semiconductor company (allegromicro.com) that publishes its own similarly-named ESG report. Standalone ESG reports published 2021-2023; FY2024/2025 sustainability content is within the Annual Consolidated Report.",downloadable_pdf
Bank Handlowy (Citi Handlowy),Poland,Bank Handlowy w Warszawie S.A. Capital Group Annual Report 2021 (incl. ESG goals),https://www.citibank.pl/poland/homepage/raport_roczny_2021/english/index.htm,,"Polish subsidiary of Citigroup - most recent confirmed entity-specific report located is FY2021; do not confuse with Citigroup's own Global Sustainability/ESG Report, which reports at the whole-Citi-group level rather than for this Polish subsidiary specifically. Verify for a newer Bank Handlowy-specific report.",downloadable_pdf
Comarch,Poland,Comarch S.A. and Comarch Group Consolidated Non-Financial Data Statement 2022,https://www.comarch.com/files-com/file_722/2022_Non_Financial_Data_Statement.pdf,https://www.comarch.com/erp/esg/,Most recent confirmed standalone non-financial statement covers FY2022; SBTi net-zero commitment by 2050. Verify for a newer CSRD-aligned edition.,downloadable_pdf
Svenska Handelsbanken,Sweden,Handelsbanken Annual and Sustainability Report 2025,https://mb.cision.com/Main/3555/4313527/3954484.pdf,https://www.handelsbanken.com/en/sustainability,Sustainability report published as an integral part of the combined Annual Report.,downloadable_pdf
Husqvarna Group,Sweden,Husqvarna Group Annual Report 2025 (incl. sustainability section),https://www.husqvarnagroup.com/en/report/husqvarna-groups-annual-report-2025,https://www.husqvarnagroup.com/en/download-sustainability-reports,56% reduction in absolute value-chain CO2 emissions (exceeded 35% target); no longer published as a standalone sustainability PDF.,webpage_landing_page
Tele2,Sweden,Tele2 Annual and Sustainability Report 2025,https://www.tele2.com/files/Main/3372/4327560/tele2-annual-and-sustainability-report-2025.pdf,https://www.tele2.com/files/globalassets/documents/investors/dept-financing/sustainability_linked_bond_progress_report_2025.pdf,97% Scope 1&2 emissions reduction vs 2019 baseline (exceeded 90% target); also publishes a Sustainability Linked Bond progress report.,downloadable_pdf
SSAB,Sweden,SSAB Annual Report 2025 (incl. ESRS Sustainability Report),https://www.ssab.com/-/media/files/company/investors/annual-reports/2025/ssab-annual-report-2025.pdf?m=20260317100936,https://www.ssab.com/en/company/sustainability/reports-and-documents,Sustainability Report is part of the Board of Directors' Report within the combined Annual Report.,downloadable_pdf
Trelleborg,Sweden,Trelleborg Annual Report 2025 - Sustainability Statement (pages 51-101),https://www.trelleborg.com/en/investors/reports-and-presentations//sustainability-reports,https://www.trelleborg.com/-/media/group/sustainability/pdfs/2025/environmental-disclosures.pdf?rev=c85f8fe0eb874b55bc9218fd75511f85,Sustainability reporting fully integrated into the combined Annual Report; separate environmental disclosures PDF also published.,webpage_landing_page
Saab AB,Sweden,Saab Annual and Sustainability Report 2025 (first ESRS Sustainability Statement),https://www.saab.com/globalassets/corporate/corporate-governance/annual-general-meeting/2026/en-post/appendix-4a---annual-and-sustainability-report-2025_new.pdf,https://www.saab.com/sustainability/reports,"Defense/aerospace manufacturer; sustainability strategy approved December 2025, adopted January 2026, first ESRS-format Sustainability Statement in this edition.",downloadable_pdf
ICA Gruppen,Sweden,ICA Gruppen Annual Report 2024 (incl. sustainability report),https://www.icagruppen.se/en/archive/press-archive/2025/ica-gruppen-publishes-annual-report-for-2024/,https://www.icagruppen.se/en/sustainability/sustainability-governance/reports/,"Swedish grocery retailer - do not confuse with 'ICG' (Intermediate Capital Group, unrelated UK-based alternative asset manager), which publishes its own similarly-titled 'Sustainability and People Report'. FY2025 report onward moves to CSRD/ESRS format; most recent confirmed edition covers FY2024.",webpage_landing_page
Autoliv,Sweden,Autoliv 2025 Sustainability Report - Saving More Lives,https://www.autoliv.com/sites/autoliv/files/2026-03/Autoliv_2025_Sustainability_Report_Final.pdf,https://www.autoliv.com/sites/autoliv/files/2026-02/ALV_AR_2025_SingelPages_K10_Final.pdf,Dual US-Swedish company; standalone Sustainability Report published alongside the Annual Report.,downloadable_pdf
Sofina,Belgium,Sofina Annual Report 2025 (incl. sustainability disclosures),https://www.sofinagroup.com/wp-content/uploads/2026/03/annual-report-2025.pdf,,SBTi-validated emissions reduction targets since 2024; 22.5% of invested capital in SBTi-aligned portfolio companies.,downloadable_pdf
Groupe Bruxelles Lambert (GBL),Belgium,GBL Annual Report 2024 - Volume 2 (ESG),https://www.gbl.com/en/media/4197/GBL_RA2024_ESG_EN.pdf,https://www.gbl.com/en,First consolidated ESRS-format sustainability statement for FY2024; 'GBL ACT' program (EUR 1.9m pledged to education/health/environment).,downloadable_pdf
Ackermans & van Haaren,Belgium,Ackermans & van Haaren Sustainability Statements 2025 (CSRD/ESRS),https://www.avh.be/~/media/Files/A/avh/corp/annual-report-2025-UK/20260331-AvH-SustainabilityStatements_UK.pdf,https://www.avh.be/en/sustainability,"Standalone consolidated sustainability statement for FY2025, CSRD/ESRS-compliant.",downloadable_pdf
WDP (Warehouses De Pauw),Belgium,WDP Sustainability Reports (2018-2024 series) / Annual Report 2025,https://www.sustainabilityreports.com/warehouses-de-pauw,https://wdp.eu/en/annual-report-2025,Sustainability strategy based on double materiality analysis (financial and impact perspectives).,downloadable_pdf
Cofinimmo,Belgium,Cofinimmo Universal Registration Document 2025 (incl. Sustainability Report),https://www.ibr-ire.be/docs/default-source/bas-documents/reports/2026/cofinimmo-ir2025-eng.pdf?sfvrsn=79ad80d8_6,https://www.cofinimmo.com/media/kzned1be/cofinimmo-urd-2025-en-epra-performance-indicators.pdf,Separate EPRA sBPR performance-indicator appendix also published; sustainability policy history spans 15+ years.,downloadable_pdf
Barco,Belgium,Barco Sustainability Statements - 2025 Integrated Annual Report,https://assets.barco.com/m/dd2ee92fe760050f/original/Barco-IR2025-SUS.pdf,https://www.barco.com/en/about/sustainability/reports-and-resources,"Part of a modular Integrated Annual Report (separate Sustainability, Governance, and Data Pack documents).",downloadable_pdf
Melexis,Belgium,Melexis Sustainability / Environmental Policy,https://www.melexis.com/en/tech-info/quality/sustainability,https://media.melexis.com/-/media/files/documents/environmental/sustainability/melexis-environmental-policy-2024.pdf?ts=20241010t1519573282,Carbon neutrality target by 2050 aligned with EU Green Deal; 55% Scope 1&2 emissions reduction per million ICs sold by 2030 target. Direct PDF for a full standalone sustainability report not confirmed.,webpage_landing_page
Ontex,Belgium,Ontex Annual Report 2024 - Sustainability Statements,https://ontex.com/wp-content/uploads/2025/03/24AR_AnnualReport_EN_Final.pdf,https://ontex.com/wp-content/uploads/2020/05/Sustainability-strategy-2030.pdf,CDP 'A' rating for Climate Change (2024 disclosure) and 'A-' for Forests; Sustainability Strategy 2030 with quantified targets.,downloadable_pdf
A1 Telekom Austria Group,Austria,A1 Group Sustainability Statement 2025,https://a1.com/wp-content/uploads/sites/6/2026/03/A1-Group-Sustainability-Statement-2025.pdf,https://a1.com/wp-content/uploads/sites/6/2025/03/Telekom_Sustainability-Statement_2024_en.pdf,CSRD-aligned; sustainability reporting series dates back to 2012/2013.,downloadable_pdf
Lenzing AG,Austria,Lenzing Annual and Sustainability Report 2025,https://reports.lenzing.com/annual-and-sustainability-report/2025/services/downloads.html,https://reports.lenzing.com/annual-and-sustainability-report/2024/_assets/downloads/entire-lenzing-ar24.pdf,Combined Annual and Sustainability Report format; online and PDF versions identical except Highlights section.,downloadable_pdf
Palfinger,Austria,Palfinger Non-Financial Annual Report (ESRS-aligned),https://i-report.palfinger.ag/2023/en/sustainability,https://illuminem.b-cdn.net/datahub/Sustainability_Reports/503_Palfinger.pdf,Historical standalone sustainability reports date back to 2006/2007; now reported per ESRS under CSRD.,downloadable_pdf
Zumtobel Group,Austria,Zumtobel Group Annual Financial Report 2024/25 (incl. sustainability reporting),https://z.lighting/documents/3721/Zumtobel_Group_-_Annual_Financial_Report_2024-25_TNp9iPh.pdf,https://z.lighting/en/group/sustainability/,Targets climate neutrality in own plants by 2025; standalone sustainability reports published historically back to 2011/12.,downloadable_pdf
ams OSRAM,Austria,ams-OSRAM Sustainability Report 2024,https://look.ams-osram.com/m/4de140d715ff7694/original/Supplements-to-the-ams-OSRAM-Sustainability-Report-2024.pdf,https://look.ams-osram.com/m/3550ab0fc26eeaf5/original/ams-OSRAM-Sustainability-Report-2023.pdf,"Includes EU Taxonomy, TCFD, and SASB-index reporting; carbon-neutral production target by 2030 (24% reduction achieved by 2023). Dual-HQ company (Austria/Germany, formed by 2020 ams-OSRAM merger).",downloadable_pdf
Flughafen Wien (Vienna Airport),Austria,Vienna Airport (Flughafen Wien AG) Sustainability Report 2021 (covers 2018-2021),https://viennaairport.com/jart/prj3/va/uploads/data-uploads/Konzern/Investor%20Relations/Nachhaltigkeitsbericht/VIE_Sustainability_Report_2021.pdf,https://www.sustainabilityreports.com/flughafen-wien/2023/annual-financial-report,"Reports published on a multi-year cycle rather than annually; next edition (covering 2022-2024) was expected in 2025. Carbon-neutral operations achieved 2023, supported by Austria's largest airport photovoltaic system.",downloadable_pdf
Uniqa Insurance Group,Austria,UNIQA Group Report 2025 (incl. sustainability reporting),https://www.uniqagroup.com/grp/investor-relations/publications/UNIQA_Group_Report_2025_EN.pdf,https://www.uniqagroup.com/grp/sustainability/reporting-disclosure/downloads.en.html,"'Growing Impact' strategy (2025): net-zero for Austrian insurance/own operations by 2040, group-wide by 2050.",downloadable_pdf
EVN AG,Austria,EVN Full Report 2024/25 - Non-Financial Report,https://www.evn.at/getmedia/7fe6cf8f-dd9e-46a9-98eb-522bbe95d44d/Non-financial-Report-2024-25.pdf,https://www.evn.at/getmedia/cd77a16f-2c4f-4722-a5ae-7bfae419b510/Consolidated-non-financial-report_2023-24.pdf,Fiscal year Oct-Sept; non-financial reporting per Austria's Sustainability and Diversity Improvement Act (implementing EU Directive 2014/95/EU).,downloadable_pdf
ISS A/S,Denmark,ISS A/S Sustainability Report,https://www.sustainabilityreports.com/iss-as,,13 reports available spanning 2014-2025.,downloadable_pdf
Rockwool Group,Denmark,ROCKWOOL Sustainability Report 2023,https://www.rockwool.com/globalassets/sustainability/sustainability-report/se-2024-01_sustainability-report-2023.pdf,https://www.rockwool.com/globalassets/sustainability/sustainability-report/2019_rockwool-sustainability-report.pdf,Standalone report series dating back to at least 2018; addresses 10 of 17 UN SDGs.,downloadable_pdf
Bavarian Nordic,Denmark,Bavarian Nordic Annual Report 2025 (incl. CSRD-aligned sustainability content),https://www.bavarian-nordic.com/media/380028/bn_annual_report_2025.pdf,https://www.bavarian-nordic.com/media/324130/bn_sustainability_report_2022.pdf,Reports were called 'CSR reports' prior to 2020; fully integrated into Annual Report from FY2024. 2024 PPA secured renewable electricity (wind/solar) for Danish production.,downloadable_pdf
GN Store Nord,Denmark,GN Store Nord A/S Sustainability ESG Report 2021,https://www.gn.com/-/media/Files/Financial-Download-Center/2022/Annual-Report-2021/GN-Sustainability-ESG-Report-2021.pdf,https://www.gn.com/-/media/Files/Sustainability/Double-materiality-assessment.pdf,Most recent confirmed standalone ESG report covers FY2021; a double materiality assessment document referenced for FY2024 suggests more recent content is embedded in the Annual Report.,downloadable_pdf
Topdanmark,Denmark,Topdanmark Sustainability Report 2023,https://sustainabilityreports.com/reports/topdanmark-as-2023-sustainability-report-pdf/,https://www.sampo.com/globalassets/year2023/group/sampo2023_sustainability_report.pdf,"Acquired by Finnish insurer Sampo plc in 2024, being integrated with If P&C Insurance; FY2024 sustainability statement is consolidated with If P&C Insurance rather than standalone for Topdanmark.",downloadable_pdf
Jyske Bank,Denmark,Jyske Bank Sustainability Report 2022,https://jyskebank.com/wps/wcm/connect/jbc/6da7dcb6-3cd7-4e14-8707-3295bc27119b/Sustainability+Report+2022.pdf?MOD=AJPERES&CVID=oqD4ckd,https://jyskebank.com/investorrelations/sustainability/reports,Also publishes a separate ESG Fact Book; verify for a newer edition.,downloadable_pdf
Netcompany,Denmark,Netcompany Sustainability Statements (CSRD/ESRS),https://netcompany.com/sustainability/reports/,https://netcompany.com/wp-content/uploads/2023/05/Netcompany-ESG-2022.pdf,FY2025 sustainability statements reported per CSRD/ESRS; prior ESG reports available back to 2019.,webpage_landing_page
ALK-Abello,Denmark,ALK-Abello A/S Sustainability Report 2022,https://www.alk.net/sites/default/files/2023-12/alk_sustainability-report_2022_web.pdf,https://www.alk.net/sustainability,Most recent confirmed standalone report covers FY2022; more recent editions reportedly integrated into the Annual Report with limited assurance.,downloadable_pdf
Grafton Group,Ireland,Grafton Group plc Sustainability Statement 2025,https://www.graftonplc.com/~/media/Files/G/Grafton-Group/2025%20FULL%20YEAR%20RESULTS%20march%202026/Grafton-Group-plc-Sustainability-Statement-2025.pdf,https://www.graftonplc.com/~/media/Files/G/Grafton-Group/2025%20FULL%20YEAR%20RESULTS%20march%202026/Grafton-Annual-Report-2025.pdf,Building materials distribution/retail/manufacturing conglomerate.,downloadable_pdf
Permanent TSB Group Holdings,Ireland,Permanent TSB Group Holdings plc Annual Report 2025,https://www.permanenttsbgroup.ie/~/media/Files/P/Ptsb-CORP/documents/result-centre/annual-interim/2025/ptsbgh-annual-report-2025.pdf,https://www.ptsb.ie/responsible-business/sustainability/sustainability/,Sustainability Strategy progress reported across four pillars within the Annual Report.,downloadable_pdf
Cairn Homes,Ireland,Cairn Homes plc Sustainability Report 2023,https://www.cairnhomes.com/media/anfbcw12/cairn-sustainability-report-2023.pdf,https://sustainability.cairnhomes.com/,"Standalone sustainability report series since at least 2021; covers community, environment (Passive House, biodiversity), and people themes.",downloadable_pdf
Origin Enterprises,Ireland,Origin Enterprises Sustainability Report FY2025,https://live.euronext.com/sites/default/files/esg_document_files/2026-05/139978_Origin-Enterprises-Sustainability-Report-FY25_2026-05-08_14:02.pdf,https://wp-origin-resources-2024.s3.eu-west-2.amazonaws.com/media/2024/10/Origin-SR24.pdf,"'Nurturing Growth' strategy to 2030; inaugural sustainability report was FY2021, targets 54.9% Scope 1&2 GHG reduction by 2032 vs 2019 baseline.",downloadable_pdf
FBD Holdings,Ireland,FBD Holdings plc Principles for Sustainable Insurance Report 2025 (first CSRD sustainability report),https://www.unepfi.org/wordpress/wp-content/uploads/2025/05/FDB-Principles-for-Sustainable-Insurance-Report.pdf,https://www.fbdgroup.com/media/fbdgroup/files/2024%20FBD%20HOLDINGS%20ANNUAL%20REPORT%202024.pdf,First CSRD-mandated sustainability report published March 2025; UNEP FI Principles for Sustainable Insurance signatory.,downloadable_pdf
Uniphar,Ireland,Uniphar Sustainability disclosures,https://www.uniphar.ie/static/sustainability/overview/,,First CSRD sustainability statement due early 2026 (FY2025); double materiality assessment completed 2024. SBTi-approved 50% Scope 1&2 reduction target by 2030 vs 2019 (29.9% achieved by 2025). Direct PDF URL not confirmed via search.,webpage_landing_page
Glenveagh Properties,Ireland,Glenveagh Properties plc Sustainability Statement 2024,https://annualreports.glenveagh.ie/2024/sustainability-statement,https://www.sustainabilityreports.com/glenveagh-properties/2024/annual-report-and-accounts,Sustainability Statement embedded within the Annual Report and Accounts; 'Building Better' strategy.,downloadable_pdf
Cargotec,Finland,Cargotec Annual Report 2024 (incl. ESRS sustainability statement),https://cms.hiabgroup.com/globalassets/hiab-group/investor-relations/reports--presentations/annual-report/2024/cargotec-annual-report-2024-en.pdf,https://www.cargotec.com/en/sustainability/,Also has a separate historical GRI Index document; most recent confirmed edition covers FY2024.,downloadable_pdf
Valmet,Finland,Valmet Sustainability Statement 2024 (CSRD),https://www.valmet.com/globalassets/sustainability/documents/sustainability-statement--csrd/valmet_sustainability_statement_2024.pdf,https://mb.cision.com/Public/19721/4312094/ba488576f73c4d56.pdf,"A- CDP Climate score, EcoVadis Gold Medal (top 5%) in 2025. Distinct from Valmet Automotive, a related but separately-reporting entity.",downloadable_pdf
Huhtamaki,Finland,Huhtamaki Annual Report 2025 (incl. ESRS Sustainability Statement),https://www.huhtamaki.com/globalassets/global/huhtamaki_annual-report-2025.pdf,https://www.huhtamaki.com/en/sustainability/reports-and-policies/,"Sustainability Statement assured by KPMG Oy Ab, prepared per ESRS and EU Taxonomy Regulation.",downloadable_pdf
Kesko,Finland,Kesko Report by the Board of Directors and Financial Statements 2025 (incl. ESRS Sustainability Statement),https://www.kesko.fi/49309c/globalassets/03-sijoittaja/hallinnointi/2026/2025-kesko-report-by-board-of-directors-and-financial-statements-pdf-eng-id-56346.pdf,https://www.kesko.fi/en/sustainability/sustainable-kesko/Reports-en/,Limited assurance engagement performed by Deloitte Oy on the sustainability statement.,downloadable_pdf
Outokumpu,Finland,Outokumpu Sustainability Statement 2025,https://www.outokumpu.com/-/media/files/investors/annual-reports/annual-report-2025/outokumpu_sustainability_statement_2025.pdf?revision=a9c4a4c3-1935-4a92-a43b-3403d0a3af48&modified=20260227085925,https://www.outokumpu.com/en/sustainability/sustainability-downloads,ESRS-format since 2024; limited assurance by PwC per ISAE 3000 (revised).,downloadable_pdf
Metsa Board,Finland,Metsa Board Sustainability Review 2025,https://www.metsagroup.com/globalassets/metsa-board/documents/investors/annual-report/2025/metsa-board-sustainability-review-2025.pdf,https://www.metsagroup.com/sustainability/approach-to-sustainability/sustainability-reporting/,Part of Metsa Group; also publishes a separate Green Debt Report; recognized as FT Europe's Climate Leader 2025.,downloadable_pdf
Kemira,Finland,Kemira Financial Statements 2025 (incl. ESRS Sustainability Statement),https://www.kemira.com/app/uploads/2026/02/kemira-ar-financial-statements-2025.pdf,https://www.kemira.com/app/uploads/2026/02/kemira-annual-review-2025.pdf,Sustainability Statement part of the Board of Directors' report within Financial Statements.,downloadable_pdf
NET4GAS,Czech Republic,NET4GAS Consolidated Annual Report and Consolidated Sustainability Report,https://www.net4gas.cz/images/en/investors/financial-reports/net4gas_vz_2025_en.pdf,https://www.net4gas.cz/en/investors/financial-reports/,"Combined annual + sustainability report covering environmental, social, governance aspects; gas transmission system operator.",downloadable_pdf
CTP N.V.,Czech Republic,CTP Sustainability Report,https://ctp.eu/sustainability/,https://ctp.eu/sustainability-report-2022/; https://ctp.eu/wp-content/uploads/2023/04/CTP_NV_AR_2023_2024-03-11.pdf,"Domiciled/listed in Netherlands (Euronext Amsterdam); largest owner/developer of logistics and industrial real estate in Czech Republic, Romania, Hungary, Slovakia. Uses GRI, EPRA sBPR, TCFD frameworks. Direct current-year PDF URL not confirmed via search - landing page used.",webpage_landing_page
Zentiva,Czech Republic,Zentiva Sustainability Report,https://www.zentiva.com/our-impact/sustainability-report,https://www.zentiva.com/news/newsroom/2025/2025-04-09-sustainability-report-2024,Generic pharmaceuticals group HQ'd in Prague. 2024 report downloadable as PDF from page but direct file URL not confirmed via search - landing page used.,webpage_landing_page
Fio banka,Czech Republic,Fio banka Annual Report 2023 (combined report),https://www.fio.cz/docs/cz/Fio_banka_VZ_2023_preklad_AJ.pdf,https://www.fio.cz/docs/cz/Fio_banka_combined_report_2022_eng_signed.pdf,No standalone GRI-referenced sustainability report; environmental/sustainability content (e.g. 'Paperless' project) integrated into the combined annual report.,downloadable_pdf
Ceska posta,Czech Republic,Czech Post Sustainable Development Report,https://www.ceskaposta.cz/en/o-spolecnosti/udrzitelnost-a-esg,https://www.ceskaposta.cz/en/o-ceske-poste/profil/vyrocni-zpravy,"State postal operator; publishes Sustainable Development Reports (2022, 2023) and prior CSR reports in CZ/EN. Direct PDF URL not confirmed via search - landing page used.",webpage_landing_page
Agrofert,Czech Republic,Agrofert Annual Report / Corporate Responsibility Report,https://www.agrofert.cz/sites/default/files/prilohy/agrofert-annual_report_2023_consolidated.pdf,https://www.agrofert.cz/en/download/annual-reports; https://www.agrobech.cz/en/download/agrofert-group-brochures,"Large agriculture/chemicals conglomerate; publishes both annual reports and separate CSR reports (2022, 2021, 2020, 2018, 2017).",downloadable_pdf
Photon Energy,Czech Republic,Photon Energy Group Sustainability Report 2024,https://www.photonenergy.com/uploads/group/sustainability/photon-energy-group-sustainability-report-2024.pdf,https://www.photonenergy.com/en/investor-relations/reports.html,Photon Energy N.V. is domiciled in Netherlands and dual-listed (Prague/Frankfurt/Warsaw); operationally Czech-founded solar energy group.,downloadable_pdf
NOS SGPS,Portugal,NOS Integrated Annual Report,https://www.nos.pt/en/institutional/sustainability,https://www.nos.pt/en/institutional/investors,"Telecom operator; sustainability strategy (2021-2025, four pillars) reported within KPMG-verified Integrated Annual Report. Direct current-year PDF URL not confirmed via search - landing page used.",webpage_landing_page
Altri,Portugal,Altri Sustainability Report,https://altri.pt/en/sustainability/reports,https://altri.pt/en/investors/reports-and-presentations,Wood pulp/forestry group HQ'd in Porto; publishes standalone annual Sustainability Reports since 2017.,webpage_landing_page
Banco BPI,Portugal,Banco BPI Sustainability Information / Report and Accounts,https://www.bancobpi.pt/sustentabilidade,https://www.bancobpi.pt/sustentabilidade/governacao/informacao; https://www.bancobpi.pt/contentservice/getContent?documentName=PR_UCMS02076609,"CaixaBank-owned Portuguese bank HQ'd in Porto. IMPORTANT: distinct from the unrelated Bank of the Philippine Islands, which also trades under 'BPI' and dominates English-language search results for this name. Sustainability reported annually within the Management Report/Report and Accounts; Sustainable Banking Plan 25-27 (EUR4.4bn low-carbon financing target).",webpage_landing_page
EDP Renovaveis,Portugal,EDPR Annual Report 2024 (Non-Financial Information Statement),https://www.edpr-investors.com/sites/edpr-investors/files/document/2025-03/EDPR_AnnualReport2024.pdf,https://www.edpr-investors.com/en/investor-information/reports-and-presentations/reports-and-presentations,"Separately listed renewable energy subsidiary of EDP - Energias de Portugal (already in dataset as parent company); legally HQ'd in Madrid, Spain, though part of the Portuguese EDP group. Fourth-largest renewable energy producer worldwide.",downloadable_pdf
Martifer,Portugal,Martifer Sustainability Report 2021 / Integrated Annual Report 2024,https://martifer.com/multimedia/martifer/en/RQGJ90iZ_-SustainabilityReport2021_small.pdf,https://martifer.com/multimedia/martifer/en/PIMrKwWDa-martifergroup_annualreport2024.pdf,"Metal construction/renewable energy group based in Oliveira de Frades. Most recent standalone Sustainability Report is 2021; from 2022 onward, sustainability declarations are folded into the Integrated Annual Report instead.",downloadable_pdf
Vista Alegre Atlantis,Portugal,Vista Alegre Atlantis Consolidated Non-Financial Statement,https://investidores.vistaalegre.com/,https://investidores.vistaalegre.com/assets/vaa-investor-presentation-executive-summary-fy24-incl-1h25-(002).pdf,Ceramics/tableware group HQ'd in Ilhavo. EcoVadis 'Committed' rating (59%); SMETA/SEDEX and IKEA IWAY audited facilities. Direct PDF URL for sustainability statement not confirmed via search - investor relations landing page used.,webpage_landing_page
Sonae Sierra,Portugal,"Sonae Sierra Economic, Environmental and Social Report",https://www.sonaesierra.com/wp-content/uploads/2024/07/240528_PR_Sierra_EES-Report_VF_ENG.pdf,https://www.sonaesierra.com/reports/,"Shopping centre real estate management arm of Sonae Group (Sonae SGPS already in dataset as parent). Publishes annual 'Economic, Environmental and Social Report' rather than a report titled 'sustainability report'.",downloadable_pdf
Metlen Energy & Metals,Greece,METLEN ESG Sustainability & Performance Report 2023,https://www.metlengroup.com/sustainability/reports/sustainable-development-reporting/,https://www.metlengroup.com/media/ovtdu5dq/sustainable_development_report_2021_eng.pdf,"Formerly MYTILINEOS S.A., rebranded to METLEN Energy & Metals in 2024. Direct current-year (2023) report PDF URL not confirmed via search - reporting hub landing page used.",webpage_landing_page
Alpha Bank,Greece,Alpha Bank Sustainability Report 2023,https://www.alpha.gr/-/media/AlphaHoldings/Files/enimerosi-ependuton/apologismoi-drastiriotiton/alpha-bank-Sustainability-Report-2023-final.pdf,https://www.alpha.gr/en/Group/esg-and-sustainability/esg-reporting-hub,Strategic Plan 2023-2025 commits to net-zero GHG emissions by 2050; EUR3bn allocated to sustainable financing.,downloadable_pdf
Coca-Cola HBC,Greece,Coca-Cola HBC Sustainability Statement 2024 (part of Integrated Annual Report),https://www.coca-colahellenic.com/content/dam/cch/us/documents/oar2024/sustainability-statement-2024.pdf.downloadasset.pdf,https://hu.coca-colahellenic.com/en/sustainability/sustainability-report,"Swiss-incorporated (Coca-Cola HBC AG), dual-primary-listed London Stock Exchange and Athens Exchange; bottling partner for Coca-Cola across 28+ countries. Net zero across value chain targeted by 2040.",downloadable_pdf
Sarantis Group,Greece,Sarantis Group Sustainability Report 2023,https://greece.sarantisgroup.com/media/tu1pkmzw/sarantis_csr_2023.pdf,https://sarantisgroup.com/sustainability/sustainability-reports/,"Consumer products group operating across 13 countries. ESG strategy/decarbonization roadmap presented March 2025: 42% Scope 1&2 CO2 reduction by 2030, net-zero by 2050.",downloadable_pdf
ElvalHalcor,Greece,ElvalHalcor Annual Report incl. Sustainability Report (CSRD) 2024,https://halcor.com/wp-content/uploads/sustainability/sustainability-reports/interactive_elvalhalcor_ar_csrd_en_2024.pdf,https://www.elvalhalcor.com/sustainability/sustainability-reports/,Aluminium and copper processing group. FY2024 was the first year reporting under ESRS/CSRD requirements.,downloadable_pdf
Fourlis Group,Greece,Fourlis Group Sustainability Report (CSRD) FY2024,https://www.fourlis.com/media/ckker51g/csrd_2024_eng.pdf,https://www.fourlis.com/sustainability/sustainability-report/,Retail group operating IKEA and Intersport franchises in Greece/SE Europe. FY2024 report is CSRD-aligned; prior years published as 'Sustainable Development and Corporate Social Responsibility Report'.,downloadable_pdf
GEK Terna,Greece,GEK TERNA Group Sustainability Report 2023,https://www.gekterna.com/userfiles/PressReleases/pressreleases/en/2024/GEK%20TERNA_SUSTAINABILITY%20REPORT%202023.pdf,https://www.gekterna.com/sustainable-development/,Construction and energy conglomerate; Corporate Responsibility Report published annually since 2013. 2023 report includes first Double Materiality analysis under CSRD; CDP climate rating B.,downloadable_pdf
MVM Group,Hungary,MVM Group Integrated ESG Report 2023,https://mvm.hu/-/media/MVMHu/Documents/Befektetoknek/ESG/EN/2023/MVM-Group-Integrated-ESG-Report-2023.pdf,https://www.bet.hu/newkibdata/129058542/MVM%20Group%202023%20annual%20report.pdf,Vertically integrated national energy group covering the entire Hungarian energy sector (state-owned). ESG report follows GRI Standards.,downloadable_pdf
Magyar Posta,Hungary,Magyar Posta Group Sustainability Report 2024,https://www.posta.hu/static/internet/download/Fenntarthatosagi-jelentes_2024_EN.pdf,https://posta.hu/sustainability_reports,Hungarian national postal administration; sustainability reports published since at least 2017.,downloadable_pdf
ALTEO Group,Hungary,ALTEO Group Sustainability Report 2024,https://alteo.hu/wp-content/uploads/2025/05/ALTEO-Fenntarthatosagi-Jelentes-7.0_EN_fin.pdf,https://alteo.hu/sustainability/reports-facts-data/sustainability-reports/?lang=en,"Renewable/natural gas energy production, trading and services group. First Hungarian energy company with independent international ESG certification (since Feb 2022); non-financial statement prepared at GRI 'Core' level, third-party certified.",downloadable_pdf
Raba Automotive Group,Hungary,Raba Sustainability Report 2024,https://raba.hu/en/investors/publications/,https://raba.hu/en/for-investors/,Automotive components manufacturer HQ'd in Gyor. 'RABA Modernisation Programme' (launched 2022) targets green energy adoption and reduced ecological footprint. Direct PDF URL not confirmed via search - publications landing page used.,webpage_landing_page
Graphisoft Park SE,Hungary,Graphisoft Park SE Sustainability Report 2023 (ESG Report),https://www.graphisoftpark.com/en/investors,https://bet.hu/site/newkib/en/2024.06./Graphisoft_Park_SE_-_Sustainability_Report_2023_ESG_Report__129081334,"Budapest office park real estate company listed on Budapest Stock Exchange. Distinct from Graphisoft SE, the BIM architecture-software company acquired by Nemetschek - shares the Graphisoft name/origin but is a separate listed real estate entity. ESG report prepared with reference to GRI standards. Direct PDF URL not confirmed via search - investor page used.",webpage_landing_page
Hidroelectrica,Romania,Hidroelectrica Annual Report 2024,https://cdn.hidroelectrica.ro/cdn/aga/2025/29_aprilie_2025/raport_anual/rezumat_raport_anual/Raport_Hidroelectrica_2024_EN.pdf,https://bvb.ro/infocont/infocont25/H2O_20250430132056_H2O-EN-FY-2024-Report-merged2.pdf,"State-controlled, largest renewable energy producer in Romania (188 hydro plants totaling 6.4GW capacity, plus Crucea wind farm). IPO'd on Bucharest Stock Exchange in 2023. Pursuing goal of remaining a 100% green company.",downloadable_pdf
Sphera Franchise Group,Romania,Sphera Franchise Group Sustainability Report 2023,https://spheragroup.com/wp-content/uploads/2024/07/Sustainability-Report-Sphera-Franchise-Group-2023_final.pdf,https://spheragroup.com/sustenabilitate/rapoarte-de-sustenabilitate/?lang=en,"Operates KFC, Pizza Hut, and Taco Bell franchises across Romania, Moldova and Italy. Sustainability statement independently assured (limited assurance report on file for 2024).",downloadable_pdf
MedLife,Romania,MedLife Group Sustainability Statement/Report 2025,https://www.medlife.ro/sites/default/files/2026-04/Raport%20Sust_MedLife_2025_eng.pdf,https://www.medlife.ro/sites/default/files/2025-03/Medlife%20Rap%20adm_CSRD%20report_Opinie%20Deloitte%20-%20ENG.pdf,Largest private healthcare provider in Romania; first Sustainability Report published September 2022 (covering FY2021). FY2024 Administrators' Report is CSRD-compliant with Deloitte opinion.,downloadable_pdf
Transgaz,Romania,Transgaz Sustainability Report,https://www.transgaz.ro/en/sustainability/sustainability-report,https://www.miga.org/sites/default/files/2026-03/Transgaz%20Raport%20Sustenabilitate%202024%20en_final%2004.04_0.pdf,"National natural gas transmission system operator, HQ'd in Medias. Sustainability reports published for reporting years 2020, 2023, and 2024 (consolidated sustainability statement with limited auditor assurance).",webpage_landing_page
Purcari Wineries,Romania,Purcari Wineries PLC Sustainability Statement 2024,https://purcariwineries.com/wp-content/uploads/2025/06/Purcari-Wineries-PCL_Sustainability-Statement_Consolidated_Final.pdf,https://purcariwineries.com/en/purcari-wineries-publishes-its-2023-sustainability-report/,"Listed on Bucharest Stock Exchange; legally domiciled in Cyprus (Public Company Limited) with wine operations across Romania, Moldova, Bulgaria and Czech Republic. Voluntarily adopted CSRD/ESRS standards for the FY2024 report.",downloadable_pdf
Millicom International Cellular,Luxembourg,Millicom International Cellular 2023 Annual Report with Sustainability Disclosures,https://www.sustainabilityreports.com/millicom-international-cellular/2023/annual-report,https://unglobalcompact.org/participation/report/cop/advanced/466907,Luxembourg-domiciled holding company (S.A.); operates the 'Tigo' mobile brand across Latin America. Science-based GHG reduction targets validated by SBTi. Direct PDF hosted on third-party aggregator - primary-source PDF URL not confirmed via search.,webpage_landing_page
Grand City Properties,Luxembourg,Grand City Properties Consolidated Sustainability Statement 2024,https://www.grandcityproperties.com/sustainability,https://www.grandcityproperties.com/grandcityproperties.com/Documents/PDFs/GCP_Non-Financial_Report_2021.pdf,"Luxembourg-domiciled (registered office in Luxembourg City) residential real estate group with operating focus on German cities, especially Berlin. CSRD/ESRS-aligned Consolidated Sustainability Statement integrated into the 2024 Annual Report; targets 40% CO2 reduction by 2030 vs 2019 baseline. Direct current-year PDF URL not confirmed via search - landing page used.",webpage_landing_page
B&M European Value Retail,Luxembourg,B&M FY23 ESG Report,https://www.bandmretail.com/~/media/Files/B/Bmstores-Corp/documents/investors/reports-and-presentations/2023/fy23-esg-report.pdf,https://www.sustainabilityreports.com/b-and-m-european-value-retail,Incorporated in Luxembourg (S.A.) but operationally a UK discount variety retail chain (B&M Bargains); ESG reports published annually since 2017.,downloadable_pdf
Befesa,Luxembourg,Befesa Sustainability/ESG Report,https://befesaesgreport.com/,https://images.befesa.com/media/2025/04/Befesa__Annual_Report_2024-68112577a748f.pdf,"Incorporated in Luxembourg (S.A., registered office Boulevard de la Petrusse) but operates steel dust and aluminium salt slag recycling facilities across Germany, Spain, Sweden, France, Turkey, South Korea, China and the US. Dedicated ESG report microsite; specific report-year PDF URL not confirmed via search.",webpage_landing_page
U.S. Steel Kosice,Slovakia,U. S. Steel Kosice CSR / Environmental Reports,https://www.usske.sk/en/community/csr-reports,https://www.ussteel.com/2023-sustainability-report/introduction/overview,Slovak steelmaking subsidiary of United States Steel Corporation (US-listed parent - do not conflate the two entities' separate reports). Local CSR/environmental reports plus parent's group-level Sustainability Report on ESG Data Hub.,webpage_landing_page
SPP - Slovensky plynarensky priemysel,Slovakia,SPP Sustainability Report 2023,https://www.spp.sk/wp-content/uploads/2024/06/SPP-Sustainability_Report-2023.pdf,https://www.spp.sk/wp-content/uploads/2025/08/SPP-Conso-Annual-Report-including-CSRD-2024.pdf,Slovak natural gas supplier; first standalone GRI-aligned Sustainability Report published 2022. FY2024 Annual Report incorporates CSRD reporting.,downloadable_pdf
ZSSK - Zeleznicna spolocnost Slovensko,Slovakia,ZSSK Annual Report 2024,https://www.zssk.sk/wp-content/uploads/2025/08/ANNUAL-REPORT-2024.pdf,https://www.zssk.sk/wp-content/uploads/2024/08/VYROCNA-SPRAVA-2023.pdf,Slovak state-owned passenger rail operator (Bratislava). Began preparing CSRD/EU Taxonomy-aligned sustainability reporting in 2024; transported over 70 million passengers in 2024.,downloadable_pdf
ZSE Group,Slovakia,ZSE Group Sustainability Report 2023,https://www.skupinazse.sk/documents/29452/ZSE_sprava-o-udrzatelnosti-2023_EN_final.pdf,https://www.skupinazse.sk/documents/29798/ZSE_AnnualReport2024.pdf,Electricity distribution/supply utility (Zapadoslovenska energetika) serving nearly 2 million customers in western Slovakia; part-owned by Germany's E.ON. Also publishes Consolidated Sustainability Reporting within the 2024 Annual Report.,downloadable_pdf
Zavarovalnica Triglav,Slovenia,Zavarovalnica Triglav / Triglav Group Annual Report 2024 with Sustainability Disclosures,https://www.sustainabilityreports.com/zavarovalnica-triglav/2024/annual-report,https://annualreport.triglav.eu/2022/sustainability,"Leading Slovenian insurance group. FY2024 report is the first aligned with CSRD/ESRS; reduced Scope 1&2 carbon footprint by 12%, increased renewable electricity share to 66%. Direct primary-source PDF URL not confirmed via search - hosted on third-party aggregator.",webpage_landing_page
Sava Re,Slovenia,Sava Re / Sava Insurance Group Annual Report 2024 (incl. Sustainability Report),https://www.sava-re.si/en-si/investor-relations/reports-results/annual-report-2024/,https://www.sava-re.si/media/store/savare/en-si/2025/doc/fr/A02_Sava_Re_2024_Annual_Report.pdf,Ljubljana-based reinsurer serving 500+ clients globally. Targets 55% reduction in Scope 1&2 emissions by 2030; increased ESG investment allocation to 23.6%.,webpage_landing_page
GEN-I,Slovenia,GEN-I / GEN Group Annual and Sustainability Reports,https://www.gen-igroup.com/about-us/business-performance/annual-reports/,https://www.gen-igroup.com/media/cw3hyoeb/gen-i-annual-report-2024.pdf,"Electricity trading and supply company, part of the state-owned GEN Group (which also owns the Krsko nuclear plant operator GEN Energija - a related but distinct entity). Trading volumes roughly 10x Slovenia's domestic electricity consumption; active in 20+ European markets.",webpage_landing_page
Posta Slovenije,Slovenia,Posta Slovenije Group Annual Report 2024,https://en.posta.si/Documents/Annual_reports/Annual-Report-2024.pdf,,Slovenian national postal operator (Maribor). Consolidated sustainability statement for FY2024 reviewed with limited assurance by Forvis Mazars d.o.o. (16 May 2025). Note: do not confuse with Slovenska posta (Slovak Post) - a different national postal operator in a different country despite the similar name.,downloadable_pdf
HEP Group,Croatia,HEP Group Sustainability Report,https://www.hep.hr/csr/sustainability-reports-2567/2567,https://www.hep.hr/UserDocsImages/dokumenti/Izvjesce%20o%20odrzivosti/HEP_2017_Sustainability.pdf,State-owned Croatian national electric utility (Hrvatska elektroprivreda). Sustainability reports published annually since 2013/2014; archive page lists reports through 2023. Current-year direct PDF URL not confirmed via search - reports index page used.,webpage_landing_page
Hrvatska posta,Croatia,Hrvatska posta Sustainability Report,https://hrvatska.posta.hr/en/sustainability-6783,https://hrvatska.posta.hr/en/about-us/investors,Croatian national postal operator. Corporate Strategy 'Posta2025(30)' frames ESG as a core pillar; reduced CO2 emissions by 18% in one year. Direct PDF URL not confirmed via search - sustainability landing page used.,webpage_landing_page
Valamar Riviera,Croatia,Valamar Riviera Integrated Annual Report and Sustainability 2023,https://esg.valamar-riviera.com/esg-reporting/,https://valamar-riviera.com/en/media/integrated-annual-reports/,Leading Croatian tourism/hospitality group (HQ Porec). Integrated financial and non-financial (sustainability) reporting since 2015. Sustainability strategy built on 6 strategic initiatives targeting 2026; has eliminated most single-use plastics in hotels/campsites.,webpage_landing_page
Ericsson Nikola Tesla,Croatia,Ericsson Nikola Tesla Group Annual Report 2024 (incl. first CSRD Sustainability Report),https://ericssonnikolatesla.com/en/about-us/sustainability-and-corporate-responsibility/,https://ericssonnikolatesla.com/en/investor-relations/reports/annual-reports/,"Croatian telecom equipment subsidiary of Sweden's Ericsson, separately listed on the Zagreb Stock Exchange (distinct legal entity/report from parent Telefonaktiebolaget LM Ericsson). FY2024 Annual Report contains the first sustainability report prepared under CSRD/ESRS.",webpage_landing_page
First Investment Bank (Fibank),Bulgaria,First Investment Bank AD Sustainability Report (Individual Basis),https://www.fibank.bg/web/files/documents/848/files/Fibank-SUSTAINABILITY-REPORT_Audit-Conclusion-2025-Eng_180326.pdf,https://www.fibank.bg/en/about-us/sustainability,"One of Bulgaria's largest banks. Began publishing voluntary standalone Sustainability Reports for FY2024 and FY2025, with an audit conclusion attached, ahead of mandatory CSRD requirements.",downloadable_pdf
Telelink Business Services,Bulgaria,Telelink Business Services Group ESG Report 2024,https://www.tbs.tech/telelink-business-services-group-esg-report-2024/,https://www.tbs.tech/file/tbs-sustainability-report-july-2023/,"IT services/systems integration group HQ'd in Sofia, operating across Bulgaria, Serbia, North Macedonia and Croatia. UN Global Compact participant; publishes annual ESG reports.",webpage_landing_page
Bulgartransgaz,Bulgaria,Bulgartransgaz Consolidated Annual Activity Report 2024,https://www.bulgartransgaz.bg/en/pages/godishni-otcheti-finansovi-otcheti-33.html,https://bulgartransgaz.bg/files/useruploads/files/2025/Financical%20statement%202024/KFO%20Bulgartransgaz%2031.12.2024-signed-ENG-1.pdf,State-owned natural gas transmission and storage operator. No standalone sustainability report identified via search; ESG/sustainable-development commitments embedded in the Consolidated Annual Activity Report and Ten-Year Network Development Plan.,webpage_landing_page
Sirma Group Holding,Bulgaria,Sirma Group Holding Investor Relations / Corporate Governance,https://investors.sirma.com/en,https://sirma.com/company/about.html,Bulgarian AI/data-management/digital-transformation software group operating in 170+ countries. No standalone sustainability report identified via search - investor relations landing page used; verification should check for a report added since this search.,webpage_landing_page
Litgrid,Lithuania,Litgrid Sustainability Report / ESG data,https://ditchcarbon.com/organizations/litgrid,https://www.litgrid.eu/index.php?lang=2,"Lithuanian electricity transmission system operator, established 2010. Related to but a distinct legal entity from Ignitis Group (already in dataset - Ignitis is the broader state energy holding). Connected 217MW of renewable sources to the grid in 2023. Direct primary-source PDF URL not confirmed via search - third-party aggregator used.",webpage_landing_page
Lietuvos Pastas,Lithuania,Lietuvos Pastas Consolidated Management Report 2024 (incl. Social Responsibility Report),https://www.post.lt/sites/default/files/Lietuvos%20pa%C5%A1tas%20Consolidated%20management%20report%202024.pdf,https://www.post.lt/sites/default/files/Dokumentai/Lietuvos%20pa%C5%A1tas%20Consolidated%20annual%20report%202023.pdf,Lithuanian national postal operator. Sustainability content reported as a Social Responsibility Report section within the Consolidated Management Report. Introduced reusable parcel packaging (award-winning) and began electrifying its delivery fleet (LP EXPRESS) in Vilnius/Kaunas in 2024.,downloadable_pdf
Klaipedos Nafta (KN Energies),Lithuania,KN Energies Corporate Strategy 2023-2050 / Sustainability disclosures,https://www.knenergies.lt/,https://www.offshore-energy.biz/lithuanian-kn-has-new-long-term-strategy-focused-on-energy-transformation-and-climate-neutrality/,"Operates the Klaipeda LNG terminal and other energy infrastructure; rebranded to 'KN Energies'. New long-term strategy (2023-2050) targets full climate neutrality by 2050, with emissions cuts of 30% by 2030 and ~70% by 2040; EUR300m of planned capex through 2030 partly earmarked for new/sustainable energy infrastructure. Direct sustainability report PDF URL not confirmed via search - corporate homepage used.",webpage_landing_page
Grigeo Group,Lithuania,Grigeo Group AB Consolidated Management Report (incl. Sustainability/ESRS disclosures) 2025,https://www.grigeo.com/storage/app/media/Verslo%20tvarumas/Tvarumo%20ataskaitos/2025_ar_en_con.pdf,https://nasdaqbaltic.com/market/upload/reports/grg/2024_ar_en_eur_con_ias.pdf,"The only integrated paper/wood industry group in Lithuania, among the largest in the Baltic countries. Reports prepared in accordance with ESRS and Lithuanian legislation. Circular-economy production model using recycled waste paper for tissue and corrugated cardboard products.",downloadable_pdf
Augstsprieguma tikls (AST),Latvia,AS Augstsprieguma tikls Group Consolidated Sustainability Report 2024,https://www.ast.lv/sites/default/files/editor/Gada%20atkar%C4%ABbas%20p%C4%81rskati/AST_Gada_parskats_Ilgtspeja_EN_2024.pdf,https://www.nasdaqbaltic.com/market/upload/reports/ast/2025_ar_en_con.pdf,"Sole electricity transmission system operator in Latvia; 100% state-owned via Ministry of Climate and Energy. Sustainability reports prepared per GRI guidelines, published since at least 2019.",downloadable_pdf
Rigas Udens,Latvia,Rigas Udens 2024 Sustainability and Annual Report,https://www.rigasudens.lv/sites/default/files/Parskati/LLC%20Rigas%20udens_2024%20sustainability%20and%20annual%20report.pdf,,Riga's municipal water and wastewater utility company.,downloadable_pdf
Latvijas Finieris,Latvia,Latvijas Finieris Sustainability Report 2023,https://www.finieris.com/wp-content/uploads/2024/04/Latvijas-Finieris-Sustainability-Report-20231.pdf,,"Birch plywood and wood products manufacturer HQ'd in Riga, one of the largest in the Baltics.",downloadable_pdf
Rigas Siltums,Latvia,Rigas Siltums Annual Report 2024,https://www.rs.lv/sites/default/files/akardeons_fails/annual-report-2024.pdf,https://www.rs.lv/sites/default/files/akardeons_fails/consolidated-annual-report-2023.pdf,"Latvia's largest centralized district heating company, providing 76% of Riga's district heating needs across 8,000+ buildings (~3M MWh/year). Exploring hydrogen and synthetic methane production as part of sustainability strategy. Sustainability content ('Ilgtspejas parskats') referenced but a dedicated standalone report PDF was not confirmed via search - annual report used instead.",downloadable_pdf
Elering,Estonia,Elering Annual Report 2025 (incl. sustainability/SDG contribution),https://elering.ee/sites/default/files/2026-04/Annual%20Report%202025.pdf,https://elering.ee/sites/default/files/public/Investorile/MA%202024/Elering_Annual-report_2024_ENG_06.pdf,"Estonia's electricity and gas transmission system operator. Responsible business principles integrated into management, approved by the management board. Primary sustainability focus on UN SDG 7 (Sustainable Energy) and SDG 13 (Climate Action).",downloadable_pdf
Omniva,Estonia,Omniva Group Sustainability Report 2023,https://www.omnivagroup.com/wp-content/uploads/2024/05/Sustainability-report-2023.pdf,https://www.omnivagroup.com/about/reports/,"Baltic postal and logistics group (formerly AS Eesti Post). Group-wide carbon footprint assessment covering buildings, transport, and employee commuting. Electric delivery vehicles and parcel locker network reduce door-to-door delivery footprint.",downloadable_pdf
Tallinna Sadam (Port of Tallinn),Estonia,Tallinna Sadam Sustainability Report 2025,https://www.ts.ee/wp-content/uploads/2026/04/Sustainability_Report_2025.pdf,https://www.ts.ee/en/sustainability/,Operator of Estonia's largest ports. Report content shaped by a double materiality assessment. Partnering with the Port of Stockholm on fossil-fuel-free maritime transport initiatives.,downloadable_pdf
Enefit Green,Estonia,Enefit Green Annual Report 2024 (incl. sustainability section),https://nasdaqbaltic.com/market/upload/reports/egr/2024_ar_en_eur_con_00.pdf,https://public-docs.enefitgreen.ee/investorile/2021/aastaaruanne-ENG.pdf,"Renewable energy company, majority-owned subsidiary of state-owned Eesti Energia (parent already in dataset as 'Eesti Energia (Enefit)' - a related but separately listed entity). Operates across Estonia, Lithuania, Poland, Latvia and Finland. Sustainability section (unaudited, company-reported) spans pages 41-61 of the 2024 Annual Report.",downloadable_pdf
HSBC Bank Malta,Malta,HSBC Bank Malta plc Annual Report and Accounts 2024,https://www.hsbc.com/-/files/hsbc/investors/hsbc-results/2024/annual/pdfs/hsbc-bank-malta-plc/250219-hbmt-annual-report-and-accounts-2024.pdf,https://www.about.hsbc.com.mt/-/media/malta/en/hsbc-in-malta/190917-corporate-social-responsibility-report.pdf,"Maltese subsidiary of HSBC Group, separately listed on the Malta Stock Exchange. Sustainability commitments (net-zero bank transition, low-carbon economy support) reported within its own Annual Report and Accounts, distinct from parent HSBC Holdings plc's group-level sustainability report.",downloadable_pdf
APS Bank,Malta,APS Bank ESG Disclosures Report (31 December 2023),https://www.apsbank.com.mt/wp-content/uploads/2024/07/ESG-Disclosures-Report-31-December-2023.pdf,https://www.apsbank.com.mt/wp-content/uploads/2026/03/Annual-Report-and-Financial-Statements-2025_.pdf,Malta's self-described 'community bank'; founding member of MESGA (Malta ESG Alliance). ESG disclosures follow Pillar 3/EBA guidelines under CRR II.,downloadable_pdf
International Hotel Investments (Corinthia Group),Malta,International Hotel Investments p.l.c. Annual Report 2023,https://corinthiagroup.com/wp-content/uploads/2024/06/35624-CORINTHIA-ANNUAL-REPORT-2023_WEB-min.pdf,https://www.corinthiagroup.com/wp-content/uploads/2023/06/37547-CORINTHIA-ANNUAL-REPORT-2022_WEB-min.pdf,Parent listed company of Corinthia Hotels Limited and the wider Corinthia Group. Environmental/sustainability data (Scope 1&2 emissions) reported within the Annual Report rather than a standalone sustainability report.,downloadable_pdf
Electricity Authority of Cyprus (EAC),Cyprus,EAC Sustainability Report 2023,https://www.eac.com.cy/EN/EAC/FinancialInformation/Pages/AnnualReports.aspx,https://www.eac.com.cy/EN/EAC/FinancialInformation/Documents/Annual%20Report%202017.pdf,"State-owned Cypriot electric utility. 2023 report was only the second standalone sustainability report EAC has ever issued, covering CSR and ESG matters. Gradually electrifying its vehicle fleet; planning natural gas imports (~30% lower carbon content than heavy fuel oil) to cut emissions. Direct current-year PDF URL not confirmed via search - annual reports index page used.",webpage_landing_page
CYTA - Cyprus Telecommunications Authority,Cyprus,CYTA Annual Report & Sustainable Development Report 2023,https://www.cyta.com.cy/mp/informational/docs/annualreports/AnReport_2023_en.pdf,https://www.cyta.com.cy/mp/informational/docs/annualreports/AnReport_2022_en.pdf,State-owned Cypriot telecommunications operator. Published its inaugural combined Annual Report & Sustainable Development Report for FY2022; continued for FY2023. Networks investment (replacement value) exceeds EUR1 billion.,downloadable_pdf
Cyprus Trading Corporation (CTC),Cyprus,Cyprus Trading Corporation PLC Sustainability Reports (2017-2025),https://ctcgroup.com/investor-centre/ctc-ic/,https://www.ctcgroup.com/wp-content/uploads/spyros/2018/08/Cyprus-Trading-Corporation-Plc-Annual-Report-2017-en.pdf,"Diversified Cypriot retail and distribution group listed on the Cyprus Stock Exchange. Sustainability reports published annually since 2017, available in both English and Greek via the investor centre. Direct current-year PDF URL not confirmed via search - investor centre landing page used.",webpage_landing_page
