company_name,country,report_title,source_pdf_url,additional_source_urls,notes,source_type
SAP,Germany,SAP Integrated Report 2025,https://www.sap.com/docs/download/investors/2025/sap-2025-integrated-report.pdf,,Large (200+ pg) integrated report. No standalone GRI content index found on site; Report Data Hub shows TCFD/PAI disclosures instead. GRI index (if any) would be inside this PDF.,downloadable_pdf
Siemens,Germany,Siemens Sustainability Statement for fiscal 2025 (part of Combined Management Report),https://assets.new.siemens.com/siemens/assets/api/uuid:dea0c623-1ae9-4ef0-a69a-31d8eb7b39fb/sustainability-statement.pdf,,"FY2025 reporting now under CSRD/ESRS as part of Combined Management Report, not a standalone sustainability report.",downloadable_pdf
Siemens Healthineers,Germany,Siemens Healthineers Annual Report 2025 (incl. CSRD/ESRS sustainability reporting),https://corporate.webassets.siemens-healthineers.com/a364b935102e7df5/d7fdacda458e/siemens-healthineers-ir-annual-report-2025.pdf,,Sustainability content integrated into Annual Report 2025 under CSRD/ESRS.,downloadable_pdf
Volkswagen Group,Germany,Volkswagen Group ESRS Sustainability Report (Annual Report 2025),https://annualreport2025.volkswagen-group.com/_assets/downloads/esrs-sustainability-report-vw-ar25.pdf,,"Explicitly states it reports under CSRD/ESRS, GRI Standards, SBTi, UN Global Compact, and EU Taxonomy — best candidate among Germany batch for an actual GRI reference/index.",downloadable_pdf
Mercedes-Benz Group,Germany,Mercedes-Benz Group Annual Report 2025 (incl. Combined Management Report),https://group.mercedes-benz.com/documents/investors/reports/annual-report/mercedes-benz/mercedes-benz-annual-report-2025-incl-combined-management-report-mbg-ag.pdf,,Sustainability Statement integrated into Annual Report under CSRD/ESRS since FY2024; no standalone GRI index found.,downloadable_pdf
BMW Group,Germany,BMW Group Report 2025,https://www.bmwgroup.com/content/dam/grpw/websites/bmwgroup_com/ir/downloads/en/2026/bericht/BMW-Group-Report-2025-en.pdf,,BMW published standalone GRI Content Index PDFs in 2022 and 2023 but no 2025 GRI index PDF was found — may have been discontinued in favor of ESRS index within this report.,downloadable_pdf
Allianz,Germany,Allianz Group Annual Report 2025,https://www.allianz.com/content/dam/onemarketing/azcom/Allianz_com/investor-relations/en/results-reports/annual-report/ar-2025/en-allianz-group-annual-report-2025.pdf,,"Sustainability Statement (CSRD-compliant) is part of Annual Report 2025, not separate.",downloadable_pdf
Deutsche Bank,Germany,Deutsche Bank Annual Report 2025 (incl. Non-Financial Report),https://investor-relations.db.com/files/documents/other-presentations-and-events/2025/Annual-Report-2025.pdf,,Non-Financial Report is part of Annual Report 2025 under CSRD requirements.,downloadable_pdf
BASF,Germany,BASF Report 2025 - Sustainability Statement,https://report.basf.com/2025/en/_assets/downloads/sustainability-statement-basf-ar25.pdf,,BASF confirms an ESRS Index for 2025; historically had a separate GRI index (last confirmed 2020) but no 2025 GRI index found.,downloadable_pdf
Bayer,Germany,Bayer Impact Report 2025,https://www.bayer.com/sites/default/files/2026-03/bayer-impact-report-2025.pdf,,Bayer states its sustainability reporting has been GRI-aligned since 2000; 2025 Sustainability Statement (in Annual Report) uses ESRS.,downloadable_pdf
Adidas,Germany,adidas Annual Report 2025,https://report.adidas-group.com/2025/en/_assets/downloads/annual-report-adidas-ar25.pdf,,adidas applied GRI guidelines only through its 2023 annual report and has since transitioned to ESRS — likely no GRI index in 2025.,downloadable_pdf
Puma,Germany,PUMA Annual Report 2025 (incl. Business & Sustainability Report),https://about.puma.com/sites/default/files/financial-report/2025/puma-gb-2025-gesamt-en-final.pdf,,Puma has historically published a GRI Content Index — good candidate.,downloadable_pdf
Vonovia,Germany,Vonovia SE Annual Report 2025,https://report.vonovia.com/2025/q4/app/uploads/Vonovia-SE_Annual-Report-2025.pdf,,"Vonovia states its sustainability reporting follows GRI Standards, but current Non-financial Group Declaration is ESRS-compliant.",downloadable_pdf
Infineon Technologies,Germany,Sustainability at Infineon (supplementing Annual Report 2025),https://www.infineon.com/assets/row/public/documents/corporate/company/sustainability/sustainability-at-infineon.pdf,,Infineon explicitly states sections not covered by ESRS are reported with reference to GRI principles/standards.,downloadable_pdf
Schneider Electric,France,Schneider Electric 2025 Universal Registration Document,https://echanges.dila.gouv.fr/OPENDATA/AMF/ECO/2026/03/FCECO081372_20260327.pdf,,Official AMF regulatory filing copy of the 2025 URD.,downloadable_pdf
LVMH,France,LVMH 2025 Social and Environmental Responsibility Report,https://www.lvmh.com/en/press/key-documents,,Could not find a direct PDF URL via search - landing page only.,downloadable_pdf
L'Oreal,France,L'Oreal 2025 Universal Registration Document + GRI Standards table,https://www.loreal-finance.com/eng/2025-universal-registration-document/,https://www.loreal.com/-/media/project/loreal/brand-sites/corp/master/lcorp/articles-media/commitments/external-recognitions-rework/loral-sustainability-reporting--gri-content-index-2023.pdf;https://www.loreal.com/-/media/project/loreal/brand-sites/corp/master/lcorp/3-commitments/2026/esg-performance/loreal-2025-annual-report-en.pdf,L'Oreal publishes GRI content as a SEPARATE standalone table. Only found a confirmed 2023 English GRI Content Index (2nd URL) - no 2025 English version located; also added a 2025 ESG performance essentials doc (3rd URL) as a fallback.,downloadable_pdf
TotalEnergies,France,TotalEnergies GRI Content Index 2025 (GRI Standards 2021),https://totalenergies.com/sites/g/files/nytnzq121/files/documents/totalenergies_index-gri-2025_2025.pdf,,"Strong candidate - TotalEnergies maintains a dedicated, regularly updated standalone GRI index PDF, reports at GRI 'Core' level.",downloadable_pdf
Sanofi,France,Sanofi 2025 GRI Content Index + Universal Registration Document,https://www.sanofi.com/assets/countries/india/docs/Investors/annual-reports/2005/Sanofi-2025_GRI-Index-03-04-26.pdf,https://www.sanofi.com/assets/dotcom/content-app/publications/annual-report-on-form-20-f/2025-sanofi-urd.pdf,"Direct standalone GRI Content Index PDF found - best candidate. Added the 2025 URD as second doc for cross-reference (Chapter 3, Declaration of Extra-financial Performance).",downloadable_pdf
BNP Paribas,France,BNP Paribas Universal Registration Document & Annual Financial Report 2025,https://cdn-group.bnpparibas.com/uploads/file/universal-registration-document-annual-financial-report-2025.pdf,,No explicit GRI index confirmed via search; sustainability content is inside the URD under CSRD/ESRS framework.,downloadable_pdf
AXA,France,AXA 2025 Universal Registration Document,https://www.axa.com/en/press/publications/2025-annual-report,,Could not find a direct 2025 PDF URL - landing page only. No GRI index confirmed via search.,downloadable_pdf
Danone,France,Danone 2025 Universal Registration Document (Annual Financial Report),https://www.danone.com/content/dam/corp/global/danonecom/investors/en-all-publications/2026/registrationdocuments/danoneurdaccessible.pdf,,No standalone GRI index confirmed via search; sustainability info is within the URD.,downloadable_pdf
Airbus,France,Airbus 2025 Universal Registration Document / Annual Report,https://www.globenewswire.com/news-release/2026/03/30/3264801/0/en/2025-universal-registration-document-pdf.html,,Could not find the direct company-hosted PDF for 2025 - only a GlobeNewswire notice. 2023 URD had a GRI Index section.,downloadable_pdf
Engie,France,ENGIE Universal Registration Document 2025 + GRI standards correspondence table,https://www.engie.com/app/uploads/2026/03/Universal-Registration-Document-2025.pdf,https://www.engie.com/sites/default/files/assets/documents/2025-06/2025%20ENGIE%20GRI%20standards%20disclosure_1.pdf,"ENGIE also publishes a standalone GRI standards correspondence table (Core level), dated June 2025 - may cover FY2024, verify reporting year.",downloadable_pdf
Hermes,France,Hermes 2025 Universal Registration Document (incl. Annual Financial Report),https://assets-finance.hermes.com/s3fs-public/node/pdf_file/2026-04/1777391712/260320_hermes_urd2025_en.pdf,,No standalone GRI index confirmed via search; sustainability info would be within the URD if present.,downloadable_pdf
Novo Nordisk,Denmark,Novo Nordisk Annual Report 2025,https://www.novonordisk.com/content/dam/nncorp/global/en/investors/irmaterial/annual_report/2026/novo-nordisk-annual-report-2025.pdf,,Integrated financial + sustainability report. GRI index presence not confirmed via search.,downloadable_pdf
Novonesis,Denmark,Novonesis Annual Report 2025,https://media.novonesis.com/Novonesis_Annual_Report_2025.pdf,,"URL inferred from press coverage pattern, not independently confirmed - verify it resolves. Also has an ESG Portal at novonesis.com/en/sustainability/esg-portal.",downloadable_pdf
Vestas Wind Systems,Denmark,Vestas Annual Report 2025,https://www.vestas.com/content/dam/vestas-com/global/en/investor/reports-and-presentations/financial/2025/fy-2025/Vestas%20Annual%20Report%202025.pdf.coredownload.inline.pdf,,Sustainability now integrated into Annual Report under CSRD/ESRS. No standalone GRI report found.,downloadable_pdf
Orsted,Denmark,Orsted Annual Report 2025,https://cdn.orsted.com/-/media/annual-2025/annual-report-2025.pdf,,CSRD/ESRS Sustainability Statements embedded in Annual Report. No explicit GRI reference confirmed.,downloadable_pdf
Maersk,Denmark,A.P. Moller - Maersk Annual Report 2025,https://investor.maersk.com/static-files/75fac9de-c2cc-421c-8eaf-17d5c5d86135,,Integrated annual report aligned to ESRS. No standalone GRI report found.,downloadable_pdf
Eni,Italy,Eni Sustainability Statement (Annual Report) + Eni for 2025 - A Just Transition,https://report.eni.com/annual-report-2025/en/_assets/downloads/sustainability-eni-ar25.pdf,https://www.eni.com/content/dam/enicom/documents/eng/sustainability/2025/eni-for-2025-just-transition-eng.pdf,Eni publishes TWO relevant documents: the Sustainability Statement (ESRS-based but references GRI Oil & Gas Sector Standard) and the voluntary 'Eni for 2025' report - both now included.,downloadable_pdf
Enel,Italy,Enel Integrated Annual Report 2025,https://www.enel.com/content/dam/enel-com/documenti/investitori/informazioni-finanziarie/2025/annuali/en/integrated-annual-report_2025.pdf,,"Enel's reports have historically included a Content Index mapping to GRI, SASB, TCFD, WEF, PAI - good candidate.",downloadable_pdf
Ferrari,Italy,Ferrari Group 2025 Sustainability Statement,https://www.ferrarigroup.net/wp-content/uploads/2020/11/Ferrari-Group-2025-Sustainability-Statement.pdf,,Ferrari moved from GRI-guided reporting to ESRS for FY2025 - GRI Standards likely NOT the primary framework this year.,downloadable_pdf
Intesa Sanpaolo,Italy,Intesa Sanpaolo 2025 Annual Report + SDGs Report + Climate Report,https://group.intesasanpaolo.com/content/dam/portalgroup/repository-documenti/investor-relations/bilanci-relazioni-en/2025/2025_Annual_Report.pdf,https://group.intesasanpaolo.com/content/dam/portalgroup/repository-documenti/sostenibilt%C3%A0/sdgs-report/SDGs_Report_2025.pdf;https://group.intesasanpaolo.com/content/dam/portalgroup/repository-documenti/sostenibilt%C3%A0/climate-report/2025/2025_Climate_Report.pdf,"Sustainability Statement is inside the Annual Report (CSRD, from FY2024 onward). Added the voluntary SDGs Report and Climate Report as they may separately reference GRI.",downloadable_pdf
UniCredit,Italy,UniCredit Sustainability Reporting (in Consolidated Report on Operations 2025),https://www.unicreditgroup.eu/en/esg-and-sustainability/sustainability-reporting.html,,Could not find a direct PDF via search - landing page only.,downloadable_pdf
Iberdrola,Spain,Iberdrola Integrated Report 2025 + Sustainability Report,https://www.iberdrola.com/documents/20125/5613162/gsm26-integrated-report-2025.pdf,https://www.iberdrola.com/documents/20125/42388/IB_Sustainability_Report.pdf,Added the distinct Sustainability Report as second doc - confirm it's the 2025 version and not a stale evergreen link.,downloadable_pdf
Inditex,Spain,Inditex Sustainability Report 2025 + standalone GRI Content Index,https://www.inditex.com/itxcomweb/api/media/f8d28973-3e94-45a5-9b0f-9e4d4b1c14b3/SustainabilityReport.pdf,https://www.inditex.com/itxcomweb/api/media/8a869ea9-26b2-49ad-b634-eac5de2eac04/GRIContentIndex.pdf,"STRONG candidate: Inditex publishes a separate, standalone GRI Content Index PDF (2nd URL) - confirmed by browser spot-check to be titled '2025 (English)'.",downloadable_pdf
Banco Santander,Spain,Banco Santander 2025 Consolidated Annual Financial Report,https://www.santander.com/content/dam/santander-com/en/documentos/informe-financiero-anual/2025/ifa-2025-consolidated-annual-financial-report-en.pdf,,Santander states its sustainability reports use the GRI framework/standards. No separate standalone 2025 Sustainability Statement PDF found (2024 had one; 2025 pattern not located).,downloadable_pdf
Telefonica,Spain,Telefonica Management and Sustainability (ESG) Report 2025,https://www.telefonica.com/en/shareholders-investors/financial-reports/integrated-annual-report/,,Could not find a single direct PDF via search - landing page only.,downloadable_pdf
ASML Holding,Netherlands,ASML 2025 Annual Report (IFRS-based),https://ourbrand.asml.com/m/6ea363f69344ebd4/original/asml-2025-annual-report-based-on-ifrs.pdf,,"Sustainability statement prepared under ESRS, not GRI, per search results.",downloadable_pdf
ING Group,Netherlands,ING Group Annual Report 2025,https://ing.com/binaries/content/assets/documents/annual-reports/2025-ing-groep-nv-annual-report.pdf,,ESRS-based reporting; GRI presence unconfirmed via search.,downloadable_pdf
Heineken,Netherlands,Heineken N.V. Annual Report 2025,https://www.theheinekencompany.com/sites/heineken-corp/files/2026-04/2025_Heineken_NV_Annual_Report_Interactive_100226_FINAL.pdf,,GRI presence unconfirmed via search.,downloadable_pdf
Philips,Netherlands,Philips 2025 GRI Content Index + Full Annual Report 2025,https://www.philips.com/c-dam/corporate/about-philips/sustainability/downloads/publications/gri-content-index-2025.pdf,https://www.results.philips.com/app/uploads/2026/04/PhilipsFullAnnualReport2025-English.pdf,"STRONG candidate: Philips publishes an explicit, dedicated 2025 GRI content index PDF (primary URL), confirmed by browser spot-check. Added Full Annual Report as second doc for context.",downloadable_pdf
Ahold Delhaize,Netherlands,Ahold Delhaize Sustainability Statements (Annual Report 2025 component),https://media.aholddelhaize.com/media/wfmdnqo0/sustainability-statements-annual-report-2025.pdf,,Published as a separate PDF component of the FY2025 Annual Report package.,downloadable_pdf
KBC Group,Belgium,KBC Group 2025 Sustainability Statement (in Annual Report),https://www.kbc.com/en/corporate-sustainability/rapportering.html,,IMPORTANT: search results indicate KBC's Sustainability Report will NO LONGER include a separate GRI content index starting in 2024 - CSRD Sustainability Statement has replaced GRI reporting.,downloadable_pdf
Anheuser-Busch InBev,Belgium,AB InBev Annual Report 2025 (Form 20-F),https://www.ab-inbev.com,,Could not find a direct PDF via search; filed as SEC Form 20-F. GRI presence unconfirmed.,downloadable_pdf
Solvay,Belgium,Solvay Annual Integrated Report 2025,https://www.solvay.com/sites/g/files/srpend616/files/2026-03/Solvay_Annual%20Integrated%20Report_2025_0.pdf,,CSRD/ESRS-based sustainability statement; GRI presence unconfirmed via search.,downloadable_pdf
OMV,Austria,OMV Combined Annual Report 2025 (incl. Sustainability Statement),https://reports.omv.com/en/annual-report/2025/,,"OMV reports generally 'prepared in accordance with GRI Standards' but 2025 content is consolidated into the Sustainability Statement - landing page only, no direct PDF found.",downloadable_pdf
Erste Group,Austria,Erste Group Bank AG Annual Report 2025,https://www.erstegroup.com/en/investors/annualreport2025,,Only found a third-party mirror for the direct PDF - use this official landing page instead. No standalone GRI report found via search.,downloadable_pdf
Deutsche Telekom,Germany,Deutsche Telekom Corporate Responsibility Report 2024,https://www.telekom.com/resource/blob/1104986/ae0c038694f0ae63774a1d2e3f25c3e3/dl-cr-bericht-2024-en-data.pdf,,Only confirmed a 2024 CR report link (prepared 'with reference to' GRI). Could not confirm a direct 2025 CR report PDF - check telekom.com/en/investor-relations/publications/downloads for the newest one before using.,downloadable_pdf
Deutsche Post DHL Group,Germany,DHL Group 2025 Annual Report,https://group.dhl.com/content/dam/deutschepostdhl/en/media-center/investors/documents/annual-reports/DHL-Group-2025-Annual-Report.pdf,,Non-financial statement is in the Annual Report; complemented by an ESG Statbook with GRI/SASB/TCFD/WEF disclosure indices - strong candidate.,downloadable_pdf
Munich Re,Germany,Munich Re Group Annual Report 2025,https://www.munichre.com/content/dam/munichre/mrwebsiteslaunches/2025-annual-report/MunichRe-Group-Annual-Report-2025-en.pdf,,Combined non-financial statement under full ESRS application. GRI referenced in earlier (2023) sustainability report; 2025 GRI presence unconfirmed.,downloadable_pdf
RWE,Germany,RWE Sustainability Report (landing page - direct 2025 PDF not found),https://www.rwe.com/en/responsibility-and-sustainability/sustainability-report/,,Group Sustainability Statement is ESRS-aligned. A 'Supplementary Sustainability Report 2025' was mentioned but no direct PDF link found via search - get exact file from this page.,downloadable_pdf
E.ON,Germany,E.ON Integrated Annual Report 2025,https://annualreport.eon.com/content/dam/eon-annualreport/documents/en/GB25-gesamt-EN_final.pdf,,GRI presence unconfirmed via search - needs Gemini check inside PDF.,downloadable_pdf
Fresenius,Germany,Fresenius Annual Report 2025 (incl. Sustainability Statement),https://www.fresenius.com/sites/default/files/2026-03/fresenius_annual_report_2025.pdf,,Sustainability Statement 2025 prepared under ESRS/CSRD; complemented by a Sustainability Factbook. GRI presence in 2025 unconfirmed.,downloadable_pdf
Fresenius Medical Care,Germany,Fresenius Medical Care 2025 Annual Report + GRI Index page,https://freseniusmedicalcare.com/content/dam/fresenius-medical-care/global/en/04_media/pdf/publications/2025/FME_Annual_Report_2025_EN.pdf,https://freseniusmedicalcare.com/en/sustainability/ratings-and-indices/gri/,STRONG candidate: FMC maintains a dedicated GRI Index page confirmed to use GRI 1: Foundation 2021. Verify the linked index covers FY2025 specifically (a 2024 GRI Index was also referenced in search results).,downloadable_pdf
Continental,Germany,Continental Sustainability Reporting (landing page - direct 2025 GRI PDF not found),https://www.continental.com/en/sustainability/reporting-and-downloads/,,"Continental explicitly offers a separate 'Sustainability report according to GRI' PDF per search results, but the exact 2025 file URL wasn't found - get it from this downloads page.",downloadable_pdf
Henkel,Germany,Henkel Sustainable Impact Report 2025,https://www.henkel.com/resource/blob/2147522/8941c6fb4e08be9facee9fd4ee20ae64/data/sustainable-impact-report-2025-en.pdf,,First integrated Sustainability Statement under CSRD/ESRS with the 2025 Annual Report. GRI referenced generally but 2025-specific GRI index unconfirmed.,downloadable_pdf
Beiersdorf,Germany,Beiersdorf 2025 Annual Report,https://www.beiersdorf.com/~/media/Beiersdorf/investors/financial-publication/2026/annual-report/Beiersdorf-2025-Annual-Report.pdf,,Beiersdorf shifted from GRI-based to ESRS-based reporting as of 2024 - likely no 2025 GRI index. Prior-year GRI Content Indices (2021-2023) exist but not 2025.,downloadable_pdf
Merck KGaA,Germany,Merck KGaA Darmstadt Sustainability Statement (Annual Report 2025),https://www.reports.merckgroup.com/en/annualreport/2025/management-report/sustainability-statement.html,,"ESRS-based Combined Sustainability Statement, audited by Deloitte. GRI/SASB/TCFD references reportedly appear under 'Other Information' in the Annual Report - check that section specifically.",downloadable_pdf
Deutsche Boerse,Germany,Deutsche Boerse Annual Report 2025 + dedicated GRI page,https://www.deutsche-boerse.com/resource/blob/4932348/b9015a1a2b7add33a8a0d01527dc9da8/data/annual-report-2025_tug_konzern-jahresfinanzbericht_en.pdf,https://www.deutsche-boerse.com/dbg-en/about-us/sustainability/reports-statements-policies-guidelines/gri,STRONG candidate: dedicated GRI page states the index is compiled per GRI Standards 2021 and independently verified by PwC with limited assurance.,downloadable_pdf
Commerzbank,Germany,Commerzbank Sustainability Reports (landing page) + dedicated GRI Report site,https://www.commerzbank.de/sustainability/reports-ratings/reports-publications/sustainability-reports/sustainability-reports/,https://gri-report.commerzbank.com/en,"STRONG candidate: Commerzbank maintains a dedicated GRI Report microsite (gri-report.commerzbank.com), reported under GRI 1: Foundation 2021 as of the 2024 cycle - confirm it has a 2025 edition.",downloadable_pdf
HeidelbergMaterials,Germany,Heidelberg Materials Annual and Sustainability Report 2025,https://www.heidelbergmaterials.com/system/files/2026-03/HM_ASR25_en.pdf,,STRONG candidate: search results confirm this report includes a GRI content index. First year voluntarily reporting under CSRD too.,downloadable_pdf
Kering,France,Kering Universal Registration Document (year unconfirmed - only 2024 edition located),https://www.kering.com/en/finance/regulated-information/,,"Could not confirm a 2025 URD PDF via search (only the 2024 URD, filed March 2025, was found). Get the current document from Kering's regulated information page.",downloadable_pdf
Vinci,France,VINCI 2025 Universal Registration Document (landing page - direct PDF not found),https://www.vinci.com/en/newsroom/press-releases/publication-2025-universal-registration-document,,"Filed with AMF Feb 27, 2026. No direct PDF link found via search - get exact file from vinci.com Finance/Investors/Annual reports section.",downloadable_pdf
Air Liquide,France,Air Liquide 2025 Universal Registration Document,https://www.airliquide.com/sites/airliquide.com/files/2026-03/air-liquide-2025-universal-registration-document-interactive.pdf,,GRI presence unconfirmed via search - needs Gemini check inside PDF.,downloadable_pdf
Saint-Gobain,France,Saint-Gobain 2025 Universal Registration Document,https://www.saint-gobain.com/sites/saint-gobain.com/files/media/document/Saint-Gobain_2025_DEU_VA.pdf,,'VA' suffix should denote the English (version anglaise) copy - verify language before use. GRI presence unconfirmed.,downloadable_pdf
Credit Agricole,France,Credit Agricole CIB 2025 Universal Registration Document,https://www.ca-cib.com/sites/default/files/2026-03/URD_CACIB_2025_ENG.pdf,,"CAUTION: this is the Credit Agricole CIB (investment banking subsidiary) URD, not the main Credit Agricole S.A. Group URD - the Group-level document is on credit-agricole.com/en/finance/financial-publications but a direct PDF wasn't found. Verify which entity you need before using.",downloadable_pdf
Societe Generale,France,Societe Generale 2025 Universal Registration Document,https://www.societegenerale.com/sites/default/files/documents/2025-03/universal-registration-document-2025.pdf,,"CAUTION: filed 12 March 2025, so this '2025' URD likely covers FY2024 data, not FY2025 - a 3rd amendment was filed Oct 2025. Verify actual reporting period stated inside before treating as the FY2025 report.",downloadable_pdf
Publicis Groupe,France,Publicis Groupe 2025 Universal Registration Document,https://documents.publicisgroupe.com/urd2025/PBS2025_URD_EN_MEL26_04_30.pdf,,"Filed with AMF April 30, 2026, covering FY2025. GRI presence unconfirmed via search.",downloadable_pdf
Capgemini,France,Capgemini 2025 Universal Registration Document (landing page - PDF size looked too small to be the full doc),https://investors.capgemini.com/en/publication/2025-universal-registration-document/,,"Search returned a 132KB PDF reference which is likely a summary/press notice, not the full URD - get the actual full document from this investor page.",downloadable_pdf
Michelin,France,Michelin 2025 Universal Registration Document,https://agngnconpm.cloudimg.io/v7/https:/dgaddcosprod.blob.core.windows.net/cxf-corporate/attachments/f40ixh7py2bnps4raz3p2z4q-universal-registration-document-for-2025.pdf,,Unusual CDN/image-proxy URL - verify it actually resolves to the PDF before relying on it; fall back to michelin.com/en/publications/regulated-information if not.,downloadable_pdf
Pernod Ricard,France,Pernod Ricard FY24/25 Universal Registration Document,https://www.pernod-ricard.com/sites/default/files/inline-files/Pernod%20Ricard%2024_25%20URD%20ENG.pdf,,"NOTE: Pernod Ricard's fiscal year runs July-June, so 'FY24/25' covers July 2024-June 2025, not calendar year 2025 - keep this in mind when filling report_year.",downloadable_pdf
Renault Group,France,Renault Group 2025 Universal Registration Document (landing page - direct PDF not found),https://www.renaultgroup.com/en/finance/regulated-information/,,23.9MB PDF confirmed to exist per search summary but exact URL not captured - get it from this regulated information page.,downloadable_pdf
Danske Bank,Denmark,Danske Bank Group Annual Report 2025,https://danskebank.com/-/media/danske-bank-com/file-cloud/2026/2/annual-report-2025.pdf,,Statutory sustainability statement is inside the Annual Report; supplemented by a separate Sustainability Fact Book. GRI presence unconfirmed via search.,downloadable_pdf
Carlsberg Group,Denmark,Carlsberg Group Annual Report 2025,https://carlsberggroup.com/media/1tgf0wsy/carlsberg-group_2025-annual-report.pdf,,"First year financial and non-financial results presented together, aligned to CSRD. GRI presence unconfirmed via search.",downloadable_pdf
DSV,Denmark,DSV Annual Report 2025 (landing page - direct PDF not found),https://www.dsv.com/en/sustainability-esg/our-reporting/sustainability-reports,,An 18.3MB Annual Report 2025 PDF was referenced in search results but the exact URL wasn't captured - get it from this reporting page.,downloadable_pdf
Coloplast,Denmark,Coloplast Annual Report 2024/25 (landing page - direct PDF not found),https://www.coloplast.com/investor-relations/results-reports-and-presentations/,,"NOTE: Coloplast's fiscal year runs Oct-Sept, so their 'annual report' covers Oct 2024-Sept 2025, not calendar 2025. No direct PDF link found via search.",downloadable_pdf
Genmab,Denmark,Genmab 2025 Annual Report (landing page - direct PDF not found),https://ir.genmab.com/download-library,,"Published Feb 17, 2026, available as PDF and iXBRL. No direct PDF URL found via search - get it from this download library.",downloadable_pdf
Generali,Italy,Generali Sustainability Reports Archive (landing page - direct 2025 PDF not found),https://www.generali.com/info/download-center/sustainability/bilanci,,Sustainability Statement is inside the Annual Integrated Report under CSRD/ESRS. No specific GRI mention found in search results for 2025 - no direct PDF link located either.,downloadable_pdf
Poste Italiane,Italy,Poste Italiane Sustainability Report 2025 (landing page - direct PDF not found),https://www.posteitaliane.it/en/sustainability.html,,IMPORTANT: Poste Italiane explicitly adopted ESRS in 2024 to REPLACE GRI Standards for non-financial reporting - likely correct outcome is 'unable to verify - no GRI index found' for 2025.,downloadable_pdf
Prysmian Group,Italy,Prysmian Sustainability Report (landing page - direct 2025 PDF not found),https://www.prysmian.com/en/sustainability/sustainability-report,,STRONG candidate: search results explicitly confirm the Sustainability Report 'is prepared in accordance with GRI Sustainability Reporting Standards.' Get the exact 2025 PDF from this page.,downloadable_pdf
Moncler,Italy,Moncler Group Annual Report 2025 - Sustainability section,https://www.monclergroup.com/v3/assets/blt61bda6b71f29a239/blt90a19a2ae3630536/6a47880891356541bb1143fa/Moncler-Group-Annual-Report-2025_Sustainability.pdf,,"Consolidated Sustainability Statement dated June 5, 2026; also references a SASB table. GRI presence unconfirmed via search.",downloadable_pdf
Leonardo,Italy,Leonardo Integrated Report 2025,https://www.leonardo.com/documents/15646808/30043445/Integrated+Report+2025.pdf?t=1773421399076,,Prepared under Italian Legislative Decree 125/2024 (transposing CSRD) and ESRS. GRI presence unconfirmed via search.,downloadable_pdf
BBVA,Spain,BBVA Sustainability and Responsible Banking (landing page - Spain Group-level PDF not confirmed),https://shareholdersandinvestors.bbva.com/sustainability-and-responsible-banking/,,"CAUTION: search only surfaced BBVA Mexico and Garanti BBVA (Turkey) reports, not the core BBVA Group (Spain) Annual Financial and Sustainability Report - get the correct Group-level document from this page.",downloadable_pdf
Repsol,Spain,Repsol Consolidated Management Report 2025,https://www.repsol.com/content/dam/repsol-corporate/en_gb/accionistas-e-inversores/informes-anuales/2025/consolidated-management-report-2025.pdf,,"Contains voluntary indicators aligned to GRI Guidelines, alongside CSRD/ESRS reporting - reasonable candidate.",downloadable_pdf
CaixaBank,Spain,CaixaBank Consolidated Annual Financial Report,https://www.caixabank.com/deployedfiles/caixabank_com/Estaticos/PDFs/Accionistasinversores/Informacion_economico_financiera/Consolidated-Annual-Financial-Report.pdf,,Sustainability info starts around page 180; explicitly responds to Spanish Law 11/2018 through GRI and SASB frameworks - good candidate. NOTE: URL has no year in the filename and may auto-update to a future year's report - verify the year stated inside.,downloadable_pdf
Amadeus IT Group,Spain,Amadeus Global Report 2025,https://amadeus.com/en/annual-reports/global-report-2025,,STRONG candidate: search results confirm the Global Report 2025 includes a 'GRI Content Index annex.' Landing page only - get the exact PDF from there.,downloadable_pdf
Wolters Kluwer,Netherlands,Wolters Kluwer 2025 Annual Report + dedicated GRI/SASB/TCFD disclosures doc,https://assets.contenthub.wolterskluwer.com/api/public/content/3210406-wolters-kluwer-2025-annual-report-pdf-8bb01b4e47?v=ddef685b,https://assets.contenthub.wolterskluwer.com/api/public/content/3210402-wolters-kluwer-gri-sasb-tcfd-un-global-compact-disclosures-pdf-70a5647954?v=0c1d3da4,"STRONG candidate: dedicated standalone document mapping ESRS disclosures to GRI, SASB, TCFD and UN Global Compact requirements.",downloadable_pdf
Randstad,Netherlands,Randstad Annual Report 2025,https://www.randstad.com/s3fs-media/rscom/public/2026-02/Randstad_Annual_Report_2025_2.pdf?VersionId=1t6W0my386wc.rb2BLLRnQh7iFaLUiVg,,Described as including 'GRI-aligned disclosures' per search summary - needs Gemini confirmation of an actual index.,downloadable_pdf
DSM-Firmenich,Netherlands,dsm-firmenich Global Reporting Initiative Content Index 2025 + Integrated Annual Report 2025,https://www.dsm-firmenich.com/content/dam/dsm-firmenich/sustainability/documents/global-reporting-initiative-content-index-2025.pdf,https://annualreport.dsm-firmenich.com/2025/,"STRONG candidate: dedicated, explicitly-named 'Global Reporting Initiative Content Index 2025' PDF - reported with reference to GRI Standards for the full 2025 calendar year.",downloadable_pdf
Adyen,Netherlands,Adyen 2025 Annual Report (landing page - direct PDF not found),https://investors.adyen.com/financials/2025,,ESRS/CSRD-based reporting; GRI not explicitly mentioned in search results - likely 'unable to verify / ESRS only' outcome. No direct PDF link found.,downloadable_pdf
Akzo Nobel,Netherlands,AkzoNobel Report 2025 (landing page - direct PDF not found),https://www.akzonobel.com/en/about-us/annual-report,,"IMPORTANT: search results explicitly state AkzoNobel has NOT claimed GRI compliance since 2023, ahead of CSRD implementation - likely correct verification_status is 'unable to verify - no GRI index found.'",downloadable_pdf
UCB,Belgium,UCB Integrated Annual Report 2025 - Sustainability Statement,https://reports.ucb.com/IAR_2025_Sustainability_Statement.pdf,,"Published Feb 25, 2026. GRI presence suggested but not explicitly confirmed in search results - needs Gemini check.",downloadable_pdf
Umicore,Belgium,Umicore Annual Report 2025,https://www.ibr-ire.be/docs/default-source/bas-documents/reports/2026/umicore-ir2025-eng.pdf?sfvrsn=7f0dbdd8_2,,Hosted on the Belgian audit institute (IBR-IRE) site rather than umicore.com directly - verify it's the authentic current-year report. Historical GRI reporting (level B+) referenced but 2025 status unconfirmed.,downloadable_pdf
Ageas,Belgium,Ageas Annual Report 2025,https://downloads.ctfassets.net/o6mf177wvfka/KuRHStfskhn2PLR18lgoi/efc6b1dcba3a29dab7da646009b0a2b1/Ageas-AR-ENG-FULL-25.pdf,,STRONG candidate: search results confirm data is populated per 'GRI Universal Standards 2021' with a GRI content index in Section E (Other Information).,downloadable_pdf
Verbund,Austria,VERBUND Integrated Annual Report 2025,https://www.verbund.com/media/iahjmosx/verbund-integrated-annual-report-2025-englisch-final.pdf,,"Compiles NaDiVeG (Austrian transposition of EU non-financial reporting directive) disclosures, moving toward CSRD/ESRS 'beyond traditional GRI frameworks' per search summary - likely limited or no explicit GRI index.",downloadable_pdf
Voestalpine,Austria,voestalpine AG Annual Report 2025/26,https://www.voestalpine.com/group/static/sites/group/.downloads/en/publications-2025-26/2025-26-annual-report.pdf,,"NOTE: voestalpine's fiscal year runs April-March, so '2025/26' covers April 2025-March 2026, not calendar 2025. Reports under Austria's new Sustainability Reporting Act (NaBeG, effective Feb 2026) and CSRD/ESRS.",downloadable_pdf
AB Volvo Group,Sweden,Volvo Group Annual Report 2025 (incl. Sustainability Statement),https://www.volvogroup.com/content/dam/volvo-group/markets/master/news/2026/feb/Volvo-Group-Annual-Report-2025.pdf,,"Sustainability content is a CSRD/ESRS Sustainability Statement embedded within the Annual Report PDF, not a standalone GRI report.",downloadable_pdf
Volvo Cars,Sweden,Volvo Car Group Annual and Sustainability Report 2025,https://mb.cision.com/Main/20685/4317835/3969458.pdf,,"Sustainability Statement integrated in the Annual and Sustainability Report, prepared under ESRS.",downloadable_pdf
Ericsson,Sweden,"Ericsson Annual Report 2025 (incl. Sustainability Statement, pages 95-141 of Financial Report)",https://www.ericsson.com/en/investors/financial-reports-and-presentations/annual-reports,,No single direct 2025 PDF URL confirmed via search (URLs are session-tokenized); get the exact PDF from this landing page. Sustainability Statement prepared under ESRS.,webpage_landing_page
H&M Group,Sweden,H&M Group Annual and Sustainability Report 2025,https://hmgroup.com/wp-content/uploads/2026/03/HM-Group-Annual-and-sustainability-report-2025.pdf,,"Report integrates TCFD, GRI and UN Guiding Principles Reporting Index alongside CSRD/ESRS reporting.",downloadable_pdf
Atlas Copco,Sweden,Atlas Copco Group Annual Report 2025 incl. Sustainability Report and Corporate Governance Report,https://www.atlascopcogroup.com/content/dam/atlas-copco/group/documents/investors/financial-publications/english/20260320-annual-report-2025-incl-sustainability-report-and-corporate-governance-report-copy-of-the-official-ESEF-format.pdf,,,downloadable_pdf
Sandvik,Sweden,Sandvik Annual Report 2025 (incl. Sustainability Statement),https://www.annualreport.sandvik/en/2025/_assets/downloads/entire-en-svk-ar25.pdf,,Prepared under ESRS.,downloadable_pdf
Skanska,Sweden,Skanska Annual and Sustainability Report 2025,https://edit.skanska.com/siteassets/group/investors/financial-reports/annual-reports/2025/skanska-annual-and-sustainability-report-2025.pdf,,"If this direct link 404s, use the api/download redirector at skanska.com/api/download?url=... found via search, or the investor relations landing page group.skanska.com/investors.",downloadable_pdf
SEB,Sweden,SEB Annual Report 2025 (Sustainability Report and TCFD integrated),https://sebgroup.com/our-offering/reports-and-publications/annual-and-sustainability-reports,,No single direct 2025 PDF URL confirmed via search; get exact PDF from this landing page (sebgroup.com/annualreport). CSRD-aligned for 2nd consecutive year.,webpage_landing_page
Swedbank,Sweden,Swedbank Annual Report 2025 (CSRD-aligned),https://www.swedbank.com/investor-relations/reports-and-presentations/annual-reports.html,,No single direct 2025 PDF URL confirmed via search (only 2024 version found directly); get exact PDF from this landing page.,webpage_landing_page
Electrolux,Sweden,Electrolux Group Annual Report 2025 + standalone Sustainability Statement 2025,https://www.electroluxgroup.com/wp-content/uploads/sites/2/2026/02/Annual-Report-2025.pdf,https://www.electroluxgroup.com/wp-content/uploads/sites/2/2026/02/Sustainability-Statement-2025.pdf,Separate standalone Sustainability Statement PDF also published alongside the Annual Report.,downloadable_pdf
SKF,Sweden,SKF Annual and Sustainability Report 2025,https://cdn.skfmediahub.skf.com/api/public/096ee325b273e74a/pdf_preview_medium/SKF_ASR_2025_ENG_locked_pdf_preview_medium.pdf,,Extended Sustainability Report addressing CSRD requirements.,downloadable_pdf
Essity,Sweden,Essity Annual Report 2025 (incl. statutory Sustainability Report),https://assets.www.essity.com/essity/Annual-Report-2025-digital-pdf.pdf,,Sustainability Report prepared per Swedish Annual Accounts Act and ESRS.,downloadable_pdf
Alfa Laval,Sweden,Alfa Laval Annual and Sustainability Report 2025,https://www.alfalaval.nl/globalassets/documents/investors/english/annual-reports/2025/annual-and-sustainability-report-2025.pdf,,,downloadable_pdf
Assa Abloy,Sweden,ASSA ABLOY Annual Report 2025 (incl. 2nd ESRS Sustainability Statement),https://www.assaabloy.com/group/en/documents/investors/annual-reports/2025/Annual%20Report%202025.pdf,,,downloadable_pdf
Telia Company,Sweden,Telia Company Annual Report 2025,https://www.teliacompany.com/assets/u5c1v3pt22v8/6k3Bc8r3HOseJ8GuWT4DI6/a6e1ac6cd5797a156a487a83a7ceb36b/Telia_Annual_report_2025.pdf,,,downloadable_pdf
Boliden,Sweden,Boliden Annual and Sustainability Report 2025,https://investors.boliden.com/sites/boliden-ir/files/pr/202603040118-1.pdf,,,downloadable_pdf
Getinge,Sweden,Getinge Annual Report 2025 (Sustainability statement pp. 196-197),https://www.getinge.com/dam/corporate/documents/investors/annual-reports/english/getinge_annual_report_2025-115632-en.pdf,,,downloadable_pdf
Hexagon AB,Sweden,Hexagon Annual and Sustainability Report 2025,https://mb.cision.com/Main/387/4324219/3996400.pdf,,,downloadable_pdf
PKN Orlen,Poland,ORLEN Group Integrated/ESG Report 2025,https://www.orlen.pl/en/sustainability/reports-and-policies/Reports,,ESG reported per GRI Standards with external assurance (per site). No single direct 2025 PDF confirmed via search; get exact file from this reports page.,webpage_landing_page
PKO Bank Polski,Poland,PKO Bank Polski S.A. Group Director's Report for 2025 (incl. ESG),https://www.pkobp.pl/api/public/b87ee713-e22e-4067-8265-a1bc819a860a.pdf?content-disposition=filename%3DThe_PKO_Bank_Polski_S.A._Group_Director%E2%80%99s_Report_for_2025_%5B.pdf%5D.pdf,,ESG detail in Management Board Report on Activities for 2025.,downloadable_pdf
PZU,Poland,PZU Group Annual Report 2025 (incl. 2nd ESRS Sustainability Statement),https://www.pzu.com.ua/admin/upload/Management_Board_report_on_the_activity_of_the_PZU_Group_and_PZU_SA_2025.pdf,,Hosted on a PZU Ukraine subdomain; verify it's the correct group-wide 2025 report before using. Sustainability Statement per ESRS/CSRD.,downloadable_pdf
KGHM Polska Miedz,Poland,KGHM Management Board's Report on Activities 2025,https://kghm.com/sites/default/files/2026-03/MBs%20report%20on%20activities%20in%202025.pdf,,Sustainability reported per ESRS integrated with financials; also see kghm.com/en/investors/results-center/integrated-reports for prior standalone Integrated Reports.,downloadable_pdf
PGE Polska Grupa Energetyczna,Poland,PGE Group Management Board's Report / Non-Financial Statement 2025,https://www.gkpge.pl/en/content/download/1c17c9bb500a8cc7ea488bc573451f3e/file/pge_sz_2025_en.pdf?inLanguage=eng-GB&version=3&contentId=231076,,,downloadable_pdf
Santander Bank Polska,Poland,Santander Bank Polska Group Annual Report 2025 incl. Consolidated Sustainability Statement,https://www.santander.pl/en/investor-relations/financial-statement,,Reports published in XHTML/ESEF format rather than a simple PDF (see zal01_SZ_Grupa_SBP_2025_ENG.xhtml on pap-mediaroom.pl); get exact file from this landing page.,webpage_landing_page
CD Projekt,Poland,CD PROJEKT Group Management Board Report on Activities 2025 (incl. Sustainability Statement),https://www.cdprojekt.com/en/wp-content/uploads-en/2026/03/management-board-report-on-cd-projekt-group-activities-in-2025.pdf,,Additional SASB/CDP disclosures at cdprojekt.com/en/esg/download-center/.,downloadable_pdf
LPP,Poland,LPP Consolidated Annual Report 2025 (incl. sustainable development statement),https://www.lpp.com/en/investor-relations/reports/financial-reports/,,"Since 2024 reporting year, sustainability statements are part of the Consolidated Annual Report rather than a standalone PDF; get exact file from this landing page.",webpage_landing_page
Dino Polska,Poland,Dino Polska Group 2025 ESG Audit Report,https://grupadino.pl/en/financial-reports/,,2024 ESG audit report confirmed to exist at a dedicated URL; 2025 version should follow the same pattern on this financial reports page.,webpage_landing_page
Cyfrowy Polsat,Poland,Polsat Plus Group Sustainable Development Report 2025,https://grupapolsatplus.pl/en/sustainability/reports,,Prepared under CSRD/ESRS since 2024. No single direct 2025 PDF confirmed via search; get exact file from this reports page.,webpage_landing_page
Grupa Azoty,Poland,Grupa Azoty Social and Environmental Annual Report / Integrated Report,https://grupaazoty.com/en/sustainable-development/reports/reports,,Most recent confirmed via search was 2024; 2025 edition should appear on this reports page once published.,webpage_landing_page
Orange Polska,Poland,Orange Polska Integrated Report 2024 (2025 edition not yet confirmed via search),https://www.orange-ir.pl/wp-content/uploads/2025/06/OPL-integrated-report-2024_FINAL-26.06.pdf,,Most recent confirmed direct PDF is the 2024 edition; check orange-ir.pl/results-center/ for a 2025 update.,downloadable_pdf
Nokia,Finland,Nokia 2025 Sustainability Statement + Annual Report 2025 + People & Planet Impact Report 2025,https://www.nokia.com/system/files/2026-03/nokia-2025-sustainability-report.pdf,https://www.nokia.com/system/files/2026-03/nokia-annual-report-2025.pdf;https://www.nokia.com/sites/default/files/2025-09/nokia-impact-report-2025.pdf,"Three distinct 2025 PDFs confirmed: standalone Sustainability Statement, full Annual Report (incl. Form 20-F), and a separate Impact Report.",downloadable_pdf
Neste,Finland,Neste Annual Report 2025 (incl. CSRD Sustainability Statement) + Sustainability Data Package,https://www.neste.com/files/pdf/3zHO401Kf2W4YihDtm9uNK-Neste_Annual_Report_2025.pdf,https://www.neste.com/files/pdf/7spez01rONU0ftvjP9pujP-Neste_Annual_Report_2025_Sustainability_Data_Package.pdf,,downloadable_pdf
Kone Corporation,Finland,KONE Sustainability Statement 2025 (CSRD) + Annual Review 2025,https://www.kone.com/en/Images/Sustainability-Statement-2025_tcm17-141649.pdf,https://www.kone.com/en/Images/KONE_Annual%20Review_2025_tcm17-141619.pdf,KONE also historically published a separate Sustainability Supplement referencing GRI Standards - check kone.com/en/sustainability/sustainability-report/ for the current-year version.,downloadable_pdf
Fortum,Finland,Fortum Financials 2025 (incl. Sustainability Statement under CSRD),https://www.fortum.com/sites/default/files/investor-documents/Fortum-Financials2025.pdf,,,downloadable_pdf
UPM-Kymmene,Finland,UPM Annual Report 2025 (incl. GRI-referenced Sustainability Statement + IFRS S1/S2 alignment index),https://mb.cision.com/Main/23100/4315173/3963782.pdf,,Explicitly reports per GRI Standards alongside CSRD Sustainability Statement - strong candidate.,downloadable_pdf
Stora Enso,Finland,Stora Enso Annual Report 2025 (incl. CSRD-aligned Sustainability Statement),https://www.storaenso.com/-/media/documents/download-center/documents/annual-reports/2025/storaenso_annual_report_2025.pdf,,,downloadable_pdf
Wartsila,Finland,Wartsila Annual Report 2025 (Sustainability reporting per GRI Standards),https://www.wartsila.com/investors/reports-presentations/annual-report,,Explicitly states sustainability data prepared per GRI Standards. No single direct 2025 PDF URL confirmed via search; get exact file from this landing page.,webpage_landing_page
Sampo Group,Finland,Sampo Group 2025 Annual Report (ESRS-aligned sustainability disclosure) + Sustainability Factbook 2025,https://www.sampo.com/investors/annual-reporting,https://www.sampo.com/globalassets/investors/quarterly-reporting/2025/q4/sustainability-factbook-2025.pdf,Sustainability Factbook 2025 is a confirmed direct PDF; the main annual report/ESEF filing landing page did not yield one single confirmed direct PDF via search.,webpage_landing_page
Nordea Bank,Finland,Nordea Annual Report 2025 (incl. Sustainability Statement),https://www.nordea.com/en/doc/nordea-annual-report-2025.pdf,,,downloadable_pdf
Metso,Finland,Metso GRI Content Index 2025 (standalone) + Sustainability Statement 2025 + Annual Report 2025,https://www.metso.com/globalassets/investors/reports/2025/metso_gri_content_index_2025.pdf,https://www.metso.com/globalassets/investors/reports/2025/metso-sustainability-statement-2025.pdf;https://www.metso.com/globalassets/investors/reports/2025/metso-annual-report-2025.pdf,"STRONG candidate: Metso publishes an explicit standalone GRI Content Index PDF for 2025, separate from its CSRD Sustainability Statement.",downloadable_pdf
CRH,Ireland,CRH 2025 Sustainability Performance Report (21st edition),https://www.crh.com/wp-content/uploads/2026/03/crh-2025-sustainability-performance-report_final_interactive.pdf,,"CRH voluntarily adopts GRI Standards alongside TCFD; standalone sustainability report, not just embedded in Annual Report.",downloadable_pdf
Ryanair,Ireland,Ryanair Sustainability Statement 2025 (PwC limited assurance) + 2025 Annual Report,https://corporate.ryanair.com/wp-content/uploads/2025/09/Ryanair-Sustainability-Report-2025.pdf,https://investor.ryanair.com/wp-content/uploads/2025/05/Ryanair-2025-Annual-Report.pdf,,downloadable_pdf
Kerry Group,Ireland,Kerry Group Sustainability Statement 2025 (standalone) + full Annual Report 2025,https://www.kerry.com/annual-report/assets/pdfs/KGAR25_SustainabilityStatements.pdf,https://www.kerry.com/annual-report/assets/pdfs/KGAR25_FullReport.pdf,,downloadable_pdf
Smurfit Westrock,Ireland,Smurfit Westrock Sustainability Report 2025 + standalone GRI Index Supplement 2025,https://www.smurfitwestrock.com/-/m/files/publications---global/sr-2025-downloads/smurfit_westrock_sustainability_report_2025.pdf,https://www.smurfitwestrock.com/-/m/files/publications---global/sr-2025-downloads/swsr2025_gri.pdf,STRONG candidate: dedicated standalone GRI Index PDF confirmed (swsr2025_gri.pdf).,downloadable_pdf
Bank of Ireland,Ireland,Bank of Ireland Annual Report 2025 (Sustainability statement pp. 112-222),https://www.annualreports.com/Company/bank-of-ireland-group-plc,,No single confirmed direct-host PDF URL via search; use AnnualReports.com mirror or investorrelations.bankofireland.com landing page.,webpage_landing_page
AIB Group,Ireland,AIB Group Sustainability Disclosures Tables 2025 (incl. GRI Content Index) + Social Impact Report 2024-2025,https://aib.ie/content/dam/frontdoor/investorrelations/docs/resultscentre/annualreport/2025/sustainability-disclosures-tables-2025.pdf,https://www.aib.ie/content/dam/frontdoor/sustainability/impact-report-2024-2025.pdf,"STRONG candidate: dedicated GRI Content Index confirmed within the Sustainability Disclosures Tables PDF, referencing GRI Standards for the full FY2025 period.",downloadable_pdf
Kingspan Group,Ireland,Kingspan Group Annual Report & Financial Statements 2025 (incl. CSRD Sustainability Statement),https://annual-report.kingspan.com/wp-content/uploads/2026/03/KS_AR25_Web.pdf,,,downloadable_pdf
Glanbia,Ireland,Glanbia Sustainability Report (within 2025 Annual Report) + full Annual Report 2025,https://www.glanbia.com/sites/glanbia-plc/files/glanbia/investors/annual-report/2026/Sustainability-Report.pdf,https://www.glanbia.com/sites/glanbia-plc/files/glanbia/investors/annual-report/2026/Glanbia-Annual-Report-2025.pdf,Standalone 2024 Sustainability Report (with GRI Index appendix) also available; 2025 disclosures moved into the Annual Report's Sustainability-Report.pdf section.,downloadable_pdf
EDP - Energias de Portugal,Portugal,EDP Integrated Annual Report 2025,https://www.edp.com/sites/default/files/document/2025-04/210x297_RC20_EDP_EN_0.pdf,,"URL found may be a template/prior-year path; if it 404s, use edp.com/en/responsible-action/transparency-and-reports/reports landing page. Submitted to CMVM March 2026.",downloadable_pdf
Galp Energia,Portugal,Galp Integrated Management Report 2025 + standalone Sustainability Standards Report (GRI/SASB/WEF/TCFD) 2025,https://www.galp.com/corp/Portals/0/Recursos/Investidores/IMR2025/AnnualIntegratedReport2025.pdf,https://www.galp.com/corp/Portals/0/Recursos/Sustentabilidade/SharedResources/Documents/2025/Sustainability_Standards_GRI_SASB_WEF_TCFD_2025.pdf,STRONG candidate: dedicated standalone GRI-referencing Sustainability Standards Report confirmed for 2025.,downloadable_pdf
Jeronimo Martins,Portugal,Jeronimo Martins Annual Report 2025,https://reports.jeronimomartins.com/annual-report/2025/services/downloads.html,,No single direct PDF URL confirmed via search; get exact file from this downloads page.,webpage_landing_page
Sonae,Portugal,Sonae Integrated Annual Report 2025 + standalone Sustainability Statement chapter,https://www.sonae.pt/fotos/ag/sonae_annual_report_2025_166803663469cd5fe84d351.pdf,https://www.sonae.pt/fotos/dados_fin/ar25_en_chap_4_sustainability_statement_10473420916a228e7464070.pdf,"Sustainability Statement is Chapter 4, also available as a standalone extracted PDF.",downloadable_pdf
Millennium bcp,Portugal,Millennium bcp Annual Report 2025 (Sustainability Master Plan),https://ind.millenniumbcp.pt/en/Institucional/investidores/Pages/RelatorioContas.aspx,,No single direct 2025 PDF URL confirmed via search; get exact file from this landing page.,webpage_landing_page
CTT Correios de Portugal,Portugal,CTT Annual Report 2025 / Capital Markets Day 2025 materials,https://www.ctt.pt,,No single direct 2025 annual/sustainability report PDF confirmed via search; check investor relations section of ctt.pt for the exact file.,webpage_landing_page
REN - Redes Energeticas Nacionais,Portugal,REN Green Finance Report 2025 (full Annual/Sustainability Report PDF not separately confirmed),https://www.ren.pt/media/nespxqet/green-finance-report-2025-ren.pdf,,This confirmed PDF covers environmental/green-finance commitments specifically; for the broader Annual Report check ren.pt/en-gb landing page.,downloadable_pdf
Navigator Company,Portugal,The Navigator Company Annual Report 2025 (incl. sustainability),https://thenavigatorcompany.com/en/sustainability/annual-report/,,"Caution: a 'Sustainability Report 2025' PDF surfaced in search (s202.q4cdn.com/342904853/...) appears to belong to Navigator Gas/Navigator Holdings, a different shipping company - NOT Navigator Company Portugal (thenavigatorcompany.com). Use this landing page and verify before pulling any PDF.",webpage_landing_page
HELLENiQ ENERGY,Greece,HELLENiQ ENERGY Sustainability Statement 2025 (2nd year under CSRD) + Annual Financial Report 2025,https://www.helleniqenergy.com/sites/default/files/2026-05/he_sustainability-report_en.pdf,https://www.helleniqenergy.com/sites/default/files/2026-02/helleniq-energy_2025-annual-financial-report-en.pdf,,downloadable_pdf
OTE - Hellenic Telecommunications,Greece,OTE Group 2025 Fourth Quarter and Full Year Results (financial; standalone sustainability PDF not confirmed),https://athens.euronext.com/sites/default/files/hermes_3/2026-02/en/582a4043-e3f7-4e35-aa40-43e3f73e354d/99_1001_2026_English_2.pdf,,Only financial-results PDF confirmed via search; sustainability content mirrors parent Deutsche Telekom's priorities. Check ote.gr or telekom.com/en/corporate-responsibility for a dedicated sustainability statement.,downloadable_pdf
Public Power Corporation (PPC),Greece,PPC Group Annual Report 2025 + Annual Financial Report 2025,https://www.ppcgroup.com/media/lbtnw42q/annual-report-2025.pdf,https://www.ppcgroup.com/media/sjqfqosg/annual-financial-report-2025.pdf,First standalone ESRS/CSRD-aligned Sustainability Report was published for FY2024 (March 2025); check ppcgroup.com/en/sustainable-development/sustainability-reports for a FY2025 update.,downloadable_pdf
Piraeus Financial Holdings,Greece,Piraeus Group Sustainability Statement 2025 (standalone) + Sustainability Blueprint Oct 2025,https://www.piraeusgroup.gr/-/jssmedia/Com/2025/Files/Investors/Financials/Annual-Reports/Piraeus_Group_Sustainability_Statement_2025.pdf,https://www.piraeusholdings.gr/-/jssmedia/Project/Piraeus/PiraeusBank/shared/Files/Holdings/enhmerwsh-ependytwn/sustainability-blueprint/2025/PB_Blueprint_311025.pdf,"STRONG candidate: dedicated standalone Sustainability Statement 2025 PDF confirmed, now consolidated at Group level.",downloadable_pdf
National Bank of Greece,Greece,NBG Group & Bank Annual Financial Report 2025 (incl. ESG/sustainability disclosures),https://www.nbg.gr/-/jssmedia/Files/Group/enhmerwsh-ependutwn/Annual_Financial_Reports/Annual-Financial-Report-2025-EN.pdf,,,downloadable_pdf
Eurobank Ergasias,Greece,Eurobank Annual Financial Report 2025 (Sustainability Statement) + prior-year Annual Report 2024 Business & Sustainability (GRI Standards + AA1000),https://www.eurobank.gr/-/media/eurobank/omilos/enimerosi-ependuton/enimerosi-metoxon-eurobank/oikonomika-apotelesmata/2026/fy-2025/en-annual-report-eurobank-2025.pdf,https://www.eurobank.gr/-/media/holding/omilos/annual-reports/etisios-apologismos-2024/annual-report-2024.pdf,The 2024 edition explicitly follows GRI Standards + AA1000 AccountAbility Principles; confirm whether the 2025 edition retains explicit GRI referencing alongside ESRS.,downloadable_pdf
Motor Oil Hellas,Greece,Motor Oil Hellas Full Year Financial Report 2025 (incl. sustainability per Article 154A) + ATHEX ESG Index FY2024,https://www.moh.gr/wp-content/uploads/2026/03/Full-Year-Financial-Report-2025-2.pdf,https://www.moh.gr/wp-content/uploads/2025/10/Athex-ESG-Index-Final-30_10_2025.pdf,A standalone 'Corporate Sustainability Report' existed for 2023; a 2025 standalone edition was not separately confirmed via search - the FY2025 financial report is the best current source.,downloadable_pdf
CEZ Group,Czech Republic,CEZ Group 2025 Annual Financial Report (incl. ESRS/CSRD Sustainability Report),https://www.cez.cz/webpublic/file/edee/ospol/fileexport/investori/vz-2025/cez-group-annual-financial-report-2025.pdf,,,downloadable_pdf
Komercni banka,Czech Republic,Komercni banka Annual Financial Report 2025 (Sustainability statement integrated since 2024),https://www.kb.cz/getmedia/d2c6493b-5685-4380-b5b3-d21b575c734e/AR25_KB_EN.pdf,,,downloadable_pdf
MONETA Money Bank,Czech Republic,MONETA Money Bank Annual Financial Report 2025 + 'Sustainability at MONETA' report,http://carbonaccountingfinancials.com/files/institutions_downloads/mmb-annual-financial-report-2025-en.pdf,,Direct PDF is hosted on a third-party mirror (carbonaccountingfinancials.com); primary source is investors.moneta.cz/corporate-documents - verify there if this link is stale.,downloadable_pdf
Skoda Auto,Czech Republic,"Skoda Auto Annual Report 2025 (1st year incl. Sustainability Statement, GRI-aligned since 2007)",https://reporting.skoda-auto.com/sustainability-reports,,No single direct 2025 PDF URL confirmed via search; get exact file from this reporting microsite. Received ESG Transparency Award for 2024 report.,webpage_landing_page
Kofola CeskoSlovensko,Czech Republic,Kofola CeskoSlovensko Consolidated and Standalone Annual Report 2025 (incl. EY-assured ESRS Sustainability Statement),https://investor.kofola.cz/en/investor-2/reports-and-presentations/financial-reports,,No single direct 2025 PDF URL confirmed via search; get exact file from this landing page.,webpage_landing_page
Ceska sporitelna,Czech Republic,Ceska sporitelna Annual Report 2024 (Consolidated Sustainability Statement pp. 395-625); 2025 edition not yet confirmed via search,https://www.csas.cz/banka/content/inet/internet/en/annual_report_2024.pdf,,Most recent directly-confirmed PDF is the 2024 edition; check csas.cz/en/about-us/esg for a 2025 update.,downloadable_pdf
OMV Petrom,Romania,OMV Petrom Group Annual Report 2025 (incl. Sustainability Statement),https://www.omvpetrom.com/downloads/2026/03/e0251a63-1730-6394-65f3-2b7e7f0bb721/10%20Annual%20Report%20OMV%20Petrom%20Group%202025.pdf,,"Sustainability info consolidated into Annual Report since 2024, prepared per GRI Standards historically then transitioned to ESRS.",downloadable_pdf
Banca Transilvania,Romania,Banca Transilvania Financial Group Sustainability Report 2025 (2nd year under CSRD/ESRS) + Sustainability Statement appendix,https://www.bancatransilvania.ro/files/app/media/Investor-Relations/Environmental-Social-Governance/Reports/2025/Sustainability-Report.pdf,https://www.bancatransilvania.ro/files/app/media/Investor-Relations/General-Shareholders-Meeting/2026/Consolidated-Separate-Financial-Statements-December-31-2025/Appendix-1-sustainability-statement.pdf,STRONG candidate: dedicated standalone Sustainability Report 2025 PDF confirmed.,downloadable_pdf
Electrica,Romania,Electrica Group Directors' Report for 2025 (incl. sustainability) + Sustainability Audit Report 2025,https://www.electrica.ro/wp-content/uploads/2026/04/ELSA_EN_AGOA_OGMS_3.3_2025_Directors_Report_IFRS_searchable_27Mar2026.pdf,https://www.electrica.ro/wp-content/uploads/2026/03/ELSA_EN_AGOA_OGMS_2.6_2025_Sustainability_Audit_Report_27Mar2026.pdf.pdf,New Sustainability Strategy 2025-2030 approved Dec 2024; externally audited Sustainability Audit Report confirmed for 2025.,downloadable_pdf
Romgaz,Romania,"Romgaz Group Consolidated Sustainability Statement (most recent confirmed: 2024, per EU Directive 2013/34 and ESRS)",https://www.romgaz.ro/en/rapoarte-de-sustenabilitate,,"2025 edition not yet published/confirmed via search (as of this research, mid-2026); check this reports page for the update. Also see Consolidated Board of Directors' Report 2025 at romgaz.ro/sites/default/files/2026-03/Annual%20Report%202025_1.pdf for financial-report-embedded content.",webpage_landing_page
BRD - Groupe Societe Generale,Romania,BRD Groupe Societe Generale Board of Directors' Annual Report (sustainability content within Board reports),https://www.brd.ro/en/about-brd/investors-and-shareholders/financial-information/financial-results,,No standalone 2025 sustainability report PDF confirmed via search (only 2023/2024 Board of Directors' Reports found directly); get exact 2025 file from this landing page.,webpage_landing_page
MOL Group,Hungary,MOL Group Integrated Annual Report 2025 (Sustainability Report integrated; 2024 edition ESRS-audited),https://molgroup.info/storage/documents/publications/annual_reports/2025/mol-2025-integrated-annual-report-eng.pdf,,,downloadable_pdf
OTP Bank,Hungary,"OTP Bank Plc. Integrated Annual Report 2025 (incl. Consolidated Sustainability Statement, GRI-referenced)",https://www.otpgroup.info/static/sw/file/260417_Integrated_report_e_final_064.pdf,,OTP Group's Sustainability Report explicitly complies with GRI Standards alongside ESRS - good candidate.,downloadable_pdf
Gedeon Richter,Hungary,Gedeon Richter Annual Integrated Report 2025 (non-official draft; incl. CSRD sustainability report),https://www.gedeonrichter.com/-/media/sites/hq/documents/sustainability/en/annual_report_2025_non_official_draft.pdf,,Marked 'non-official draft' in the filename - check gedeonrichter.com/en/sustainability for the finalized version once available.,downloadable_pdf
Magyar Telekom,Hungary,"Magyar Telekom Consolidated Sustainability Statement 2025 (integrated with Financial Report, ESRS-aligned, Deloitte limited assurance)",https://www.telekom.hu/rolunk/fenntarthatosag/fenntarthatosagi-jelentesek,,No single direct 2025 PDF URL confirmed via search; get exact file from this reports page (Hungarian: Fenntarthatósági Jelentések).,webpage_landing_page
Wizz Air,Hungary,"Wizz Air Holdings Annual Report and Accounts F25 (financial year ended 31 March 2025, incl. sustainability)",https://www.wizzair.com/cms/api/docs/default-source/downloadable-documents/corporate-website-transfer-documents/annual-reports/wizz-air-holdings-plc---annual-report-and-accounts-f25.pdf,,"A separate standalone 'Annual Sustainability Report' PDF exists for F24 (annual-sustainability-report-f24.pdf); an F25-labeled standalone edition was not directly confirmed via search, likely folded into the Annual Report and Accounts.",downloadable_pdf
ArcelorMittal,Luxembourg,"ArcelorMittal 2025 Sustainability Report: Safer, smarter growth",https://corporate.arcelormittal.com/sustainability/2025-sustainability-report,,"Standalone annual sustainability report (this is their long-running dedicated report series); no single direct PDF URL confirmed via search, get exact file from this landing page.",webpage_landing_page
RTL Group,Luxembourg,"RTL Group first CSRD-compliant sustainability report (published April 2025, covering FY2024)",https://www.rtl.com,,No direct PDF URL confirmed via search; check RTL Group's investor relations site for the exact file.,webpage_landing_page
SES S.A.,Luxembourg,"SES Environmental, Social & Governance Report 2025 (standalone) + Annual Report 2025",https://www.ses.com/sites/ses_v2/files/investor-files/2026-03/SES_AR25_ESG_3MAR26_DEF.pdf,https://www.ses.com/sites/default/files/2026-03/SES_AR25_2MAR26_vs21_web-LR.pdf,Dedicated standalone ESG Report confirmed alongside the Annual Report.,downloadable_pdf
Eurofins Scientific,Luxembourg,"Eurofins Scientific 2025 ESG Report (standalone, published alongside 2025 Annual Report)",https://cdnmedia.eurofins.com/corporate-eurofins/media/phlfgbmr/20260226-eurofins-announces-the-publication-of-its-2025-annual-report-and-2025-esg-report.pdf,,"First year the ESG report was published as a fully standalone document, separate from the Annual Report.",downloadable_pdf
Aperam,Luxembourg,"Aperam Corporate Sustainability Report 2025 (voluntary, CSRD-modeled)",https://www.aperam.com/sites/default/files/documents/Aperam_Corporate_Sustainability_Report_2025.pdf,,STRONG candidate: dedicated standalone sustainability report.,downloadable_pdf
Krka,Slovenia,Krka Annual Report 2025 (CSRD/ESRS sustainability content integrated),https://www.krka.biz/_assets/Annual-report_2025.pdf,,,downloadable_pdf
Petrol Group,Slovenia,Petrol Group Annual Report 2024 (1st audited ESRS sustainability report; 2025 edition pending),https://www.petrol.eu/binaries/content/assets/skupina-petrol-eng/2025/pages/publications/05/petrol-lp-2024-ang-web.pdf,,2025 Annual Report was approved by Supervisory Board per April 2026 press release but a direct PDF wasn't confirmed via search yet; check petrol.eu/publications for the update.,downloadable_pdf
NLB - Nova Ljubljanska Banka,Slovenia,NLB Group Sustainability Report (most recent confirmed direct PDF: 2023 edition; 2025 Annual Report referenced but no direct PDF confirmed),https://www.nlb.si/nlb/nlb-portal/eng/sustainability-new/sustainability-report-2023.pdf,,Check nlbgroup.com/int-en/investor-relations for the current-year sustainability report.,downloadable_pdf
INA - Industrija Nafte,Croatia,"INA Annual Financial Report 2025 (most recent confirmed Integrated Report is FY2024, published March 2025)",https://www.ina.hr/app/uploads/2025/03/INA-Annual-Financial-Report-2025.pdf,,"Full sustainability/ESG collection (38 reports, 2002-2025) hosted at sustainabilityreports.com/ina-industrija-nafte.",downloadable_pdf
Hrvatski Telekom,Croatia,Hrvatski Telekom Annual Report 2025 (5x Croatian Sustainability Index awardee; standalone sustainability PDF last confirmed for 2022),https://static.hrvatskitelekom.hr/webresources/tht/pdf/investitori/izvjesca/ANNUAL_REPORT_ENG_2025.pdf,,A dedicated standalone 2025 Sustainability Report was not confirmed via search; sustainability content likely integrated into this Annual Report.,downloadable_pdf
Zagrebacka banka,Croatia,Zagrebacka banka Annual Report 2024 (incl. Sustainability Statement); 2025 edition pending KPMG assurance,https://db.srnav.com/storage/v1/object/public/document-pdfs/e812171e-d943-44cb-8113-d84be25714d2.pdf,,KPMG Croatia was only appointed to assure the 2025 Sustainability Report as of May 2025 - the 2025 edition itself was not yet published/confirmed via search.,downloadable_pdf
Slovnaft,Slovakia,Slovnaft Annual Report (most recent confirmed direct PDF: 2023 edition),https://slovnaft.sk/en/about-us/our-company/financial-reports/annual-reports/,,No 2025 edition confirmed via search; get current file from this landing page. Part of MOL Group.,webpage_landing_page
VUB banka,Slovakia,VUB Bank Consolidated Sustainability Report 2024 (standalone) + Annual Report 2024; from FY2025 sustainability is integrated into the Annual Report per CSRD,https://www.vub.sk/document/documents/VUB/sprava-o-udrzatelnosti/Sustainability-Report-2024.pdf,https://www.vub.sk/document/documents/VUB/kryte-dlhopisy-vub/financne-informacie/EN/ar_2024.pdf,"STRONG candidate: dedicated standalone Sustainability Report PDF confirmed for 2024. 2025 Annual Report (incl. sustainability) also confirmed to exist per Intesa Sanpaolo group filings, published April 2026 - check vub.sk landing page for exact 2025 PDF.",downloadable_pdf
Tatra banka,Slovakia,Tatra banka Sustainability Report (1st edition: 2023; 2025 edition not confirmed via search),https://www.tatrabanka.sk/premodruplanetu/en/sustainability-report/,,Member of Raiffeisen Bank International Group; check this landing page for the current-year report.,webpage_landing_page
Sopharma,Bulgaria,Sopharma AD Annual Consolidated Financial Report 2025 (standalone sustainability report not confirmed),https://www.sopharmagroup.com/en/investor/financial-reports,,"No dedicated sustainability/ESG report PDF confirmed via search; only financial reports found. Get exact file from this landing page, or note as likely 'no GRI index found' if none exists.",webpage_landing_page
Bulgarian Energy Holding,Bulgaria,Bulgarian Energy Holding Financial Reports (standalone sustainability report not confirmed),https://bgenh.com/en/page/55/Financial-reports.html,,State-owned holding; a Decarbonisation Plan was prepared with EIB but no standalone sustainability report PDF confirmed via search.,webpage_landing_page
DSK Bank,Bulgaria,DSK Bank Separate and Consolidated Financial Statements 2025 (standalone sustainability report not confirmed),https://dskbank.bg/docs/default-source/%D0%B4%D0%BE%D0%BA%D1%83%D0%BC%D0%B5%D0%BD%D1%82%D0%B8/%D1%84%D0%B8%D0%BD%D0%B0%D0%BD%D1%81%D0%BE%D0%B2%D0%B0-%D0%B8%D0%BD%D1%84%D0%BE%D1%80%D0%BC%D0%B0%D1%86%D0%B8%D1%8F-%D0%B7%D0%B0-%D0%B1%D0%B0%D0%BD%D0%BA%D0%B0-%D0%B4%D1%81%D0%BA/2025/dsk-bank-separate-and-consolidated-financial-statements-2025.pdf,,Part of OTP Group (Hungary); community/CSR content described on dskbank.bg but no dedicated sustainability report PDF confirmed via search.,downloadable_pdf
Ignitis Group,Lithuania,Ignitis Group Integrated Annual Report 2025 (Sustainability section starting page 158),https://nasdaqbaltic.com/market/upload/reports/ign/2025_yb_en_eur.pdf,,,downloadable_pdf
Siauliu Bankas,Lithuania,Siauliu Bankas Annual Report / Financial Statements (Sustainability Report forms part of financial statements),https://www.sb.lt/en/investors/financial-info/siauliu-bankas-ab-and-the-groups-financial-statements,,No single direct 2025 PDF URL confirmed via search; get exact file from this landing page. Now operates under 'Artea' brand (artea.lt).,webpage_landing_page
Latvenergo,Latvia,Latvenergo Group Consolidated Annual Report 2025 (incl. Sustainability Statement per Law on Sustainability Disclosures),https://latvenergo.lv/storage/app/media/uploaded-files/LE_Prezentacija_2024_EN.pdf,,No single direct 2025 PDF URL confirmed via search (only a 2024 presentation deck found directly); get exact file from latvenergo.lv investor relations.,webpage_landing_page
airBaltic,Latvia,airBaltic Annual Report 2025 (incl. Sustainability Statement),https://assets.airbaltic.com/f/236210/x/201b60f675/air-baltic-corporation-as-annual-report-2025.pdf,,,downloadable_pdf
Eesti Energia (Enefit),Estonia,Eesti Energia Annual Report 2025 (incl. sustainability),https://public-docs.enefit.com/ettevottest/investorile/eesti-energia-2025-final-en.pdf,,"Group restructured into Enefit (electricity), Enefit Industry, and Elektrilevi (distribution) subsidiaries starting 2026.",downloadable_pdf
Tallink Grupp,Estonia,"Tallink Grupp Consolidated Sustainability Statement 2025 (standalone, CSRD/ESRS/EU Taxonomy) + Annual Report 2025",https://image.tallink.com/image/upload/grupp/documents/sustainability-reports/Tallink-Grupp-Sustainability-Report-2025-ENG.pdf,https://nasdaqbaltic.com/market/upload/reports/tal/2025_ar_en_eur_con.pdf,STRONG candidate: dedicated standalone Sustainability Statement 2025 PDF confirmed.,downloadable_pdf
Bank of Valletta,Malta,Bank of Valletta Annual Report FY2025 (sustainability integrated into financial reports; Climate Transition Plan under CSRD in progress),https://www.bov.com/meta/downloads/bov-interim-report-2025,,No standalone sustainability report PDF confirmed via search; get exact Annual Report FY2025 file from bov.com.,webpage_landing_page
Bank of Cyprus,Cyprus,"Bank of Cyprus Sustainability Report (most recent confirmed direct PDF: 2023 edition, 'Leading the transition of Cyprus')",https://www.bankofcyprus.com/en-gb/group/sustainability/disclosures/sustainability-reports/,,2025 edition not directly confirmed via search; get current file from this disclosures page.,webpage_landing_page
Deutsche Lufthansa,Germany,"Lufthansa Airlines Environmental Statement (2026 issue, reporting year 2025) + Lufthansa Group Sustainability Fact Sheet 2025",https://www.lufthansa.com/content/dam/lh/documents/sustainability/2026_Environmental-Statement%20LufthansaAirlines_en.pdf,https://www.lufthansagroup.com/media/downloads/en/responsibility/LHG-Factsheet-Sustainability-2025.pdf,Non-financial declaration is also in the Annual Report; these are the dedicated standalone sustainability documents.,downloadable_pdf
Zalando,Germany,Zalando SE Full CSRD/ESRS Report 2025 (Annual Report),https://corporate.zalando.com/sites/default/files/media-download/zalando-se_en_full-csrd-esrs-report_annual-report_2025.pdf,,,downloadable_pdf
Hannover Re,Germany,Hannover Re Group Annual Report 2025 (incl. ESRS sustainability statement),https://assets.hannover-re.com/asset/533267266226/document_vm5644i6q91ol8khnekpbcrt3s/2025_GBKonzern_e.pdf,,,downloadable_pdf
Daimler Truck,Germany,Daimler Truck Sustainability Progress 2025 + ESG Factbook FY2025 (Sustainability Report also pp.71-157 of Integrated Annual Report),https://www.daimlertruck.com/fileadmin/user_upload/bilder/newsroom/stories/2026/Nachhaltigkeitsbericht_2025/Downloads/20260316_DT_Sustainability_Progress_EN.pdf,https://www.daimlertruck.com/fileadmin/user_upload/documents/sustainability/Daimler_Truck_ESG_Factbook_FY_2025.pdf,,downloadable_pdf
Symrise,Germany,Symrise Corporate Report 2025 / Group Management Report (incl. ESRS sustainability content),https://symrise.com/corporatereport/2025/home/Symrise_GB25_Lagebericht_EN_geschuetzt.pdf,,,downloadable_pdf
Brenntag,Germany,Brenntag Group Sustainability Statement 2025 (standalone extract) + full Annual Report 2025,https://brenntagprod-media.e-spirit.cloud/06432017-be1f-41ce-8d1d-564e2a66d213/documents/corporate/investor-relations/2025/annual-report-2025/brenntag_ar2025_group-sustainability-statement_en.pdf,https://brenntagprod-media.e-spirit.cloud/06432017-be1f-41ce-8d1d-564e2a66d213/documents/corporate/investor-relations/2025/annual-report-2025/brenntag_annual-report-2025_en.pdf,Voluntarily applies ESRS as framework.,downloadable_pdf
Evonik Industries,Germany,Evonik Sustainability Report 2025 (standalone) + Financial and Sustainability Report 2025,https://www.evonik.com/content/dam/evonik/documents/Evonik_Sustainability_Report_2025.pdf.coredownload.pdf,https://www.evonik.com/content/dam/evonik/documents/Evonik_Financial_and_Sustainability_Report_2025.pdf,Won 'Best CSRD Report in the MDAX' Building Public Trust Award 2025.,downloadable_pdf
Rheinmetall,Germany,"Rheinmetall Annual Report (Group Sustainability Statement, p.91-92); labeled 2024 report published March 2025 - verify against most current filing",https://www.rheinmetall.com/Rheinmetall%20Group/Investor%20Relations/Ver%C3%B6ffentlichungen/Pr%C3%A4sentationen%20und%20Berichte/2025/GB/Rheinmetall-Annual-Report-2024.pdf,,URL/labeling ambiguity in search results between fiscal year and publication year - confirm the exact reporting period inside the PDF before using. ESG Factbook also available at rheinmetall.com/en/responsibility/esg-reporting.,downloadable_pdf
Porsche AG,Germany,Porsche AG Annual and Sustainability Report 2025 + ESG Addendum 2025,https://newsroom.porsche.com/dam/jcr:e0c23117-3217-45ff-977b-6b2988a11297/Annual_and_Sustainability_Report_2025_Porsche_AG.pdf,https://newsroom.porsche.com/dam/jcr:bceb4baf-5e2d-4393-a20f-a838174bb558/ESG_Addendum_2025_Porsche_AG_EN.pdf,Only the German-language PDF is legally binding per Porsche; this is the English version.,downloadable_pdf
Talanx,Germany,Talanx Group Annual Report 2025 (2nd year under CSRD/ESRS),https://www.talanx.com/media/files/investor-relations/pdf/ergebnisse/2025/fy/2025_tx_konzern_en.pdf,,,downloadable_pdf
Orange S.A.,France,Orange S.A. 2024-2025 Integrated Annual Report (incl. Universal Registration Document sustainability data),https://rai.orange.com/wp-content/uploads/sites/54/2025/06/integrated-annual-report-2024-2025.pdf,,Achieved most non-financial targets a year ahead of schedule; reviewed by AMF under CSRD.,downloadable_pdf
Dassault Systemes,France,Dassault Systemes 2025 Universal Registration Document (incl. Sustainability Report) + first standalone Impact Report (Aug 2026),https://www.vanslingerlandt.com/wp-content/uploads/2026/04/3DS_2025-URD_31-03-26.pdf-dassault-S.pdf,,Mirror/third-party host for the URD; primary source is investor.3ds.com. First-ever standalone Impact Report published separately in Aug 2026.,downloadable_pdf
Legrand,France,"Legrand Integrated Report 2025 (1st year of 2025-2027 CSR roadmap, 110% target achievement rate)",https://www.legrand.com/sites/default/files/Documents_PDF_Legrand/Finance/2026/autre/RI/LEGRAND_INTEGRATED%20REPORT_2025_EN_1776242449.pdf,,,downloadable_pdf
Bouygues,France,Bouygues 2025 Universal Registration Document (Sustainability Statement in Chapter 3),https://www.bouygues.com/app/uploads/2025/11/bouygues_deu_2025_uk_web.pdf,,,downloadable_pdf
Carrefour,France,Carrefour Sustainability Statement 2025 (standalone extract) + Universal Registration Document 2025,https://www.carrefour.com/sites/default/files/2026-03/Etat%20de%20durabilite%CC%81%20Carrefour%202025_0.pdf,https://www.carrefour.com/sites/default/files/2026-04/CFR2025_URD_EN_PDF_MEL_270326_0.pdf,"STRONG candidate: dedicated standalone Sustainability Statement PDF confirmed, CSRD-compliant.",downloadable_pdf
Thales,France,"Thales CSR Integrated Report 2025 (6.83MB, published May 2026) + Universal Registration Document 2025 (14.91MB, published Apr 2026)",https://www.thalesgroup.com/en/sustainability-thales/reports-and-data,,No single direct PDF URL confirmed via search (session-based download links); get exact files from this reports-and-data page.,webpage_landing_page
Safran,France,Safran 2025 Integrated Report (first-ever standalone Sustainability Report also published for 2025),https://www.safran-group.com/download/media/450817,,,downloadable_pdf
Edenred,France,"Edenred 2025 Universal Registration Document (incl. sustainability report, filed with AMF March 2026)",https://www.edenred.com/en/group/our-publications,,No single direct PDF URL confirmed via search; get exact file from this publications page.,webpage_landing_page
Snam,Italy,"Snam Annual Report 2025 (incl. Sustainability Report per Italian Legislative Decree 125/2024, CSRD-aligned) + Sustainable Finance Annual Report 2025",https://www.snam.it/content/dam/snam/pages-attachments-search/en/documenti/bilanci-annuali/2025/annual_report_2025.pdf,https://www.snam.it/content/dam/snam/pages-attachments/it/investor-relations/documents/sustainable-finance/2025/Sustainable_Finance_Annual_Report_2025.pdf,,downloadable_pdf
Terna,Italy,Terna 2025 Annual Report (Consolidated Sustainability Statement as separate section),https://www.terna-reports.it/2025/en,,Published as an interactive digital report rather than a single static PDF; check this platform for a PDF export option.,webpage_landing_page
Mediobanca,Italy,"Mediobanca first Consolidated Sustainability Report (FY ended 30 June 2025, CSRD) + ESG Profile 2025",https://www.mediobanca.com/static/upload_new/csr/csrd_eng.pdf,https://www.mediobanca.com/static/upload_new/esg/esg-profile.pdf,STRONG candidate: dedicated standalone sustainability/CSRD report confirmed.,downloadable_pdf
Banco BPM,Italy,Banco BPM Sustainability Statement 2025 (standalone),https://gruppo.bancobpm.it/media/dlm_uploads/BancoBPM_Sustainability_Statement_2025.pdf,,STRONG candidate: dedicated standalone Sustainability Statement PDF confirmed.,downloadable_pdf
Recordati,Italy,Recordati Annual Report 2025 (Consolidated Sustainability Statement included),https://annualreport.recordati.com/wp-content/uploads/2026/04/ANNUAL-REPORT-2025_260429.pdf,,,downloadable_pdf
Campari Group,Italy,Campari Group Annual Report for the year ended 31 December 2025 (incl. sustainability),https://www.camparigroup.com/sites/default/files/downloads/01.1%20Campari%20Group_Annual%20Report%20for%20the%20year%20ended%2031%20December%202025_0.pdf,,,downloadable_pdf
Pirelli,Italy,Pirelli Annual Report 2025 (incl. CSRD Sustainability Statement; ranked Top 1% in 2025 Sustainability Yearbook),https://corp-assets.pirelli.com/corporate/Annual_Report_Pirelli_2025_ENG.pdf,,,downloadable_pdf
Tenaris,Luxembourg,Tenaris 2025 Annual Report (incl. Sustainability Statement executive summary),https://www.sec.gov/Archives/edgar/data/1190723/000117184326002101/exh_991.pdf,,SEC-filed Form 20-F exhibit (Tenaris is dual-listed/NYSE); also available via ir.tenaris.com and Luxembourg Stock Exchange (bourse.lu).,downloadable_pdf
Naturgy,Spain,Naturgy Sustainability Report 2025 / Consolidated Non-Financial Information Statement,https://www.naturgy.com/en/sustainability/sustainability-reports/,,No single direct 2025 PDF URL confirmed via search; get exact file from this reports page.,webpage_landing_page
ACS Group,Spain,Grupo ACS Integrated Report 2025 (incl. NFIS and Sustainability Report),https://www.grupoacs.com/en/shareholders-investors/annual-report,,No single direct 2025 PDF URL confirmed via search; get exact file from this landing page. Note: distinct from the unrelated UK-based 'ACS Group' (acsgroup.co.uk) that also publishes a 2025 sustainability report - do not confuse the two.,webpage_landing_page
Ferrovial,Spain,"Ferrovial SE Integrated Annual Report 2025 (Statement of consolidated non-financial and sustainability information, ESRS-compliant)",https://informeanualintegrado2025.ferrovial.com/en/,,Confirmed PDF also at static-iai.ferrovial.com (2024 edition); use this microsite for the current 2025 PDF.,downloadable_pdf
Grifols,Spain,"Grifols 2025 Integrated and Sustainability Annual Report (CSRD, Spanish Law 11/2018, GRI, SASB)",https://www.grifols.com/en/sustainability-reports,,Explicitly GRI-referenced alongside CSRD/SASB - strong candidate. No single direct PDF URL confirmed via search; get exact file from this page.,webpage_landing_page
Mapfre,Spain,Mapfre Consolidated Non-Financial Information Statement and Sustainability Statement 2025,https://www.mapfre.com/en/sustainability/annual-reports/,,No single direct 2025 PDF URL confirmed via search (2024 edition found directly at 7MB); get exact 2025 file from this page.,webpage_landing_page
Acciona,Spain,"Acciona Sustainability Report 2025 (standalone, explicitly references GRI standards) + Integrated Report 2025",https://www.acciona.com/content/dam/acciona-global/documentos/informes/sustainability-report-2025-acciona.pdf,https://www.acciona.com/content/dam/acciona-global/documentos/informes/2025-acciona-integrated-report.pdf,STRONG candidate: standalone Sustainability Report explicitly states it includes info beyond GRI standards requirements.,downloadable_pdf
Cellnex Telecom,Spain,Cellnex Telecom Integrated Annual Report 2025 (Consolidated Management Report),https://www.cellnex.com/app/uploads/2026/03/Informe-Anual-Integrado-2025_EN_Optimized.pdf,,,downloadable_pdf
Prosus,Netherlands,"Prosus FY2025 Annual Report (1st year CSRD/ESRS, FY2025 GRI content index also referenced) + Environmental Impact Report FY25",https://www.prosus.com/~/media/Files/P/prosus-corp-v2/results-reports-and-events-archive/annual-report/2025/fy2025-annual-report.pdf,https://www.prosus.com/~/media/Files/P/prosus-corp-v2/documents/our-impact/prosus-environmental-impact-report-fy25.pdf,STRONG candidate: FY2025 GRI content index explicitly mentioned alongside ESRS/SASB/TCFD disclosures.,downloadable_pdf
KPN,Netherlands,KPN Integrated Annual Report 2025 (incl. Sustainability Statement),https://annualreport2025.kpn/files/KPN-integrated-annual-report-2025.pdf,,,downloadable_pdf
Signify,Netherlands,"Signify Annual Report 2025 (concludes 'Brighter Lives, Better World 2025' program)",https://www.signify.com/static/2025/signify-annual-report-2025.pdf,,,downloadable_pdf
Aegon,Netherlands,"Aegon Integrated Annual Report 2025 (Sustainability Report from p.293, CSRD/ESRS limited assurance)",https://www.aegon.com/sites/default/files/file/2026-03/aegon-annual-report-on-form-20-f-2025.pdf,,"Form 20-F filed given US listing; primary Integrated Annual Report PDF link not directly confirmed, this is the SEC-style filing equivalent.",downloadable_pdf
NN Group,Netherlands,NN Group N.V. Annual Report 2025 + standalone Environmental Statement 2025,https://www.nn-group.com/site/binaries/content/assets/nn-group/annual-reports/2025/nn-group-annual-report-2025.pdf,https://www.nn-group.com/site/binaries/content/assets/nn-group/sustainability/nn-group-environmental-statement.pdf,,downloadable_pdf
Universal Music Group,Netherlands,Universal Music Group 2025 Annual Report (incl. sustainability statement; won 'ESG Transparency Award'),https://assets.ctfassets.net/e66ejtqbaazg/7HObJrt5UDQfjjfKYN454B/201bf057190c5ed4ee185b04a34ec095/UMG_2025_Annual_Report.pdf,,,downloadable_pdf
Bank Pekao,Poland,Report on the Activities of Bank Pekao S.A. Group for 2025 (incl. ESG/sustainability report),https://raport-pekao.pl/wp-content/uploads/2026/05/ReportontheActivities_Bank_Pekao_Group_2025.pdf,https://www.pekao.com.pl/esg/,"ESG report published as 'Zrownowazona przyszlosc' (2025 ESG report), prepared per ESRS; direct PDF is the broader activities/annual report which includes the sustainability statement chapter.",downloadable_pdf
mBank,Poland,Management Board Report on Performance of mBank Group 2025 (incl. sustainability statement),https://www.mbank.pl/pdf/relacje-inwestorskie/raport-roczny/2025/management-board-report.pdf,https://www.mbank.pl/pdf/CSR/mbank-sustainability-standards.pdf,No standalone GRI-branded sustainability report confirmed; ESG/sustainability disclosures are embedded within the annual Management Board Report (ESRS-aligned).,downloadable_pdf
Asseco Poland,Poland,Report on Non-Financial Information of Asseco Poland S.A. and the Asseco Group,https://inwestor.asseco.com/files/investor/uploads/The_Asseco_Poland_S.A._and_the_Asseco_Group_s_report_on_non-financial_information.pdf,https://inwestor.asseco.com/en/reports/financial-reports/2025/,Most recent standalone non-financial information report confirmed as downloadable is for FY2023; a newer edition may exist on the investor relations reports page and should be checked.,downloadable_pdf
Enea,Poland,Sprawozdanie Zarzadu GK Enea 2024 (incl. ESG/sustainability statement),https://raportyzr.pl/wp-content/uploads/2025/09/SPRAWOZDANIE-ROCZNE-ZARZADU-GK-ENEA-2024.pdf,https://raport2024.esg.enea.pl/,"Enea's FY2024 ESG report is published as an interactive web report (raport2024.esg.enea.pl) rather than a standalone PDF; the downloadable PDF here is the Management Board's annual report, which the ESG report is stated to be an integral part of. First edition prepared under CSRD/ESRS.",downloadable_pdf
Tauron Polska Energia,Poland,Sprawozdanie Zarzadu z dzialalnosci TAURON Polska Energia S.A. i GK TAURON za 2024 (incl. sustainability statement),https://raportyzr.pl/wp-content/uploads/2025/09/GKTAURON-SprZarzadu-2024-12-31-0-PL.pdf,https://www.tauron.pl/tauron/o-tauronie/tauron-dla-otoczenia/raport-zrownowazonego-rozwoju,"FY2024 sustainability disclosures prepared for the first time under ESRS/CSRD, embedded as a chapter within the Management Board's annual report rather than a standalone GRI report.",downloadable_pdf
Ciech (Qemetica),Poland,Qemetica (formerly Ciech) Sustainability Report 2023,https://qemetica.com/uploads/esg/raporty/sustainability-report-2023.pdf,https://qemetica.com/en/sustainability/sustainability-strategy,Company renamed from Ciech to Qemetica in 2024. Most recent standalone sustainability report confirmed as downloadable is FY2023; verify whether a FY2024 edition has since been published.,downloadable_pdf
Colruyt Group,Belgium,Colruyt Group Annual Report with Sustainability Reporting 2024/2025,https://issuu.com/colruytgroup/docs/annual_report_with_sustainability_reporting_2024_2,https://www.colruytgroup.com/en/investor-relations/annual-report-with-sustainability-reporting,Sustainability reporting is combined with the financial annual report rather than published as a standalone document; fiscal year runs April-March.,downloadable_pdf
Proximus,Belgium,Proximus Integrated Annual Report 2025 (incl. sustainability statement),https://www.proximus-cdn.com/dam/jcr:44041fd1-b790-497d-b397-cb03869fab27/proximus-integrated-annual-report-2025-v1.1_en.pdf,https://www.proximus.com/annual-report.html,"Sustainability statement (environmental, social, governance information) is embedded within the Integrated Annual Report rather than published standalone.",downloadable_pdf
D'Ieteren Group,Belgium,D'Ieteren Group Annual Report 2025 - Sustainability Statement,https://dieterengroup.imgix.net/press-releases/20260424_Annual-Report_EN.pdf,https://www.dieterengroup.com/non-financial-reporting/,"CSRD-compliant sustainability statements published both group-wide and per business unit (D'Ieteren Automotive, Belron, Moleskine, TVH, D'Ieteren Immo, PHE) as separate PDFs on the non-financial reporting page; limited assurance by KPMG.",downloadable_pdf
Elia Group,Belgium,Elia Group Integrated Annual Report 2025,https://investor.eliagroup.eu/-/media/project/elia/shared/documents/elia-group/publications/annual-reports/2026/en_2025_elia-group.pdf,https://www.elia.be/en/sustainability,"Sustainability report is one section of the combined Integrated Annual Report (Strategic, Sustainability, Governance & Risk, Financial).",downloadable_pdf
bpost (Bnode),Belgium,bpostgroup 2024 Annual Report - Consolidated Annual Accounts,https://bpostgroup.com/sites/default/files/2025-04/9.%20Consolidated_annual_accounts_bpostgroup_2024_ENG.pdf,https://bpostgroup.com/sustainability; https://bpostgroup.com/sites/default/files/2025-04/24099_BPOST_jaarverslag_2024_H5_Governance_ENG.pdf,bpost group has since rebranded to Bnode. CSRD-aligned non-financial statement is embedded within the annual report package rather than published as a standalone sustainability report; verify current entity name and latest report edition before use.,downloadable_pdf
Raiffeisen Bank International,Austria,Raiffeisen Bank International Sustainable Deposits Allocation and Impact Report 2025,https://www.rbinternational.com/content/dam/rbi/ho/corporates/our-solutions/sustainable-solutions/sustainable-deposits-allocation-and-impact-report-rbi-ag-en-final1.pdf.coredownload.pdf,https://www.rbinternational.com/en/raiffeisen/sustainability-esg/sustainability-reports.html; https://www.rbinternational.com/en/investors/results-reports/annual-reports.html,"Since FY2024, consolidated non-financial (ESRS/CSRD) reporting has been folded into the annual report rather than published as a standalone sustainability report.",downloadable_pdf
Wienerberger,Austria,wienerberger Sustainability Statement 2025,https://www.wienerberger.com/content/dam/corp/corporate-website/downloads/investors-downloads/2025/2025-wienerberger-Sustainability-Statement.pdf,https://annualreport.wienerberger.com/2025/_assets/downloads/entire-wb-ar25.pdf,"Standalone ESRS-aligned Sustainability Statement PDF confirmed for 2025, alongside the combined Annual and Sustainability Report.",downloadable_pdf
Andritz,Austria,ANDRITZ Non-Financial Statement 2025,https://www.andritz.com/resource/blob/689224/a0937840e1f353ee5ed2b4f23651dc4e/andritz-non-financial-statement-2025-data.pdf,https://www.andritz.com/resource/blob/689306/6ad9400073c46323b95b1be977870245/andritz-annual-report-2025-data.pdf; https://www.andritz.com/sustainability-en/sustainability-reports,ESRS/CSRD-aligned non-financial statement published as a standalone PDF alongside the annual report.,downloadable_pdf
Mayr-Melnhof Karton,Austria,Mayr-Melnhof Karton AG Annual Financial Report 2025 (incl. Consolidated Sustainability Reporting),https://mm.group/wp-content/uploads/MM-Annual-Financial-Report-2025.pdf,https://mm.group/wp-content/uploads/MM_Annual_Report_2025.pdf,"Consolidated Non-Financial/Sustainability Reporting is embedded within the Annual Financial Report management report, with voluntary independent limited assurance.",downloadable_pdf
Vienna Insurance Group,Austria,Vienna Insurance Group Sustainability Statement 2025,https://group.vig/en/sustainability/downloads/,https://www.annual-report.vig/2025/,"Sustainability Statement (ESRS-aligned since FY2024) is part of the Group Annual Report 2025; downloads page lists both as separate PDFs but a direct file URL could not be confirmed, so the downloads hub is used.",webpage_landing_page
Pandora,Denmark,Pandora Annual Report 2025 (incl. Sustainability Disclosures),https://www.sustainabilityreports.com/pandora/2025/annual-report,https://pandoragroup.com/sustainability/resources/sustainability-reports,"Since reporting year 2024, Pandora publishes combined financial and sustainability reporting rather than a standalone sustainability report.",downloadable_pdf
Tryg,Denmark,Tryg Annual Report 2025 (incl. Sustainability Statement),https://tryg.com/en/downloads-2025,https://tryg.com/en/sustainability/reporting,"CSRD-aligned Sustainability Statement is an integral part of the Annual Report; no standalone sustainability report PDF confirmed, so the downloads hub is used as the source.",webpage_landing_page
Ambu,Denmark,Ambu A/S Annual Report 2024/25 (incl. sustainability disclosures),https://www.ambu.com/Files/Files/Ambu/Financial%20Reports/2024-2025/Ambu-Annual-Report-2024-25.pdf,https://www.ambu.com/about/sustainability/our-work,Fiscal year runs Oct-Sept; sustainability information is included within the combined Annual Report.,downloadable_pdf
Demant,Denmark,Demant A/S Annual Report 2025 (incl. integrated sustainability reporting),https://assets-we.cas.dgs.com/-/media/demant/shared/new-library-2022/financial-reports/annual-report-english/demant-annual-report-2025.pdf?la=en&rev=AE32&hash=F68551D4B2CB09858AD389A748D55FF6,https://www.demant.com/investor-relations/annual-report-2025,"Sustainability reporting has been an integrated part of the Annual Report since FY2024, no longer published standalone.",downloadable_pdf
Flutter Entertainment,Ireland,Flutter Entertainment plc Positive Impact Report 2025,https://flutter.com/media/auxjjb0y/positive-impact-report-2025.pdf,https://flutter.com/media/0mqn25mr/climate-report-2025.pdf; https://flutter.com/media/le5b5mp4/2025-annual-report-and-accounts.pdf,Sustainability framework is the 'Positive Impact Plan'; separate Positive Impact Report and Climate Report published alongside the Annual Report and Accounts.,downloadable_pdf
Greencore Group,Ireland,Greencore Group plc GRI Index 2025,https://www.greencore.com/app/uploads/2025/11/Greencore-GRI-Index-2025-1.pdf,https://www.greencore.com/app/uploads/2025/11/Greencore-Group-plc-Sustainability-Section-of-AR-FY25.pdf; https://www.greencore.com/app/uploads/2025/11/Greencore-Group-plc-Sustainability-Performance-Data-2025.pdf,"Standalone GRI Index PDF confirmed for FY25, alongside the sustainability section extract of the Annual Report and separate performance-data document.",downloadable_pdf
Irish Continental Group,Ireland,Irish Continental Group plc Annual Report YE25 (incl. Sustainability and Climate Change section),https://icg.ie/wp-content/uploads/2026/04/ICG-AR-YE25.pdf,https://icg.ie/about/environment/,Sustainability and Climate Change content is a section (pages 52-57) within the combined Annual Report rather than a standalone report.,downloadable_pdf
DCC plc,Ireland,DCC plc Annual Report and Accounts 2025 - Strategic Report,https://www.dcc.ie/~/media/Files/D/Dcc-Corp-v3/documents/investors/annual-and-sustainability-reports/2025/dcc-ar25-strategic-report.pdf,https://www.dcc.ie/investors/annual-and-sustainability-reports/reports-online-summary-2025,"Combined 'Annual and Sustainability Report' split into multiple PDF sections (strategic report, governance, financial statements, supplementary information); CSRD-aligned, fiscal year to 31 March.",downloadable_pdf
Mota-Engil,Portugal,Mota-Engil Integrated Report 2023 (Relatorio Unico),https://www.mota-engil.com/app/uploads/2025/03/Integrated-Report-2023_vf.pdf,https://www.mota-engil.com/en/sustainability/esg-performance-report/,Most recent standalone Integrated Report confirmed as directly downloadable is FY2023; a newer edition may exist and should be checked via the ESG Performance & Report page.,downloadable_pdf
Semapa,Portugal,Semapa Relatorio do Governo Societario 2025 (Corporate Governance Report),https://www.semapa.pt/en/investors/financial-information/,https://www.semapa.pt/wp-content/uploads/2026/04/SEMAPA_RGS2025_EN_20260430.pdf,No standalone Semapa-level sustainability report PDF confirmed; sustainability activity is primarily reported through subsidiaries Navigator and Secil. Using the investor financial information hub as the source pending a dedicated sustainability report link.,webpage_landing_page
Corticeira Amorim,Portugal,Corticeira Amorim Sustainability Report,https://www.amorimcork.com/xms/files/Relatorios_Sustentabilidade/Sustainability_Report_2023.pdf,https://www.amorim.com/en/sustainability/reports/; https://www.amorim.com/xms/files/Investidores/Comunicados/Allocation_and_Impact_Report_2025_EN_30.04.pdf,"Most recent standalone sustainability report confirmed as downloadable is FY2023 (via Amorim Cork Solutions); a 2025 Sustainable Finance Allocation and Impact Report is also available, and a newer full sustainability report should be checked for.",downloadable_pdf
Titan Cement Group,Greece,TITAN Group Integrated Annual Report 2025,https://www.titanmaterials.com/wp-content/uploads/2026/03/INTEGRATED-ANNUAL-REPORT-2025-EN.pdf,https://www.titanmaterials.com/sustainability/,"Group ESG performance is reported within the combined Integrated Annual Report; individual country subsidiaries (Greece, Kosovo, etc.) also publish their own sustainability reports.",downloadable_pdf
Jumbo S.A.,Greece,Jumbo S.A. Annual Report 2025 (incl. CSRD-aligned Sustainability Report),https://corporate.e-jumbo.gr/uploads/159286/51c9_jumboannualreport_31122025_en.pdf,https://corporate.e-jumbo.gr/en/investor-relations/annual-report/ektheseis-mi-chrimatooikonomikis-pliroforisis/,"Sustainability Report incorporated into the Annual Report per CSRD requirements, not published standalone.",downloadable_pdf
Aegean Airlines,Greece,AEGEAN Annual Report 2024 (incl. sustainability statement per Law 4548/2018 art. 154A),https://en.about.aegeanair.com/-/media/AboutAegean/IR/IR_Annual_Reports/2024/ENG_AEGEAN_ANNUAL_2024_F12.pdf?forceDownload=1,https://en.about.aegeanair.com/corporate-responsibility/csr-report/,Most recent standalone-confirmed downloadable annual report with sustainability statement is FY2024; a FY2025 edition may since have been published and should be checked for.,downloadable_pdf
Waberer's International,Hungary,Waberer's International Nyrt. Separate Business and Sustainability Report 2024,https://www.waberers.com/file/documents/2/2266/wi_standalone_2024_en.pdf,https://www.waberers.com/en/press-room/news/waberers-presents-its-first-sustainability-and-esg-reports-in-line-with-the-csrd-directive.html,First CSRD-compliant sustainability/ESG reports published for FY2024; a 2025 consolidated ESG report is also referenced and should be checked for.,downloadable_pdf
4iG,Hungary,4iG Plc. Sustainability Report 2023,https://www.sustainabilityreports.com/4ig-nyrt/2023/sustainability-report,https://www.4ig.hu/sw/static/file/1_agenda_4iGStandalonereport.pdf,Most recent standalone sustainability report confirmed as downloadable is FY2023; verify for a newer edition on the company's own site.,downloadable_pdf
Masterplast,Hungary,Masterplast Group Financial and Sustainability Report Excerpt 2025,https://bse.hu/newkibdata/129451094/Financial%20and%20sustainability%20report%20excerpt_2025.pdf,https://www.masterplastgroup.com/en/document_folder/esg-report/; https://www.bse.hu/newkibdata/129435217/Masterplast_ENG%20Sustainability_Limited_Assurance_Report_2025.pdf,"Consolidated Sustainability Report for year ended 31 Dec 2025, with a separate limited assurance report also published; filed via the Budapest Stock Exchange disclosure system.",downloadable_pdf
Zwack Unicum,Hungary,Zwack Unicum Plc. Sustainability Report 2024/2025,https://zwackunicum.hu/wp-content/uploads/2025/07/Sustainability_Report_English_2025.pdf,https://zwackunicum.hu/en/fenntarthatosag/,One of the first Hungarian companies to publish sustainability reports (since 2013); consistent standalone annual sustainability report series.,downloadable_pdf
Digi Communications,Romania,Digi Communications N.V. Environmental and Social Responsibility Report 2023,https://www.sustainabilityreports.com/digi-communications/2023/environmental-and-social-responsibility,https://www.digi-communications.ro/en/investor-relations/shares/financial-results-shares/annual-reports-shares,"Prepared per GRI Standard 2021; covers operations across Romania, Spain, Italy, and Portugal.",downloadable_pdf
Transelectrica,Romania,C.N.T.E.E. Transelectrica S.A. Consolidated Sustainability Report 2024,https://sustainabilityreports.com/reports/c-n-t-e-e-transelectrica-sa-2023-sustainability-report-pdf/,https://www.transelectrica.ro/en/web/tel/rapoarte-2024,Historically GRI-aligned reporting (since at least 2018); electricity transmission system operator.,downloadable_pdf
Nuclearelectrica,Romania,S.N. Nuclearelectrica S.A. SNN Group Consolidated Sustainability Report 2024,https://nuclearelectrica.ro/ir/wp-content/uploads/sites/3/2025/05/MACHETAT-SNN-Raport-de-sustenabilitate-2024_EN_20250530_pt-pdf.pdf,https://nuclearelectrica.ro/ir/wp-content/uploads/sites/3/2026/03/SNN_EN_Raport_CA_Anual_2025.pdf,Seventh consecutive sustainability report; CSRD/ESRS scope. State-owned nuclear power operator.,downloadable_pdf
One United Properties,Romania,One United Properties 2023 Sustainability Report,https://www.one.ro/en/investor-relations/2021-sustainability-report.pdf,https://www.one.ro/en/investor-relations,"GRI-standards-based sustainability reports published annually since 2021; direct URL for the FY2023 edition could not be confirmed, using the FY2021 report URL pattern as reference - verify and locate the latest edition via the investor relations page.",webpage_landing_page
CETIN Group,Czech Republic,CETIN Group ESG / Sustainability Report,https://www.cetin.cz/sustainability/documents-for-download,https://www.cetin.cz/documents/d/cetin.cz/konsovz_2024_cetin_eng_signed,"Documents-for-download page hosts multiple PDF reports (information security, environmental, energy, quality, health & safety, governance); no single confirmed direct-file URL for the flagship ESG report, so the download hub is used.",webpage_landing_page
Philip Morris CR,Czech Republic,"Philip Morris CR a.s. Annual Financial Report 2025 (incl. Sustainability Statement, CSRD)",https://www.pmi.com/content/dam/pmicom/markets/czech-republic/docs/2026/eng/03_Annual%20Financial%20Report%202025_eng_unofficial%20PDF%20version.pdf,https://www.pmi.com/sustainability,"Czech subsidiary's CSRD Sustainability Statement is embedded in its own Annual Financial Report, separate from parent PMI's global sustainability reporting.",downloadable_pdf
Colt CZ Group,Czech Republic,Colt CZ Group SE Annual Financial Report 2024 (incl. Sustainability Statement),https://www.coltczgroup.com/en/investors,https://www.coltczgroup.com/en/media/press-releases/colt-cz-group-issues-its-inaugural-sustainability-report,"Firearms/defense manufacturer (formerly Ceska zbrojovka) - do not confuse with Colt Technology Services/'Colt Group', an unrelated UK-based telecoms and data centre company that also publishes a 'Sustainability Report'. Inaugural standalone Sustainability Report covered FY2022/2023; FY2024 sustainability content is within the Annual Financial Report. Direct PDF URL not confirmed, using investor relations page.",webpage_landing_page
O2 Czech Republic,Czech Republic,O2 Czech Republic a.s. ESG Report 2022,https://www.datocms-assets.com/56100/1695030203-20230918_o2_cz_esg_report_2022.pdf,https://www.o2.cz,Most recent standalone ESG report confirmed as downloadable is FY2022; verify for a newer edition given CSRD phase-in.,downloadable_pdf
Investor AB,Sweden,Investor AB Annual Report 2025 (incl. sustainability disclosures),https://www.investorab.com/media/vnwfudoo/eng-annual-report-2025-print.pdf,https://www.investorab.com/investors-media/press-releases/investor-ab-sets-long-term-sustainability-targets-to-further-future-proof-its-operations-and-companies,Sustainability content (Performance/Portfolio/People strategic pillars) embedded within the combined Annual Report.,downloadable_pdf
Epiroc,Sweden,Epiroc Annual and Sustainability Report 2025,https://www.epirocgroup.com/content/dam/epiroc/corporate/documents/quarterly-results-presentations-/2025-yr/Epiroc%20Annual%20and%20Sustainability%20Report_2025.pdf,https://www.epirocgroup.com/en/sustainability/our-sustainability-approach,ESRS (EU 2023/2772)-aligned as incorporated into Swedish law; digital-only combined annual and sustainability report.,downloadable_pdf
NIBE Industrier,Sweden,NIBE Industrier AB Annual Report 2025 (incl. Sustainability Report),https://www.nibegroup.com/download/18.6de1034419d7225b18639e/1776148811225/GB-W-AR25-NIBE.pdf,https://www.nibe.com/sustainability/sustainability-reports-and-policys,"Sustainability report has been integrated into the Annual Report since 2018, not published standalone.",downloadable_pdf
Elisa,Finland,Elisa Annual Report 2025 (incl. Sustainability Statement),https://static.elisa.com/v2/image/2tqybbhjs47b/4X1mA7vtwlpAw693BjgPdy/Elisa_AnnualReport_2025.pdf,https://elisa.com/corporate/sustainability/reporting-and-contact-information/,Board of Directors' report including the Sustainability Statement is part of the combined Annual Report.,downloadable_pdf
Konecranes,Finland,"Konecranes Governance, Sustainability and Financial Review 2025",https://investors.konecranes.com/sites/konecranes/files/Annual_report_2025/governance_sustainability_and_financial_review_2025.pdf,https://investors.konecranes.com/sustainability,"ESRS-aligned Sustainability Statement (CSRD report) published as part of a combined Governance, Sustainability and Financial Review alongside a separate Annual Review.",downloadable_pdf
Orion Corporation,Finland,Orion Corporation Sustainability Report 2025,https://s202.q4cdn.com/321217073/files/doc_downloads/2026/05/2025_Sustainability_Report.pdf,https://www.orion.fi/en/sustainability/,"Note: as of CSRD adoption, the primary sustainability disclosure is now the 'Sustainability Statement' within the Report by the Board of Directors, though a standalone 2025 Sustainability Report PDF was also confirmed.",downloadable_pdf
Telekom Slovenije,Slovenia,Telekom Slovenije Group Annual Report 2024 (incl. sustainability statement),https://www.telekom.si/en/about-us/investor-relations/annual-and-interim-reports,https://www.telekom.si/en/about-us/sustainable-business,Direct PDF URL not confirmed; annual and interim reports page hosts the unofficial PDF version of the audited Annual Report including sustainability statement.,webpage_landing_page
Luka Koper,Slovenia,Luka Koper d.d. Annual and Sustainability Report 2023,https://www.luka-kp.si/en/investors/annual-reports/,https://www.luka-kp.si/wp-content/uploads/2022/05/Annual-report-2021.pdf,"Annual Report is published with a Sustainability Report as one of its component parts; direct PDF link for the FY2023 edition not confirmed, using the annual reports index page.",webpage_landing_page
Cinkarna Celje,Slovenia,Cinkarna Celje d.d. Annual Report 2025 (incl. ESRS sustainability statement),https://www.cinkarna.si/uploads/Objave/2026/Annual_report_2025.pdf,https://www.cinkarna.si/en/investor-information/filling/cinkarna-celje-audited-annual-report-2024-pdf-2025-04-16,Sustainability statement prepared per ESRS as part of the combined annual report; earlier mid-year reports referenced GRI standards.,downloadable_pdf
Podravka,Croatia,Podravka Inc. Annual Report for 2025 (incl. sustainability/ESG reporting),https://cdn.podravkagrupa.com/podravkagrupauploads/hr/wp-content/uploads/2026/04/Podravka-Inc.-Annual-Report-for-2025.pdf,https://www.podravka.com/sustainability/reporting/,ESG report has been integrated into the Annual Report since FY2020; first standalone sustainable development report published in 2015.,downloadable_pdf
Atlantic Grupa,Croatia,Atlantic Grupa Integrated Annual Report (incl. sustainability performance data),https://www.atlanticgrupa.com/en/sustainability/quality-policy/reporting/,https://www.atlanticgrupa.com/en/investors/financial-reports/,"Croatian consumer goods company - distinct from the unrelated French heating/cooling company 'Groupe Atlantic' which also has 'sustainability report' PDFs; do not confuse the two. GRI-guided reporting since 2013, integrated annual report format since 2021. Direct PDF URL not confirmed.",webpage_landing_page
Adris Grupa,Croatia,Adris Grupa Annual Reports,https://www.adris.hr,,No dedicated standalone sustainability/ESG report located via search; only historical annual reports (2011-2016 confirmed) were found indexed. Company is investing EUR 130m in renewable energy 2024-2026 per press coverage. Needs direct verification on adris.hr for current sustainability disclosure.,webpage_landing_page
Slovenske elektrarne,Slovakia,Slovenske elektrarne Annual Report 2024,https://www.seas.sk/wp-content/uploads/a5/b5/SEAS-Annual-Report_woDTP_en.pdf,https://www.seas.sk/en/about-us/sustainability-and-inovation/strategies/,"Sustainability content embedded within combined Annual Report; company completed coal-plant phase-out (Vojany) in 2024, now producing without direct CO2 emissions.",downloadable_pdf
Slovak Telekom,Slovakia,Slovak Telekom Corporate Responsibility Report (via Deutsche Telekom Group CR Report),https://www.cr-report.telekom.com/2021/national-companies/slovakia-slovak-telekom-as,https://a.storyblok.com/f/285923/x/e0db062fa3/extraordinary-annual-report-2024.pdf,"Historically GRI-based standalone CR reports (through 2013), more recently reported as a national-company section within parent Deutsche Telekom Group's Corporate Responsibility Report; most recent confirmed reference is 2021. A 2024 Extraordinary Annual Report is also available covering climate-neutral future, circularity, and digital future themes.",webpage_landing_page
Slovenska sporitelna,Slovakia,Slovenska sporitelna Annual Report 2025,https://cdn0.erstegroup.com/content/dam/sk/slsp/www_slsp_sk/en/annual-reports/annual-report-slovenska-sporitelna-2025.pdf,https://www.slsp.sk/en/information-about-bank/investors/financial-indicators,"Part of Erste Group; parent-level Sustainability Report (e.g. via sister bank Ceska sporitelna's NFR/Sustainability Report) covers group ESG reporting, while this entity's own Annual Report is used as the primary local source.",downloadable_pdf
Eurohold Bulgaria,Bulgaria,Eurohold Bulgaria Consolidated Annual Activity Report 2024 (incl. sustainability report assurance),https://www.eurohold.bg/files/documents/articles/d2ae86ac7b26eeca657cae3a0c51bc84.pdf,https://biznes.pap.pl/download/attachment/48144610/DOC.20240408.48144610.zal01_EN_EUBG_ANNUAL_REPORT_2023.pdf,"2024 report includes independent assurance on the sustainability report; portfolio spans insurance, energy, cars, leasing, and asset management.",downloadable_pdf
Chimimport,Bulgaria,Chimimport AD Consolidated Annual Sustainability Report,https://www.chimimport.bg/en/,https://www.chimimport.bg/en/documents/download/2076,"Confirmed to publish an externally-audited (RSM BG) Consolidated Annual Sustainability Report, but a direct downloadable file URL could not be located via search; verify via the company's documents/investor relations section.",webpage_landing_page
Neochim,Bulgaria,Neochim PLC corporate site,https://www.neochim.bg/en/,,"No sustainability/ESG report could be confirmed via search for this fertilizer/chemicals producer; only ISO certifications (quality, environment, health & safety) referenced. Needs direct verification on neochim.bg or may not yet publish formal sustainability disclosures.",webpage_landing_page
Amber Grid,Lithuania,AB Amber Grid 2024 Annual Report with Sustainability Disclosures,https://www.sustainabilityreports.com/ab-amber-grid/2024/consolidated-management-report,https://www.ambergrid.lt/en/sustainability/Sustainability-report,Voluntarily aligned with ESRS; gas transmission system operator. Standalone sustainability reports published back to 2016.,downloadable_pdf
Telia Lietuva,Lithuania,Telia Lietuva Sustainability Report 2022 (GRI Indicators),https://www.telia.lt/media/s/899e31d0-c4f2-42a3-a84d-1ec56ce0ca49,https://ml-eu.globenewswire.com/Resource/Download/a63bb89c-9f5c-4448-a8ab-4cf9b8a2f237; https://www.telia.lt/eng/sustainability/reporting,One of the first Lithuanian companies to introduce sustainability reporting (since 2006); GRI G4-guideline-based. A 2023 Annual and Sustainability Report is also available.,downloadable_pdf
Latvijas Gaze,Latvia,JSC Latvijas Gaze Annual Report for 2024,https://lg.lv/uploads/documents/IFRS_Latvijas_Gaze_ANNUAL_REPORT-_2024_EN.pdf,https://lg.lv/en/about-us/sustainability,ISO 14001 (environment) and ISO 50001 (energy) certified; sustainability content embedded within the Annual Report rather than a standalone document.,downloadable_pdf
SAF Tehnika,Latvia,SAF Tehnika Consolidated Annual Report and Auditors Report 2024/2025,https://cdn.prod.website-files.com/674079366c3fdb5b68d0a599/6904afb564eb8dacb9af5194_SAF%20Tehnika_2024-2025_Annual%20Report%20and%20Auditors%20Report_ENG.pdf,https://saftehnika.com/investors-eng,"No dedicated standalone sustainability/ESG report identified; only the financial Annual Report and Corporate Governance Report were confirmed, which may reference sustainability aims but not in GRI format.",downloadable_pdf
Tallinna Vesi,Estonia,AS Tallinna Vesi Annual Report 2022 (incl. sustainability sections),https://aastaaruanne-2022.tallinnavesi.ee/wp-content/uploads/2023/05/TV_Annual_Report_2022_ENG.pdf,https://tallinnavesi.ee,Most recent standalone-confirmed downloadable annual report with ESG sections is FY2022; a first dedicated Social Responsibility and Sustainability Report was published for 2016. Verify for a newer edition given CSRD phase-in.,downloadable_pdf
LHV Group,Estonia,AS LHV Group Consolidated Annual Report 2025 (incl. Consolidated Sustainability Statement with limited assurance),https://www.lhv.ee/assets/files/investor/LHV_Group_Annual_Report_2025-EN.pdf,https://investor.lhv.ee/en/reports/,"Includes an Independent Practitioner's Limited Assurance Report on the Consolidated Sustainability Statement, per CSRD.",downloadable_pdf
Malta International Airport,Malta,Malta International Airport plc 2024 Annual Report,https://maltairport.com/app/uploads/2025/11/MIA25-AR-BookFinancials-WebVersion.pdf,https://maltairport.com/corporate/corporate-responsibility/sustainability/,Seventh sustainability report published in accordance with GRI standards (2022 edition); Net Zero Carbon Plan targets carbon neutrality by 2025 and net zero by 2050.,downloadable_pdf
GO plc,Malta,GO plc Annual Financial Report and Consolidated Financial Statements 2024,https://prodcms.go.com.mt/wp-content/uploads/2025/05/Annual-Report.pdf,https://labcms.go.com.mt/wp-content/uploads/2024/05/GO-FS-AR-2023-signed.pdf,"Environmental/sustainability content is a short section (pages 16-18 in the FY2023 edition) within the combined Annual Financial Report, not a standalone GRI-format report.",downloadable_pdf
Hellenic Bank,Cyprus,"Hellenic Bank Group Annual Financial Report (incl. Sustainability Statement, ESRS)",https://www.eurobank.cy/-/media/hbc/announcements/2024/april/12m2023/annual-financial-report-of-the-hellenic-bank-group-for-the-year-ended-31-december-2023.pdf,https://www.hellenicbank.com,"First company in Cyprus to voluntarily adopt CSRD/ESRS (announced 2025); ESG Strategy built on four pillars (Net Zero Bank, Workforce of the future, Resilience and Performance, Sustainable Ecosystem). A standalone 2023 ESG Impact Report was also published; FY2024 Sustainability Statement is within the Annual Financial Report.",downloadable_pdf
Demetra Holdings (Demetra Investments),Cyprus,Demetra Holdings Plc Annual Reports,https://www.demetra.com.cy/annual-reports/,https://www.stockwatch.com.cy/storage/library/6766e70dc050c.pdf,No dedicated standalone sustainability/ESG report identified via search; only general Report and Consolidated Financial Statements located. Verify current sustainability disclosure format directly on demetra.com.cy.,webpage_landing_page
