company_name,country,sector,hq_city,sustainability_page_url,gri_referenced,report_year,universal_standards,topic_standards_200,topic_standards_300,topic_standards_400,externally_assured,verification_status,source_method
SAP,Germany,Technology,Walldorf,https://www.sap.com/about/company/sustainability.html,Y,,,,,,,unverified - pending manual review,direct company sourcing
Siemens,Germany,Industrial Manufacturing,Munich,https://www.siemens.com/global/en/company/sustainability.html,Y,,,,,,,unverified - pending manual review,direct company sourcing
Siemens Healthineers,Germany,Healthcare,Erlangen,https://www.siemens-healthineers.com/company/sustainability,Y,,,,,,,unverified - pending manual review,direct company sourcing
Volkswagen Group,Germany,Automotive,Wolfsburg,https://www.volkswagen-group.com/en/sustainability,Y,,,,,,,unverified - pending manual review,direct company sourcing
Mercedes-Benz Group,Germany,Automotive,Stuttgart,https://group.mercedes-benz.com/sustainability/,Y,,,,,,,unverified - pending manual review,direct company sourcing
BMW Group,Germany,Automotive,Munich,https://www.bmwgroup.com/en/sustainability.html,Y,,,,,,,unverified - pending manual review,direct company sourcing
Allianz,Germany,Finance & Insurance,Munich,https://www.allianz.com/en/sustainability.html,Y,,,,,,,unverified - pending manual review,direct company sourcing
Deutsche Bank,Germany,Finance,Frankfurt,https://www.db.com/what-we-do/esg,Y,,,,,,,unverified - pending manual review,direct company sourcing
BASF,Germany,Chemicals,Ludwigshafen,https://www.basf.com/global/en/who-we-are/sustainability.html,Y,,,,,,,unverified - pending manual review,direct company sourcing
Bayer,Germany,Pharmaceuticals,Leverkusen,https://www.bayer.com/en/sustainability,Y,,,,,,,unverified - pending manual review,direct company sourcing
Adidas,Germany,Retail & Consumer,Herzogenaurach,https://www.adidas-group.com/en/sustainability/,Y,,,,,,,unverified - pending manual review,direct company sourcing
Puma,Germany,Retail & Consumer,Herzogenaurach,https://about.puma.com/en/sustainability,Y,,,,,,,unverified - pending manual review,direct company sourcing
Vonovia,Germany,Real Estate,Bochum,https://www.vonovia.de/en-us/sustainability,Y,,,,,,,unverified - pending manual review,direct company sourcing
Infineon Technologies,Germany,Technology,Neubiberg,https://www.infineon.com/cms/en/about-infineon/sustainability/,Y,,,,,,,unverified - pending manual review,direct company sourcing
Schneider Electric,France,Industrial & Energy,Rueil-Malmaison,https://www.se.com/ww/en/about-us/sustainability/,Y,,,,,,,unverified - pending manual review,direct company sourcing
LVMH,France,Luxury Goods,Paris,https://www.lvmh.com/group/commitments/environment/,Y,,,,,,,unverified - pending manual review,direct company sourcing
L'Oreal,France,Consumer Goods,Clichy,https://www.loreal.com/en/sustainability/,Y,,,,,,,unverified - pending manual review,direct company sourcing
TotalEnergies,France,Energy,Courbevoie,https://totalenergies.com/sustainability,Y,,,,,,,unverified - pending manual review,direct company sourcing
Sanofi,France,Pharmaceuticals,Paris,https://www.sanofi.com/en/our-responsibility,Y,,,,,,,unverified - pending manual review,direct company sourcing
BNP Paribas,France,Finance,Paris,https://www.bnpparibas.com/en/commitments,Y,,,,,,,unverified - pending manual review,direct company sourcing
AXA,France,Finance & Insurance,Paris,https://www.axa.com/en/about-us/corporate-responsibility,Y,,,,,,,unverified - pending manual review,direct company sourcing
Danone,France,Food & Beverage,Paris,https://www.danone.com/impact.html,Y,,,,,,,unverified - pending manual review,direct company sourcing
Airbus,France,Aerospace & Manufacturing,Toulouse,https://www.airbus.com/en/sustainability,Y,,,,,,,unverified - pending manual review,direct company sourcing
Engie,France,Energy & Utilities,Courbevoie,https://www.engie.com/en/group/sustainable-development,Y,,,,,,,unverified - pending manual review,direct company sourcing
Hermes,France,Luxury Goods,Paris,https://www.hermes.com/us/en/story/271722-sustainable-development/,N,,,,,,,unverified - pending manual review,direct company sourcing
Novo Nordisk,Denmark,Pharmaceuticals,Bagsvaerd,https://www.novonordisk.com/sustainable-business.html,Y,,,,,,,unverified - pending manual review,direct company sourcing
Novonesis,Denmark,Biotechnology,Bagsvaerd,https://www.novonesis.com/en/sustainability,Y,,,,,,,unverified - pending manual review,direct company sourcing
Vestas Wind Systems,Denmark,Energy,Aarhus,https://www.vestas.com/en/sustainability,Y,,,,,,,unverified - pending manual review,direct company sourcing
Orsted,Denmark,Energy & Utilities,Fredericia,https://orsted.com/en/sustainability,Y,,,,,,,unverified - pending manual review,direct company sourcing
Maersk,Denmark,Logistics & Transport,Copenhagen,https://www.maersk.com/sustainability,Y,,,,,,,unverified - pending manual review,direct company sourcing
Eni,Italy,Energy,Rome,https://www.eni.com/en-IT/sustainability.html,Y,,,,,,,unverified - pending manual review,direct company sourcing
Enel,Italy,Utilities,Rome,https://www.enel.com/company/sustainability,Y,,,,,,,unverified - pending manual review,direct company sourcing
Ferrari,Italy,Automotive & Luxury,Maranello,https://corporate.ferrari.com/en/sustainability,N,,,,,,,unverified - pending manual review,direct company sourcing
Intesa Sanpaolo,Italy,Finance,Turin,https://group.intesasanpaolo.com/en/sustainability,Y,,,,,,,unverified - pending manual review,direct company sourcing
UniCredit,Italy,Finance,Milan,https://www.unicredit.eu/en/sustainability.html,Y,,,,,,,unverified - pending manual review,direct company sourcing
Iberdrola,Spain,Utilities & Energy,Bilbao,https://www.iberdrola.com/sustainability,Y,,,,,,,unverified - pending manual review,direct company sourcing
Inditex,Spain,Retail,Arteixo,https://www.inditex.com/en/our-commitment-to-people/sustainability,Y,,,,,,,unverified - pending manual review,direct company sourcing
Banco Santander,Spain,Finance,Madrid,https://www.santander.com/en/sustainability,Y,,,,,,,unverified - pending manual review,direct company sourcing
Telefonica,Spain,Telecommunications,Madrid,https://www.telefonica.com/en/sustainability/,Y,,,,,,,unverified - pending manual review,direct company sourcing
ASML Holding,Netherlands,Technology,Veldhoven,https://www.asml.com/en/company/sustainability,Y,,,,,,,unverified - pending manual review,direct company sourcing
ING Group,Netherlands,Finance,Amsterdam,https://www.ing.com/Sustainability.htm,Y,,,,,,,unverified - pending manual review,direct company sourcing
Heineken,Netherlands,Food & Beverage,Amsterdam,https://www.theheinekencompany.com/sustainability,Y,,,,,,,unverified - pending manual review,direct company sourcing
Philips,Netherlands,Healthcare & Technology,Amsterdam,https://www.philips.com/a-w/about/sustainability.html,Y,,,,,,,unverified - pending manual review,direct company sourcing
Ahold Delhaize,Netherlands,Retail,Zaandam,https://www.aholddelhaize.com/sustainability/,Y,,,,,,,unverified - pending manual review,direct company sourcing
KBC Group,Belgium,Finance,Brussels,https://www.kbc.com/en/sustainability,Y,,,,,,,unverified - pending manual review,direct company sourcing
Anheuser-Busch InBev,Belgium,Food & Beverage,Leuven,https://www.ab-inbev.com/sustainability,Y,,,,,,,unverified - pending manual review,direct company sourcing
Solvay,Belgium,Chemicals,Brussels,https://www.solvay.com/en/sustainability,Y,,,,,,,unverified - pending manual review,direct company sourcing
OMV,Austria,Energy,Vienna,https://www.omv.com/en/sustainability,Y,,,,,,,unverified - pending manual review,direct company sourcing
Erste Group,Austria,Finance,Vienna,https://www.erstegroup.com/en/about-us/sustainability,Y,,,,,,,unverified - pending manual review,direct company sourcing
Deutsche Telekom,Germany,Telecommunications,Bonn,https://www.telekom.com/en/corporate-responsibility,Y,,,,,,,unverified - pending manual review,direct company sourcing
Deutsche Post DHL Group,Germany,Logistics,Bonn,https://group.dhl.com/en/sustainability/environment.html,Y,,,,,,,unverified - pending manual review,direct company sourcing
Munich Re,Germany,Insurance/Reinsurance,Munich,https://www.munichre.com/en/company/sustainability.html,Y,,,,,,,unverified - pending manual review,direct company sourcing
RWE,Germany,Energy/Utilities,Essen,https://www.rwe.com/en/responsibility-and-sustainability/,Y,,,,,,,unverified - pending manual review,direct company sourcing
E.ON,Germany,Energy/Utilities,Essen,https://www.eon.com/en/about-us/sustainability.html,Y,,,,,,,unverified - pending manual review,direct company sourcing
Fresenius,Germany,Healthcare,Bad Homburg,https://www.fresenius.com/sustainability,Y,,,,,,,unverified - pending manual review,direct company sourcing
Fresenius Medical Care,Germany,Healthcare,Bad Homburg,https://www.freseniusmedicalcare.com/en/sustainability,Y,,,,,,,unverified - pending manual review,direct company sourcing
Continental,Germany,Automotive/Industrial Manufacturing,Hanover,https://www.continental.com/en/sustainability/,Y,,,,,,,unverified - pending manual review,direct company sourcing
Henkel,Germany,Consumer Goods/Chemicals,Duesseldorf,https://www.henkel.com/sustainability,Y,,,,,,,unverified - pending manual review,direct company sourcing
Beiersdorf,Germany,Consumer Goods,Hamburg,https://www.beiersdorf.com/sustainability/overview,Y,,,,,,,unverified - pending manual review,direct company sourcing
Merck KGaA,Germany,Pharmaceuticals/Chemicals,Darmstadt,https://www.emdgroup.com/en/sustainability/environment.html,Y,,,,,,,unverified - pending manual review,direct company sourcing
Deutsche Boerse,Germany,Financial Services,Frankfurt,https://www.deutsche-boerse.com/dbg-en/about-us/sustainability,Y,,,,,,,unverified - pending manual review,direct company sourcing
Commerzbank,Germany,Banking,Frankfurt,https://www.commerzbank.de/sustainability/,Y,,,,,,,unverified - pending manual review,direct company sourcing
HeidelbergMaterials,Germany,Building Materials,Heidelberg,https://www.heidelbergmaterials.com/en/sustainability,Y,,,,,,,unverified - pending manual review,direct company sourcing
Kering,France,Luxury Goods,Paris,https://www.kering.com/en/sustainability/,Y,,,,,,,unverified - pending manual review,"direct company sourcing - URL unconfirmed by search, verify before use"
Vinci,France,Construction/Concessions,Rueil-Malmaison,https://www.vinci.com/en/sustainability-reports,Y,,,,,,,unverified - pending manual review,direct company sourcing
Air Liquide,France,Industrial Gases,Paris,https://www.airliquide.com/sustainable-development/advancing-for-a-sustainable-future,Y,,,,,,,unverified - pending manual review,direct company sourcing
Saint-Gobain,France,Building Materials,Courbevoie,https://www.saint-gobain.com/en/corporate-responsibility,Y,,,,,,,unverified - pending manual review,direct company sourcing
Credit Agricole,France,Banking,Montrouge,https://www.credit-agricole.com/en/responsible-and-committed/csr-home,Y,,,,,,,unverified - pending manual review,direct company sourcing
Societe Generale,France,Banking,Paris,https://www.societegenerale.com/en/responsibility/csr-strategy,Y,,,,,,,unverified - pending manual review,direct company sourcing
Publicis Groupe,France,Advertising,Paris,https://www.publicisgroupe.com/en/the-groupe/corporate-social-responsibility/csr-strategy,Y,,,,,,,unverified - pending manual review,direct company sourcing
Capgemini,France,IT Services/Consulting,Paris,https://www.capgemini.com/about-us/csr/environmental-sustainability/,Y,,,,,,,unverified - pending manual review,direct company sourcing
Michelin,France,Tires/Automotive,Clermont-Ferrand,https://www.michelin.com/en/sustainability/company/planet,Y,,,,,,,unverified - pending manual review,direct company sourcing
Pernod Ricard,France,Beverages,Paris,https://www.pernod-ricard.com/en/sustainability-responsibility,Y,,,,,,,unverified - pending manual review,direct company sourcing
Renault Group,France,Automotive,Boulogne-Billancourt,https://www.renaultgroup.com/en/responsability/,Y,,,,,,,unverified - pending manual review,direct company sourcing
Danske Bank,Denmark,Banking,Copenhagen,https://danskebank.com/sustainability,Y,,,,,,,unverified - pending manual review,direct company sourcing
Carlsberg Group,Denmark,Beverages,Copenhagen,https://www.carlsberggroup.com/sustainability/our-ambitions/,Y,,,,,,,unverified - pending manual review,direct company sourcing
DSV,Denmark,Logistics,Hedehusene,https://www.dsv.com/en/sustainability-esg,Y,,,,,,,unverified - pending manual review,direct company sourcing
Coloplast,Denmark,Healthcare/Medical Devices,Humlebaek,https://sustainability.coloplast.com/sustainability,Y,,,,,,,unverified - pending manual review,direct company sourcing
Genmab,Denmark,Biotechnology,Copenhagen,https://ir.genmab.com/csr.cfm,Y,,,,,,,unverified - pending manual review,direct company sourcing
Generali,Italy,Insurance,Trieste,https://www.generali.com/sustainability,Y,,,,,,,unverified - pending manual review,direct company sourcing
Poste Italiane,Italy,Postal/Financial Services,Rome,https://www.posteitaliane.it/en/our-approach-to-sustainability.html,Y,,,,,,,unverified - pending manual review,direct company sourcing
Prysmian Group,Italy,Cables/Industrial,Milan,https://www.prysmian.com/en/sustainability,Y,,,,,,,unverified - pending manual review,direct company sourcing
Moncler,Italy,Luxury Fashion,Milan,https://www.monclergroup.com/en/sustainability,Y,,,,,,,unverified - pending manual review,direct company sourcing
Leonardo,Italy,Aerospace & Defense,Rome,https://www.leonardo.com/en/sustainability,Y,,,,,,,unverified - pending manual review,direct company sourcing
BBVA,Spain,Banking,Bilbao,https://www.bbva.com/en/sustainability/,Y,,,,,,,unverified - pending manual review,direct company sourcing
Repsol,Spain,Energy/Oil & Gas,Madrid,https://www.repsol.com/en/sustainability/index.cshtml,Y,,,,,,,unverified - pending manual review,direct company sourcing
CaixaBank,Spain,Banking,Valencia,https://www.caixabank.com/en/sustainability.html,Y,,,,,,,unverified - pending manual review,direct company sourcing
Amadeus IT Group,Spain,Travel Technology,Madrid,https://amadeus.com/en/sustainability/overview,Y,,,,,,,unverified - pending manual review,direct company sourcing
Wolters Kluwer,Netherlands,Information Services/Publishing,Alphen aan den Rijn,https://www.wolterskluwer.com/en/about-us/sustainability,Y,,,,,,,unverified - pending manual review,direct company sourcing
Randstad,Netherlands,Staffing/HR Services,Diemen,https://www.randstad.com/about-randstad/sustainability/,Y,,,,,,,unverified - pending manual review,direct company sourcing
DSM-Firmenich,Netherlands,Nutrition/Chemicals,Kaag en Braassem,https://sustainability.dsm-firmenich.com/en/sustainability.html,Y,,,,,,,unverified - pending manual review,direct company sourcing
Adyen,Netherlands,Fintech/Payments,Amsterdam,https://www.adyen.com/,Y,,,,,,,unverified - pending manual review,"direct company sourcing - no dedicated sustainability subpage confirmed, verify before use"
Akzo Nobel,Netherlands,Paints & Coatings,Amsterdam,https://www.akzonobel.com/en/about-us/sustainability,Y,,,,,,,unverified - pending manual review,direct company sourcing
UCB,Belgium,Pharmaceuticals,Brussels,https://www.ucb.com/about-ucb/sustainability,Y,,,,,,,unverified - pending manual review,direct company sourcing
Umicore,Belgium,Materials Technology/Recycling,Brussels,https://www.umicore.com/en/sustainability,Y,,,,,,,unverified - pending manual review,direct company sourcing
Ageas,Belgium,Insurance,Brussels,https://www.ageas.com/en/about/sustainability,Y,,,,,,,unverified - pending manual review,direct company sourcing
Verbund,Austria,Energy/Utilities,Vienna,https://www.verbund.com/en/group/responsibility,Y,,,,,,,unverified - pending manual review,direct company sourcing
Voestalpine,Austria,Steel/Industrial,Linz,https://www.voestalpine.com/group/en/group/sustainability/,Y,,,,,,,unverified - pending manual review,direct company sourcing
AB Volvo Group,Sweden,Automotive/Industrial Manufacturing,Gothenburg,https://www.volvogroup.com/en/sustainable-transportation/responsible-business.html,Y,,,,,,,unverified - pending manual review,direct company sourcing
Volvo Cars,Sweden,Automotive,Gothenburg,https://www.volvocars.com/intl/sustainability/highlights/,Y,,,,,,,unverified - pending manual review,direct company sourcing
Ericsson,Sweden,Telecommunications Equipment,Stockholm,https://www.ericsson.com/en/about-us/sustainability-and-corporate-responsibility,Y,,,,,,,unverified - pending manual review,direct company sourcing
H&M Group,Sweden,Retail/Fashion,Stockholm,https://hmgroup.com/sustainability/,Y,,,,,,,unverified - pending manual review,direct company sourcing
Atlas Copco,Sweden,Industrial Manufacturing,Nacka,https://www.atlascopco.com/en-us/about-atlas-copco/sustainability,Y,,,,,,,unverified - pending manual review,direct company sourcing
Sandvik,Sweden,Industrial Manufacturing,Stockholm,https://www.home.sandvik/en/about-us/sustainability/,Y,,,,,,,unverified - pending manual review,direct company sourcing
Skanska,Sweden,Construction,Stockholm,https://group.skanska.com/sustainability/,Y,,,,,,,unverified - pending manual review,direct company sourcing
SEB,Sweden,Banking,Stockholm,https://sebgroup.com/sustainability/our-impact-areas,Y,,,,,,,unverified - pending manual review,direct company sourcing
Swedbank,Sweden,Banking,Sundbyberg,https://www.swedbank.com/sustainability.html,Y,,,,,,,unverified - pending manual review,direct company sourcing
Electrolux,Sweden,Consumer Goods/Appliances,Stockholm,https://www.electroluxgroup.com/en/category/sustainability,Y,,,,,,,unverified - pending manual review,direct company sourcing
SKF,Sweden,Industrial Manufacturing,Gothenburg,https://www.skf.com/us/organisation/sustainability,Y,,,,,,,unverified - pending manual review,direct company sourcing
Essity,Sweden,Hygiene & Health/Consumer Goods,Stockholm,https://www.essity.com/sustainability/,Y,,,,,,,unverified - pending manual review,direct company sourcing
Alfa Laval,Sweden,Industrial Manufacturing,Lund,https://www.alfalaval.com/about-us/sustainability/,Y,,,,,,,unverified - pending manual review,direct company sourcing
Assa Abloy,Sweden,Security/Locks,Stockholm,https://www.assaabloy.com/group/en/sustainability,Y,,,,,,,unverified - pending manual review,direct company sourcing
Telia Company,Sweden,Telecommunications,Solna,https://www.teliacompany.com/en/sustainability,Y,,,,,,,unverified - pending manual review,direct company sourcing
Boliden,Sweden,Mining/Metals,Stockholm,https://www.boliden.com/sustainability/,Y,,,,,,,unverified - pending manual review,direct company sourcing
Getinge,Sweden,Medical Technology,Gothenburg,https://www.getinge.com/int/company/sustainability/,Y,,,,,,,unverified - pending manual review,direct company sourcing
Hexagon AB,Sweden,Technology/Measurement,Stockholm,https://hexagon.com/company/sustainability,Y,,,,,,,unverified - pending manual review,direct company sourcing
PKN Orlen,Poland,Energy/Oil & Gas,Plock,https://www.orlen.pl/en/about-the-company,Y,,,,,,,unverified - pending manual review,direct company sourcing
PKO Bank Polski,Poland,Banking,Warsaw,https://www.pkobp.pl/en/esg,Y,,,,,,,unverified - pending manual review,direct company sourcing
PZU,Poland,Insurance,Warsaw,https://www.pzu.pl/en/grupa-pzu/zrownowazony-rozwoj/strategia-esg,Y,,,,,,,unverified - pending manual review,direct company sourcing
KGHM Polska Miedz,Poland,Mining/Metals,Lubin,https://kghm.com/en/investors/esg,Y,,,,,,,unverified - pending manual review,direct company sourcing
PGE Polska Grupa Energetyczna,Poland,Energy/Utilities,Warsaw,https://www.gkpge.pl/en/pge-group,Y,,,,,,,unverified - pending manual review,direct company sourcing
Santander Bank Polska,Poland,Banking,Warsaw,https://esg.santander.pl/serwis/en/,Y,,,,,,,unverified - pending manual review,direct company sourcing
CD Projekt,Poland,Video Games/Entertainment,Warsaw,https://www.cdprojekt.com/en/esg/,Y,,,,,,,unverified - pending manual review,direct company sourcing
LPP,Poland,Retail/Fashion,Gdansk,https://www.lpp.com/en/sustainable-development,Y,,,,,,,unverified - pending manual review,direct company sourcing
Dino Polska,Poland,Retail/Grocery,Krotoszyn,https://grupadino.pl/en/financial-reports/,Y,,,,,,,unverified - pending manual review,"direct company sourcing - no dedicated sustainability subpage confirmed, verify before use"
Cyfrowy Polsat,Poland,Telecommunications/Media,Warsaw,https://grupapolsatplus.pl/en/sustainability-0,Y,,,,,,,unverified - pending manual review,direct company sourcing
Grupa Azoty,Poland,Chemicals,Tarnow,https://grupaazoty.com/odpowiedzialny-biznes/esg,Y,,,,,,,unverified - pending manual review,direct company sourcing
Orange Polska,Poland,Telecommunications,Warsaw,https://www.orange.pl/view/csr,Y,,,,,,,unverified - pending manual review,direct company sourcing
Nokia,Finland,Telecommunications Equipment,Espoo,https://www.nokia.com/about-us/sustainability/,Y,,,,,,,unverified - pending manual review,direct company sourcing
Neste,Finland,Energy/Renewable Fuels,Espoo,https://www.neste.com/sustainability,Y,,,,,,,unverified - pending manual review,direct company sourcing
Kone Corporation,Finland,Industrial Manufacturing/Elevators,Espoo,https://www.kone.com/en/sustainability/,Y,,,,,,,unverified - pending manual review,direct company sourcing
Fortum,Finland,Energy/Utilities,Espoo,https://www.fortum.com/sustainability,Y,,,,,,,unverified - pending manual review,direct company sourcing
UPM-Kymmene,Finland,Forest Products/Paper,Helsinki,https://www.upm.com/,Y,,,,,,,unverified - pending manual review,"direct company sourcing - no dedicated sustainability subpage confirmed, verify before use"
Stora Enso,Finland,Forest Products/Packaging,Helsinki,https://www.storaenso.com/en/sustainability,Y,,,,,,,unverified - pending manual review,direct company sourcing
Wartsila,Finland,Marine/Energy Technology,Helsinki,https://www.wartsila.com/sustainability,Y,,,,,,,unverified - pending manual review,direct company sourcing
Sampo Group,Finland,Insurance,Helsinki,https://www.sampo.com/sustainability/,Y,,,,,,,unverified - pending manual review,direct company sourcing
Nordea Bank,Finland,Banking,Helsinki,https://www.nordea.com/en/sustainability,Y,,,,,,,unverified - pending manual review,direct company sourcing
Metso,Finland,Industrial Manufacturing/Mining Technology,Helsinki,https://www.metso.com/corporate/sustainability/,Y,,,,,,,unverified - pending manual review,direct company sourcing
CRH,Ireland,Building Materials,Dublin,https://www.crh.com/our-sustainability/,Y,,,,,,,unverified - pending manual review,direct company sourcing
Ryanair,Ireland,Airlines,Dublin,https://corporate.ryanair.com/sustainability/,Y,,,,,,,unverified - pending manual review,direct company sourcing
Kerry Group,Ireland,Food Ingredients/Nutrition,Tralee,https://www.kerry.com/about/purpose/sustainability,Y,,,,,,,unverified - pending manual review,direct company sourcing
Smurfit Westrock,Ireland,Packaging,Dublin,https://www.smurfitwestrock.com/sustainability,Y,,,,,,,unverified - pending manual review,direct company sourcing
Bank of Ireland,Ireland,Banking,Dublin,https://personalbanking.bankofireland.com/investing-in-tomorrow/,Y,,,,,,,unverified - pending manual review,direct company sourcing
AIB Group,Ireland,Banking,Dublin,https://www.aib.ie/sustainability,Y,,,,,,,unverified - pending manual review,direct company sourcing
Kingspan Group,Ireland,Building Materials/Insulation,Kingscourt,https://www.kingspangroup.com/en/sustainability/,Y,,,,,,,unverified - pending manual review,direct company sourcing
Glanbia,Ireland,Food/Nutrition,Kilkenny,https://www.glanbia.com/sustainability,Y,,,,,,,unverified - pending manual review,direct company sourcing
EDP - Energias de Portugal,Portugal,Energy/Utilities,Lisbon,https://edp.com/en,Y,,,,,,,unverified - pending manual review,"direct company sourcing - dedicated sustainability subpage not confirmed, verify before use"
Galp Energia,Portugal,Energy/Oil & Gas,Lisbon,https://www.galp.com/corp/en/sustainability,Y,,,,,,,unverified - pending manual review,direct company sourcing
Jeronimo Martins,Portugal,Food Retail/Distribution,Lisbon,https://www.jeronimomartins.com/en/sustainability/,Y,,,,,,,unverified - pending manual review,direct company sourcing
Sonae,Portugal,Retail/Diversified Holdings,Maia,https://www.sonae.pt/en/sustainability/,Y,,,,,,,unverified - pending manual review,direct company sourcing
Millennium bcp,Portugal,Banking,Lisbon,https://ind.millenniumbcp.pt/en/Institucional/sustentabilidade/Pages/,Y,,,,,,,unverified - pending manual review,"direct company sourcing - URL unconfirmed by search, verify before use"
CTT Correios de Portugal,Portugal,Postal/Logistics,Lisbon,https://www.ctt.pt/grupo-ctt/sustentabilidade,Y,,,,,,,unverified - pending manual review,direct company sourcing
REN - Redes Energeticas Nacionais,Portugal,Energy/Utilities Infrastructure,Lisbon,https://www.ren.pt/en-gb,Y,,,,,,,unverified - pending manual review,"direct company sourcing - dedicated sustainability subpage not confirmed, verify before use"
Navigator Company,Portugal,Forest Products/Paper & Pulp,Lisbon,https://www.thenavigatorcompany.com/en/sustainability/,Y,,,,,,,unverified - pending manual review,direct company sourcing
HELLENiQ ENERGY,Greece,Energy/Oil & Gas,Athens (Maroussi),https://www.helleniqenergy.com/en/company-publications,Y,,,,,,,unverified - pending manual review,direct company sourcing
OTE - Hellenic Telecommunications,Greece,Telecommunications,Athens (Maroussi),https://www.ote.gr,Y,,,,,,,unverified - pending manual review,"direct company sourcing - dedicated sustainability subpage not confirmed, verify before use"
Public Power Corporation (PPC),Greece,Energy/Utilities,Athens,https://www.ppcgroup.com/en/ppc-group/about-us/,Y,,,,,,,unverified - pending manual review,"direct company sourcing - dedicated sustainability subpage not confirmed, verify before use"
Piraeus Financial Holdings,Greece,Banking,Athens,https://www.piraeusholdings.gr/en/esg,Y,,,,,,,unverified - pending manual review,direct company sourcing
National Bank of Greece,Greece,Banking,Athens,https://www.nbg.gr/en/group/esg,Y,,,,,,,unverified - pending manual review,direct company sourcing
Eurobank Ergasias,Greece,Banking,Athens,https://www.eurobank.gr/en/group/annual-report/2024/eurobank-overview,Y,,,,,,,unverified - pending manual review,"direct company sourcing - dedicated sustainability subpage not confirmed, verify before use"
Motor Oil Hellas,Greece,Energy/Oil Refining,Athens (Maroussi),https://www.moh.gr/,Y,,,,,,,unverified - pending manual review,"direct company sourcing - no dedicated sustainability subpage confirmed, verify before use"
CEZ Group,Czech Republic,Energy/Utilities,Prague,https://www.cez.cz/sustainability/en/,Y,,,,,,,unverified - pending manual review,direct company sourcing
Komercni banka,Czech Republic,Banking,Prague,https://www.kb.cz/en/sustainability,Y,,,,,,,unverified - pending manual review,direct company sourcing
MONETA Money Bank,Czech Republic,Banking,Prague,https://www.moneta.cz/web/moneta-esg/homepage,Y,,,,,,,unverified - pending manual review,direct company sourcing
Skoda Auto,Czech Republic,Automotive,Mlada Boleslav,https://www.skoda-auto.com/company/sustainability,Y,,,,,,,unverified - pending manual review,direct company sourcing
Kofola CeskoSlovensko,Czech Republic,Beverages,Ostrava,https://investor.kofola.cz,Y,,,,,,,unverified - pending manual review,"direct company sourcing - dedicated sustainability subpage not confirmed, verify before use"
Ceska sporitelna,Czech Republic,Banking,Prague,https://www.csas.cz/en/about-us/esg,Y,,,,,,,unverified - pending manual review,direct company sourcing
OMV Petrom,Romania,Energy/Oil & Gas,Bucharest,https://www.omvpetrom.com/en/sustainability,Y,,,,,,,unverified - pending manual review,direct company sourcing
Banca Transilvania,Romania,Banking,Cluj-Napoca,https://www.bancatransilvania.ro/en/relatii-investitori/environment-social-governance/impact,Y,,,,,,,unverified - pending manual review,direct company sourcing
Electrica,Romania,Energy/Utilities,Bucharest,https://www.electrica.ro/en/category/nonfinancials-reporting/,Y,,,,,,,unverified - pending manual review,direct company sourcing
Romgaz,Romania,Energy/Natural Gas,Medias,https://www.romgaz.ro/en/sustenabilitate-rbsl,Y,,,,,,,unverified - pending manual review,direct company sourcing
BRD - Groupe Societe Generale,Romania,Banking,Bucharest,https://www.brd.ro/en/about-brd/corporate-responsibility/environment,Y,,,,,,,unverified - pending manual review,direct company sourcing
MOL Group,Hungary,Energy/Oil & Gas,Budapest,https://molgroup.info/en/sustainability/reports-and-data,Y,,,,,,,unverified - pending manual review,direct company sourcing
OTP Bank,Hungary,Banking,Budapest,https://www.otpgroup.info/sustainability/strategy,Y,,,,,,,unverified - pending manual review,direct company sourcing
Gedeon Richter,Hungary,Pharmaceuticals,Budapest,https://www.gedeonrichter.com/en/sustainability,Y,,,,,,,unverified - pending manual review,direct company sourcing
Magyar Telekom,Hungary,Telecommunications,Budapest,https://www.telekom.hu/,Y,,,,,,,unverified - pending manual review,"direct company sourcing - dedicated sustainability subpage not confirmed, verify before use"
Wizz Air,Hungary,Airlines,Budapest,https://corporate.wizzair.com/sustainability/,Y,,,,,,,unverified - pending manual review,direct company sourcing
ArcelorMittal,Luxembourg,Steel/Mining,Luxembourg City,https://corporate.arcelormittal.com/sustainability,Y,,,,,,,unverified - pending manual review,direct company sourcing
RTL Group,Luxembourg,Media/Broadcasting,Luxembourg City,https://www.rtlgroup.com,Y,,,,,,,unverified - pending manual review,"direct company sourcing - dedicated sustainability subpage not confirmed, verify before use"
SES S.A.,Luxembourg,Satellite Communications,Betzdorf,https://www.ses.com/about-us/environmental-social-and-governance,Y,,,,,,,unverified - pending manual review,direct company sourcing
Eurofins Scientific,Luxembourg,Laboratory Testing/Diagnostics,Luxembourg City,https://www.eurofins.com/about-us/corporate-sustainability/,Y,,,,,,,unverified - pending manual review,direct company sourcing
Aperam,Luxembourg,Steel/Stainless Steel,Luxembourg City,https://www.aperam.com/sustainability/essentials/,Y,,,,,,,unverified - pending manual review,direct company sourcing
Krka,Slovenia,Pharmaceuticals,Novo Mesto,https://www.krka.biz/about-us/sustainability/,Y,,,,,,,unverified - pending manual review,direct company sourcing
Petrol Group,Slovenia,Energy,Ljubljana,https://www.petrol.eu/sustainable-development/environment/sustainable-petrol/sustainable-value-and-sustainable-strategy,Y,,,,,,,unverified - pending manual review,direct company sourcing
NLB - Nova Ljubljanska Banka,Slovenia,Banking,Ljubljana,http://www.nlb.si/sustainability,Y,,,,,,,unverified - pending manual review,direct company sourcing
INA - Industrija Nafte,Croatia,Energy/Oil & Gas,Zagreb,https://www.ina.hr/en,Y,,,,,,,unverified - pending manual review,"direct company sourcing - dedicated sustainability subpage not confirmed, verify before use"
Hrvatski Telekom,Croatia,Telecommunications,Zagreb,https://www.telekom.hr,Y,,,,,,,unverified - pending manual review,"direct company sourcing - dedicated sustainability subpage not confirmed, verify before use"
Zagrebacka banka,Croatia,Banking,Zagreb,https://www.zaba.hr/home/en/about-us/sustainability,Y,,,,,,,unverified - pending manual review,direct company sourcing
Slovnaft,Slovakia,Energy/Oil Refining,Bratislava,https://slovnaft.sk/en/about-us/,Y,,,,,,,unverified - pending manual review,"direct company sourcing - dedicated sustainability subpage not confirmed, verify before use"
VUB banka,Slovakia,Banking,Bratislava,https://www.vub.sk/en/ludia/o-udrzatelnosti.html,Y,,,,,,,unverified - pending manual review,direct company sourcing
Tatra banka,Slovakia,Banking,Bratislava,https://www.tatrabanka.sk/en/personal/savings-investments-pension/sustainable-investing-esg/,Y,,,,,,,unverified - pending manual review,direct company sourcing
Sopharma,Bulgaria,Pharmaceuticals,Sofia,https://www.sopharmagroup.com/en/home/investors,Y,,,,,,,unverified - pending manual review,"direct company sourcing - dedicated sustainability subpage not confirmed, verify before use"
Bulgarian Energy Holding,Bulgaria,Energy/Utilities,Sofia,https://bgenh.com/en,Y,,,,,,,unverified - pending manual review,"direct company sourcing - dedicated sustainability subpage not confirmed, verify before use"
DSK Bank,Bulgaria,Banking,Sofia,https://dskbank.bg/en,Y,,,,,,,unverified - pending manual review,"direct company sourcing - dedicated sustainability subpage not confirmed, verify before use"
Ignitis Group,Lithuania,Energy/Utilities,Vilnius,https://www.ignitisgrupe.lt/en/sustainability-activities-and-results,Y,,,,,,,unverified - pending manual review,direct company sourcing
Siauliu Bankas,Lithuania,Banking,Siauliai,https://www.sb.lt/en/about/sustainability,Y,,,,,,,unverified - pending manual review,direct company sourcing
Latvenergo,Latvia,Energy/Utilities,Riga,https://latvenergo.lv/en/sustainability_governance,Y,,,,,,,unverified - pending manual review,direct company sourcing
airBaltic,Latvia,Airlines,Riga,https://company.airbaltic.com/en/esg,Y,,,,,,,unverified - pending manual review,direct company sourcing
Eesti Energia (Enefit),Estonia,Energy/Utilities,Tallinn,https://www.energia.ee/en/ettevottest/vastutustundlik-energia/keskkond/keskkonnapoliitika,Y,,,,,,,unverified - pending manual review,direct company sourcing
Tallink Grupp,Estonia,Ferries/Transportation,Tallinn,https://company.tallink.com/esg/sustainability,Y,,,,,,,unverified - pending manual review,direct company sourcing
Bank of Valletta,Malta,Banking,Valletta,https://www.bov.com,Y,,,,,,,unverified - pending manual review,"direct company sourcing - dedicated sustainability subpage not confirmed, verify before use"
Bank of Cyprus,Cyprus,Banking,Nicosia,https://www.bankofcyprus.com/en-gb/group/sustainability/,Y,,,,,,,unverified - pending manual review,direct company sourcing
Deutsche Lufthansa,Germany,Airlines,Frankfurt,https://www.lufthansagroup.com/en/responsibility/reports.html,Y,,,,,,,unverified - pending manual review,direct company sourcing
Zalando,Germany,E-commerce/Fashion Retail,Berlin,https://corporate.zalando.com/en/sustainability,Y,,,,,,,unverified - pending manual review,direct company sourcing
Hannover Re,Germany,Reinsurance,Hannover,https://www.hannover-re.com/en/group/sustainability/,Y,,,,,,,unverified - pending manual review,direct company sourcing
Daimler Truck,Germany,Automotive/Commercial Vehicles,Stuttgart,https://www.daimlertruck.com/en/sustainability/reportings,Y,,,,,,,unverified - pending manual review,direct company sourcing
Symrise,Germany,Flavors & Fragrances/Specialty Chemicals,Holzminden,https://www.symrise.com/sustainability/,Y,,,,,,,unverified - pending manual review,direct company sourcing
Brenntag,Germany,Chemical Distribution,Essen,https://corporate.brenntag.com/en/sustainability/,Y,,,,,,,unverified - pending manual review,direct company sourcing
Evonik Industries,Germany,Specialty Chemicals,Essen,https://www.evonik.com/en/sustainability.html,Y,,,,,,,unverified - pending manual review,direct company sourcing
Rheinmetall,Germany,Defense/Automotive Technology,Duesseldorf,https://www.rheinmetall.com/en/responsibility/esg-reporting,Y,,,,,,,unverified - pending manual review,direct company sourcing
Porsche AG,Germany,Automotive,Stuttgart,https://newsroom.porsche.com/en/annual-sustainability-report/,Y,,,,,,,unverified - pending manual review,direct company sourcing
Talanx,Germany,Insurance,Hannover,https://www.talanx.com/en/talanx-group/sustainability/sustainability_reports,Y,,,,,,,unverified - pending manual review,direct company sourcing
Orange S.A.,France,Telecommunications,Paris,https://www.orange.com/en/finance/financial-and-extra-financial-information,Y,,,,,,,unverified - pending manual review,direct company sourcing
Dassault Systemes,France,Software/3D Design,Velizy-Villacoublay,https://www.3ds.com/about/corporate-responsibility/impact-report,Y,,,,,,,unverified - pending manual review,direct company sourcing
Legrand,France,Electrical Equipment,Limoges,https://www.legrand.com/en/investors-and-shareholders/integrated-report/2025,Y,,,,,,,unverified - pending manual review,direct company sourcing
Bouygues,France,Construction/Telecom/Media Conglomerate,Paris,https://www.bouygues.com/en/integrated-report/,Y,,,,,,,unverified - pending manual review,direct company sourcing
Carrefour,France,Retail/Grocery,Massy,https://www.carrefour.com,Y,,,,,,,unverified - pending manual review,direct company sourcing
Thales,France,Aerospace & Defense/Technology,Paris,https://www.thalesgroup.com/en/sustainability-thales/reports-and-data,Y,,,,,,,unverified - pending manual review,direct company sourcing
Safran,France,Aerospace & Defense,Paris,https://www.safran-group.com/sustainability/glance,Y,,,,,,,unverified - pending manual review,direct company sourcing
Edenred,France,Payments/Employee Benefits,Paris,https://www.edenred.com/en/group/our-publications,Y,,,,,,,unverified - pending manual review,direct company sourcing
Snam,Italy,Energy/Gas Infrastructure,San Donato Milanese,https://www.snam.it/en,Y,,,,,,,unverified - pending manual review,direct company sourcing
Terna,Italy,Energy/Electricity Grid,Rome,https://www.terna.it/en/sustainability,Y,,,,,,,unverified - pending manual review,direct company sourcing
Mediobanca,Italy,Banking/Investment Banking,Milan,https://www.mediobanca.com/en/sustainability/documents-and-indexes.html,Y,,,,,,,unverified - pending manual review,direct company sourcing
Banco BPM,Italy,Banking,Milan,https://gruppo.bancobpm.it/en/sustainability/non-financial-statements/,Y,,,,,,,unverified - pending manual review,direct company sourcing
Recordati,Italy,Pharmaceuticals,Milan,https://recordati.com/sustainability-contacts-documents/,Y,,,,,,,unverified - pending manual review,direct company sourcing
Campari Group,Italy,Beverages/Spirits,Sesto San Giovanni,https://www.camparigroup.com/en/page/sustainability,Y,,,,,,,unverified - pending manual review,direct company sourcing
Pirelli,Italy,Tires/Automotive,Milan,https://corporate.pirelli.com/corporate/en-ww/sustainability/reports,Y,,,,,,,unverified - pending manual review,direct company sourcing
Tenaris,Luxembourg,Steel Pipes/Oil & Gas Equipment,Luxembourg City,https://www.tenaris.com/en/sustainability,Y,,,,,,,unverified - pending manual review,"direct company sourcing - legally domiciled in Luxembourg (26 Boulevard Royal) though operationally an Italian-Argentine multinational, verify HQ classification before use"
Naturgy,Spain,Energy/Gas & Electricity,Madrid,https://www.naturgy.com/en/sustainability/,Y,,,,,,,unverified - pending manual review,direct company sourcing
ACS Group,Spain,Construction/Engineering,Madrid,https://www.grupoacs.com/sustainability/sustainability-reports/,Y,,,,,,,unverified - pending manual review,direct company sourcing
Ferrovial,Spain,Infrastructure/Construction,"Amsterdam (Spanish-founded, redomiciled to Netherlands 2023)",https://www.ferrovial.com/en/sustainability/,Y,,,,,,,unverified - pending manual review,direct company sourcing - Ferrovial SE redomiciled from Spain to the Netherlands in 2023; verify current country classification before use
Grifols,Spain,Pharmaceuticals/Biotechnology,Barcelona,https://www.grifols.com/en/sustainability-reports,Y,,,,,,,unverified - pending manual review,direct company sourcing
Mapfre,Spain,Insurance,Madrid,https://www.mapfre.com/en/sustainability/,Y,,,,,,,unverified - pending manual review,direct company sourcing
Acciona,Spain,Infrastructure/Renewable Energy,Madrid,https://www.acciona.com,Y,,,,,,,unverified - pending manual review,direct company sourcing
Cellnex Telecom,Spain,Telecommunications Infrastructure,Madrid,https://www.cellnex.com/sustainability/,Y,,,,,,,unverified - pending manual review,direct company sourcing
Prosus,Netherlands,Technology/Internet Holding,Amsterdam,https://www.prosus.com/investors/financial-information/annual-reports,Y,,,,,,,unverified - pending manual review,direct company sourcing
KPN,Netherlands,Telecommunications,The Hague,https://www.overons.kpn/en/kpn-in-the-netherlands/sustainability,Y,,,,,,,unverified - pending manual review,direct company sourcing
Signify,Netherlands,Lighting Technology,Eindhoven,https://www.signify.com/global/sustainability,Y,,,,,,,unverified - pending manual review,direct company sourcing
Aegon,Netherlands,Insurance/Asset Management,The Hague,https://www.aegon.com,Y,,,,,,,unverified - pending manual review,direct company sourcing
NN Group,Netherlands,Insurance,The Hague,https://www.nn-group.com/sustainability.htm,Y,,,,,,,unverified - pending manual review,direct company sourcing
Universal Music Group,Netherlands,Music/Entertainment,Hilversum,https://investors.universalmusic.com,Y,,,,,,,unverified - pending manual review,direct company sourcing
Bank Pekao,Poland,Banking,Warsaw,https://www.pekao.com.pl/esg/,Y,,,,,,,unverified - pending manual review,direct company sourcing
mBank,Poland,Banking,Warsaw,https://www.mbank.pl/en/about-us/sustainability/,Y,,,,,,,unverified - pending manual review,direct company sourcing
Asseco Poland,Poland,Software/IT Services,Rzeszow,https://inwestor.asseco.com/en/,Y,,,,,,,unverified - pending manual review,direct company sourcing - most recent confirmed standalone non-financial report is FY2023; verify whether a newer edition has since been published
Enea,Poland,Energy/Electricity,Poznan,https://www.enea.pl/strona-korporacyjna/raportowanie-esg,Y,,,,,,,unverified - pending manual review,direct company sourcing
Tauron Polska Energia,Poland,Energy/Electricity,Katowice,https://www.tauron.pl/tauron/o-tauronie/tauron-dla-otoczenia/raport-zrownowazonego-rozwoju,Y,,,,,,,unverified - pending manual review,direct company sourcing
Ciech (Qemetica),Poland,Chemicals,Warsaw,https://qemetica.com/en/sustainability,Y,,,,,,,unverified - pending manual review,"direct company sourcing - company renamed from Ciech to Qemetica in 2024; most recent confirmed standalone sustainability report is FY2023, verify for a newer edition"
Colruyt Group,Belgium,Retail/Grocery,Halle,https://www.colruytgroup.com/en/investor-relations/annual-report-with-sustainability-reporting,Y,,,,,,,unverified - pending manual review,direct company sourcing
Proximus,Belgium,Telecommunications,Brussels,https://www.proximus.com/green.html,Y,,,,,,,unverified - pending manual review,direct company sourcing
D'Ieteren Group,Belgium,Automotive Distribution/Diversified Holding,Brussels,https://www.dieterengroup.com/non-financial-reporting/,Y,,,,,,,unverified - pending manual review,direct company sourcing
Elia Group,Belgium,Energy/Electricity Grid,Brussels,https://www.elia.be/en/sustainability,Y,,,,,,,unverified - pending manual review,direct company sourcing
bpost (Bnode),Belgium,Postal/Logistics,Brussels,https://bpostgroup.com/sustainability,Y,,,,,,,unverified - pending manual review,direct company sourcing - bpost group has rebranded to Bnode; verify current corporate/reporting name before use
Raiffeisen Bank International,Austria,Banking,Vienna,https://www.rbinternational.com/en/raiffeisen/sustainability-esg/sustainability-reports.html,Y,,,,,,,unverified - pending manual review,direct company sourcing
Wienerberger,Austria,Building Materials,Vienna,https://www.wienerberger.com/en/sustainability.html,Y,,,,,,,unverified - pending manual review,direct company sourcing
Andritz,Austria,Industrial Machinery/Plant Engineering,Graz,https://www.andritz.com/sustainability-en/sustainability-reports,Y,,,,,,,unverified - pending manual review,direct company sourcing
Mayr-Melnhof Karton,Austria,Packaging/Paperboard,Vienna,https://mm.group/sustainability/,Y,,,,,,,unverified - pending manual review,direct company sourcing
Vienna Insurance Group,Austria,Insurance,Vienna,https://group.vig/en/sustainability/,Y,,,,,,,unverified - pending manual review,direct company sourcing
Pandora,Denmark,Jewelry/Retail,Copenhagen,https://pandoragroup.com/sustainability/resources/sustainability-reports,Y,,,,,,,unverified - pending manual review,direct company sourcing
Tryg,Denmark,Insurance,Ballerup,https://tryg.com/en/sustainability/reporting,Y,,,,,,,unverified - pending manual review,direct company sourcing
Ambu,Denmark,Medical Devices,Ballerup,https://www.ambu.com/about/sustainability/our-work,Y,,,,,,,unverified - pending manual review,direct company sourcing
Demant,Denmark,Medical Devices/Hearing Healthcare,Smorum,https://www.demant.com/investor-relations/annual-report-2025,Y,,,,,,,unverified - pending manual review,direct company sourcing
Flutter Entertainment,Ireland,Gambling/Online Betting,Dublin,https://www.flutter.com/sustainability/,Y,,,,,,,unverified - pending manual review,direct company sourcing
Greencore Group,Ireland,Food Manufacturing,Dublin,https://www.greencore.com/sustainability/,Y,,,,,,,unverified - pending manual review,direct company sourcing
Irish Continental Group,Ireland,Maritime Transport/Shipping,Dublin,https://icg.ie/about/environment/,Y,,,,,,,unverified - pending manual review,direct company sourcing
DCC plc,Ireland,Diversified Distribution/Energy,Dublin,https://www.dcc.ie/investors/annual-and-sustainability-reports/annual-and-sustainability-reports,Y,,,,,,,unverified - pending manual review,direct company sourcing
Mota-Engil,Portugal,Construction/Engineering,Porto,https://www.mota-engil.com/en/sustainability/esg-performance-report/,Y,,,,,,,unverified - pending manual review,direct company sourcing - most recent standalone Integrated Report confirmed as downloadable is FY2023; verify for a newer edition
Semapa,Portugal,Pulp & Paper/Cement Holding,Lisbon,https://www.semapa.pt/en/investors/financial-information/,Y,,,,,,,unverified - pending manual review,"direct company sourcing - direct sustainability/ESG report PDF not confirmed; only Corporate Governance Report and financial reports located, verify for a dedicated sustainability report"
Corticeira Amorim,Portugal,Cork Products/Manufacturing,Mozelos,https://www.amorim.com/en/sustainability/reports/,Y,,,,,,,unverified - pending manual review,direct company sourcing
Titan Cement Group,Greece,Cement/Building Materials,Athens,https://www.titanmaterials.com/sustainability/,Y,,,,,,,unverified - pending manual review,direct company sourcing
Jumbo S.A.,Greece,Retail/Toys & Household Goods,Athens,https://corporate.e-jumbo.gr/en/investor-relations/annual-report/ektheseis-mi-chrimatooikonomikis-pliroforisis/,Y,,,,,,,unverified - pending manual review,direct company sourcing
Aegean Airlines,Greece,Airlines,Athens (Kifisia),https://en.about.aegeanair.com/corporate-responsibility/csr-report/,Y,,,,,,,unverified - pending manual review,direct company sourcing - most recent confirmed downloadable report is the FY2024 Annual Report with sustainability statement; verify for a newer FY2025 edition
Waberer's International,Hungary,Transportation/Logistics,Budapest,https://www.waberers.com/en/press-room/news/waberers-presents-its-first-sustainability-and-esg-reports-in-line-with-the-csrd-directive.html,Y,,,,,,,unverified - pending manual review,direct company sourcing
4iG,Hungary,Telecommunications/IT,Budapest,https://www.4ig.hu,Y,,,,,,,unverified - pending manual review,direct company sourcing - most recent standalone sustainability report confirmed as downloadable is FY2023; verify for a newer edition
Masterplast,Hungary,Building Materials/Insulation,Szekesfehervar,https://www.masterplastgroup.com/en/document_folder/esg-report/,Y,,,,,,,unverified - pending manual review,direct company sourcing
Zwack Unicum,Hungary,Beverages/Spirits,Budapest,https://zwackunicum.hu/en/fenntarthatosag/,Y,,,,,,,unverified - pending manual review,direct company sourcing
Digi Communications,Romania,Telecommunications,Bucharest,https://www.digi-communications.ro/en/investor-relations/shares/financial-results-shares/annual-reports-shares,Y,,,,,,,unverified - pending manual review,direct company sourcing
Transelectrica,Romania,Energy/Electricity Transmission,Bucharest,https://www.transelectrica.ro/en/web/tel/rapoarte-2024,Y,,,,,,,unverified - pending manual review,direct company sourcing
Nuclearelectrica,Romania,Nuclear Power/Energy,Bucharest,https://nuclearelectrica.ro/ir/,Y,,,,,,,unverified - pending manual review,direct company sourcing
One United Properties,Romania,Real Estate Development,Bucharest,https://www.one.ro/en/investor-relations,Y,,,,,,,unverified - pending manual review,direct company sourcing - most recent confirmed standalone sustainability report is FY2023; verify for a newer edition
CETIN Group,Czech Republic,Telecommunications Infrastructure,Prague,https://www.cetin.cz/sustainability/documents-for-download,Y,,,,,,,unverified - pending manual review,direct company sourcing
Philip Morris CR,Czech Republic,Tobacco,Kutna Hora,https://www.pmi.com/sustainability,Y,,,,,,,unverified - pending manual review,direct company sourcing
Colt CZ Group,Czech Republic,Defense/Firearms Manufacturing,Uhersky Brod,https://www.coltczgroup.com/en/investors,Y,,,,,,,unverified - pending manual review,"direct company sourcing - Colt CZ Group SE (formerly Ceska zbrojovka, firearms manufacturer) is distinct from the unrelated Colt Technology Services/Colt Group (telecoms); most recent confirmed sustainability disclosure is the Sustainability Statement within the FY2024 Annual Financial Report"
O2 Czech Republic,Czech Republic,Telecommunications,Prague,https://www.o2.cz,Y,,,,,,,unverified - pending manual review,direct company sourcing - most recent confirmed standalone ESG report is FY2022; verify for a newer edition
Investor AB,Sweden,Investment Holding,Stockholm,https://www.investorab.com,Y,,,,,,,unverified - pending manual review,direct company sourcing
Epiroc,Sweden,Industrial Machinery/Mining Equipment,Stockholm,https://www.epirocgroup.com/en/sustainability/our-sustainability-approach,Y,,,,,,,unverified - pending manual review,direct company sourcing
NIBE Industrier,Sweden,Climate Solutions/Heating Technology,Markaryd,https://www.nibe.com/sustainability/sustainability-reports-and-policys,Y,,,,,,,unverified - pending manual review,direct company sourcing
Elisa,Finland,Telecommunications,Helsinki,https://elisa.com/corporate/sustainability/reporting-and-contact-information/,Y,,,,,,,unverified - pending manual review,direct company sourcing
Konecranes,Finland,Industrial Machinery/Cranes,Hyvinkaa,https://investors.konecranes.com/sustainability,Y,,,,,,,unverified - pending manual review,direct company sourcing
Orion Corporation,Finland,Pharmaceuticals,Espoo,https://www.orion.fi/en/sustainability/,Y,,,,,,,unverified - pending manual review,direct company sourcing
Telekom Slovenije,Slovenia,Telecommunications,Ljubljana,https://www.telekom.si/en/about-us/sustainable-business,Y,,,,,,,unverified - pending manual review,direct company sourcing
Luka Koper,Slovenia,Port Operations/Maritime Logistics,Koper,https://www.luka-kp.si/en/investors/annual-reports/,Y,,,,,,,unverified - pending manual review,direct company sourcing
Cinkarna Celje,Slovenia,Chemicals/Metallurgy,Celje,https://www.cinkarna.si/uploads/Objave/2026/Annual_report_2025.pdf,Y,,,,,,,unverified - pending manual review,direct company sourcing
Podravka,Croatia,Food & Beverage Manufacturing,Koprivnica,https://www.podravka.com/sustainability/reporting/,Y,,,,,,,unverified - pending manual review,direct company sourcing
Atlantic Grupa,Croatia,Consumer Goods/Food & Beverage,Zagreb,https://www.atlanticgrupa.com/en/sustainability/quality-policy/reporting/,Y,,,,,,,unverified - pending manual review,direct company sourcing - Atlantic Grupa (Croatian consumer goods) is distinct from the unrelated French company 'Groupe Atlantic' which also publishes sustainability reports; verify entity before use. Direct PDF link not confirmed
Adris Grupa,Croatia,Diversified Holding (Tobacco/Tourism/Insurance),Rovinj,https://www.adris.hr,Y,,,,,,,unverified - pending manual review,"direct company sourcing - no dedicated standalone sustainability/ESG report PDF located; only annual reports found, verify current sustainability disclosure format"
Slovenske elektrarne,Slovakia,Nuclear/Energy Generation,Bratislava,https://www.seas.sk/en/about-us/sustainability-and-inovation/strategies/,Y,,,,,,,unverified - pending manual review,direct company sourcing
Slovak Telekom,Slovakia,Telecommunications,Bratislava,https://www.cr-report.telekom.com/2021/national-companies/slovakia-slovak-telekom-as,Y,,,,,,,unverified - pending manual review,direct company sourcing - most recent confirmed dedicated sustainability/CR reporting reference is 2021 (part of parent Deutsche Telekom Group's CR report); verify for a newer standalone or group-embedded edition
Slovenska sporitelna,Slovakia,Banking,Bratislava,https://www.slsp.sk/en/information-about-bank/investors/financial-indicators,Y,,,,,,,unverified - pending manual review,"direct company sourcing - part of Erste Group, which publishes consolidated sustainability/non-financial reporting; a subsidiary-specific standalone sustainability report link was not confirmed"
Eurohold Bulgaria,Bulgaria,Financial Holding (Insurance/Energy/Leasing),Sofia,https://www.eurohold.bg/files/documents/articles/d2ae86ac7b26eeca657cae3a0c51bc84.pdf,Y,,,,,,,unverified - pending manual review,direct company sourcing
Chimimport,Bulgaria,Financial/Industrial Holding,Sofia,https://www.chimimport.bg/en/,Y,,,,,,,unverified - pending manual review,direct company sourcing - company is confirmed to publish a Consolidated Annual Sustainability Report (externally audited) but a direct downloadable file URL could not be located; verify via investor relations documents section
Neochim,Bulgaria,Chemicals/Fertilizers,Dimitrovgrad,https://www.neochim.bg/en/,Y,,,,,,,unverified - pending manual review,"direct company sourcing - no sustainability/ESG report could be confirmed via search; company holds ISO environmental/quality/H&S certifications, verify current sustainability disclosure directly on neochim.bg"
Amber Grid,Lithuania,Energy/Gas Transmission Infrastructure,Vilnius,https://www.ambergrid.lt/en/sustainability/Sustainability-report,Y,,,,,,,unverified - pending manual review,direct company sourcing
Telia Lietuva,Lithuania,Telecommunications,Vilnius,https://www.telia.lt/eng/sustainability/reporting,Y,,,,,,,unverified - pending manual review,direct company sourcing
Latvijas Gaze,Latvia,Energy/Natural Gas,Riga,https://lg.lv/en/about-us/sustainability,Y,,,,,,,unverified - pending manual review,direct company sourcing
SAF Tehnika,Latvia,Telecommunications Equipment/Microwave Radio,Riga,https://saftehnika.com/investors-eng,Y,,,,,,,unverified - pending manual review,"direct company sourcing - no dedicated standalone sustainability report confirmed; sustainability-related content likely limited to sections within the Annual Report and Auditors Report, verify directly"
Tallinna Vesi,Estonia,Water Utility,Tallinn,https://tallinnavesi.ee,Y,,,,,,,unverified - pending manual review,direct company sourcing - most recent confirmed downloadable annual report with sustainability sections is FY2022; verify for a newer edition
LHV Group,Estonia,Banking/Financial Services,Tallinn,https://investor.lhv.ee/en/reports/,Y,,,,,,,unverified - pending manual review,direct company sourcing
Malta International Airport,Malta,Airport Operations,Luqa,https://maltairport.com/corporate/corporate-responsibility/sustainability/,Y,,,,,,,unverified - pending manual review,direct company sourcing
GO plc,Malta,Telecommunications,Marsa,https://prodcms.go.com.mt/wp-content/uploads/2025/05/Annual-Report.pdf,Y,,,,,,,unverified - pending manual review,direct company sourcing - sustainability/environmental content is a section (few pages) within the combined Annual Financial Report rather than a standalone report
Hellenic Bank,Cyprus,Banking,Nicosia,https://www.hellenicbank.com,Y,,,,,,,unverified - pending manual review,"direct company sourcing - first company in Cyprus to voluntarily adopt CSRD/ESRS; FY2024 Sustainability Statement is published within the Annual Financial Report, FY2023 also had a standalone ESG Impact Report"
Demetra Holdings (Demetra Investments),Cyprus,Investment Holding,Nicosia,https://www.demetra.com.cy/annual-reports/,Y,,,,,,,unverified - pending manual review,"direct company sourcing - no dedicated standalone sustainability/ESG report confirmed via search; only general Annual Reports located, verify current sustainability disclosure format directly"
Siemens Energy,Germany,Energy Technology/Power Equipment,Munich,https://www.siemens-energy.com/global/en/home/company/sustainability.html,Y,,,,,,,unverified - pending manual review,direct company sourcing
MTU Aero Engines,Germany,Aerospace/Aircraft Engines,Munich,https://www.mtu.de/responsibility/sustainability-reports-and-documentation/,Y,,,,,,,unverified - pending manual review,direct company sourcing - standalone Sustainability Report replaced by an ESG Factbook format starting 2025
Sartorius,Germany,Laboratory & Biopharma Equipment,Goettingen,https://www.sartorius.com/en/company/sustainability,Y,,,,,,,unverified - pending manual review,direct company sourcing
Wacker Chemie,Germany,Specialty Chemicals,Munich,https://www.wacker.com/cms/en-us/sustainability/sustainability.html,Y,,,,,,,unverified - pending manual review,direct company sourcing - sustainability report published every two years as part of the Group management report
GEA Group,Germany,Industrial Machinery/Food Processing Equipment,Duesseldorf,https://www.gea.com/en/sustainability/,Y,,,,,,,unverified - pending manual review,direct company sourcing
Thyssenkrupp,Germany,Industrial Conglomerate/Steel,Essen,https://www.thyssenkrupp.com/en/company/sustainability/sustainability-strategy-and-targets,Y,,,,,,,unverified - pending manual review,direct company sourcing
Covestro,Germany,Specialty Chemicals/Polymers,Leverkusen,https://annualreport.covestro.com/,Y,,,,,,,unverified - pending manual review,direct company sourcing
Lanxess,Germany,Specialty Chemicals,Cologne,https://lanxess.com/en/sustainability/what-drives-us/sustainability-management,Y,,,,,,,unverified - pending manual review,direct company sourcing
Metro AG,Germany,Wholesale/Cash & Carry Retail,Duesseldorf,https://responsibility.metroag.de/,Y,,,,,,,unverified - pending manual review,"direct company sourcing - do not confuse with the unrelated Metro Inc (Canadian grocery retailer) or Metro Holdings Limited (Singapore), which also publish similarly-named sustainability reports"
Hugo Boss,Germany,Fashion/Apparel Retail,Metzingen,https://group.hugoboss.com/en/sustainability/news-downloads/sustainability-reports,Y,,,,,,,unverified - pending manual review,direct company sourcing
Knorr-Bremse,Germany,Braking Systems/Rail & Commercial Vehicle Technology,Munich,https://www.knorr-bremse.com/en/sustainability/,Y,,,,,,,unverified - pending manual review,direct company sourcing
Fraport,Germany,Airport Operations,Frankfurt,https://www.fraport.com/en/newsroom/publications.html,Y,,,,,,,unverified - pending manual review,direct company sourcing
Veolia,France,Environmental Services/Water & Waste,Paris,https://www.veolia.com/en/newsroom/publications,Y,,,,,,,unverified - pending manual review,direct company sourcing
Alstom,France,Rail Transport Equipment,Saint-Ouen-sur-Seine,https://www.alstom.com/alstoms-corporate-social-responsibility-documentation,Y,,,,,,,unverified - pending manual review,direct company sourcing
Eiffage,France,Construction/Infrastructure,Velizy-Villacoublay,https://www.eiffage.com/environmental-transition/ecological-transition-the-climate-report,Y,,,,,,,unverified - pending manual review,"direct company sourcing - primary confirmed document is the Climate Report (6th edition, 2025); broader non-financial data is compiled in a separate Sustainability Report referenced but not directly located"
Teleperformance,France,Business Process Outsourcing/Customer Service,Paris,https://www.tp.com,Y,,,,,,,unverified - pending manual review,direct company sourcing
Worldline,France,Payments Technology,Bezons,https://investors.worldline.com/en/home/results-reports/reports-archives,Y,,,,,,,unverified - pending manual review,direct company sourcing
Sodexo,France,Food Services/Facilities Management,Issy-les-Moulineaux,https://www.sodexo.com/investors/financial-results-and-publications/integrated-report,Y,,,,,,,unverified - pending manual review,direct company sourcing
Accor,France,Hospitality/Hotels,Paris,https://group.accor.com/en/finance/esg-reporting-ratings,Y,,,,,,,unverified - pending manual review,direct company sourcing - first CSRD-aligned sustainability report published March 2025
Bureau Veritas,France,Testing/Inspection/Certification,Neuilly-sur-Seine,https://group.bureauveritas.com/esg-reporting,Y,,,,,,,unverified - pending manual review,direct company sourcing - sustainability report constitutes a section of the 2025 Universal Registration Document; direct PDF URL not confirmed
Valeo,France,Automotive Technology/Parts,Paris,https://www.valeo.com/en/sustainability/,Y,,,,,,,unverified - pending manual review,"direct company sourcing - Valeo (automotive, this entry) is distinct from the unrelated Valeo Foods Group (Irish confectionery/snacks company), which also publishes a similarly-named 'Sustainability Report'; verify entity before use"
JCDecaux,France,Outdoor Advertising,Paris,https://www.jcdecaux.com/jcdecaux/download-file?url=public%3A%2F%2Fblocks%2Fdownloadable_file%2F2026-07%2F2025-Sustainability-Report_JCDecaux.pdf,Y,,,,,,,unverified - pending manual review,direct company sourcing
EssilorLuxottica,France,Eyewear/Optical,Charenton-le-Pont,https://www.essilorluxottica.com/en/2025-annual-report/sustainability-mission/,Y,,,,,,,unverified - pending manual review,"direct company sourcing - dual French-Italian company (formed by 2018 Essilor-Luxottica merger), classified here under France per current HQ registration; most recently confirmed standalone sustainability report is FY2024"
Saipem,Italy,Oil & Gas Engineering/Energy Services,Milan,https://www.saipem.com/en/sustainability/esg-reporting,Y,,,,,,,unverified - pending manual review,direct company sourcing
A2A,Italy,Multi-utility/Energy & Waste,Milan,https://www.gruppoa2a.it/en/sustainability,Y,,,,,,,unverified - pending manual review,direct company sourcing
Hera Group,Italy,Multi-utility/Energy Water Waste,Bologna,https://eng.gruppohera.it/group_eng/sustainability/sustainability-report,Y,,,,,,,unverified - pending manual review,"direct company sourcing - first sustainability reporting cycle under Italian CSRD transposition (Legislative Decree 125/24) approved March 2025, now integral to the Management Report"
Italgas,Italy,Gas Distribution Infrastructure,Milan,https://www.italgas.it/en/sustainability/,Y,,,,,,,unverified - pending manual review,direct company sourcing
De' Longhi Group,Italy,Home Appliances,Treviso,https://www.delonghigroup.com/en/archivio/sostenibilita/sustainability-report,Y,,,,,,,unverified - pending manual review,direct company sourcing
Brembo,Italy,Automotive Braking Systems,Curno,https://www.brembogroup.com/en/sustainability/report,Y,,,,,,,unverified - pending manual review,direct company sourcing
Diasorin,Italy,Diagnostics/Biotechnology,Saluggia,https://us.diasorin.com/en/company/sustainability/report,Y,,,,,,,unverified - pending manual review,direct company sourcing - most recent confirmed sustainability report is FY2024 (Consolidated Sustainability Report within the Annual Report)
Nexi,Italy,Payments Technology,Milan,https://www.nexigroup.com/en/esg/overview/overview/,Y,,,,,,,unverified - pending manual review,direct company sourcing - most recent confirmed Sustainability Statement covers FY2024; new ESG Strategy 2026-2030 launched
Azimut Holding,Italy,Asset Management,Milan,https://azimut-group.com/sustainability,Y,,,,,,,unverified - pending manual review,direct company sourcing
Webuild,Italy,Construction/Civil Engineering,Milan,https://www.webuildgroup.com/en/sustainability/report/,Y,,,,,,,unverified - pending manual review,direct company sourcing
Endesa,Spain,Energy/Electricity,Madrid,https://www.endesa.com/en/our-commitment,Y,,,,,,,unverified - pending manual review,direct company sourcing - Consolidated Non-Financial Information Statement is part of the Consolidated Annual Report rather than a standalone document; direct PDF URL not confirmed
Redeia (Red Electrica),Spain,Energy/Electricity Grid Operator,Madrid,https://www.redeia.com/en/sustainability,Y,,,,,,,unverified - pending manual review,direct company sourcing
Enagas,Spain,Energy/Gas Infrastructure,Madrid,https://www.enagas.es/en/about-us/sustainability/,Y,,,,,,,unverified - pending manual review,direct company sourcing - ESRS-aligned sustainability information is part of the Consolidated Management Report 2025
Indra Sistemas,Spain,Defense/Technology Consulting,Madrid,https://www.indragroup.com/en/investor-relations/annual-accounts-sustainability-report,Y,,,,,,,unverified - pending manual review,"direct company sourcing - FY2025 report scope includes newly-acquired Hispasat Group (acquired Dec 30, 2025)"
Banco Sabadell,Spain,Banking,Alicante,https://www.grupbancsabadell.com/corp/en/sustainability/vision.html,Y,,,,,,,unverified - pending manual review,direct company sourcing
Aena,Spain,Airport Operations,Madrid,https://www.aena.es/en/corporative/cr/sustainability-assessment/non-financial-information-statement.html,Y,,,,,,,unverified - pending manual review,direct company sourcing
Fluidra,Spain,Pool & Wellness Equipment,Sabadell,https://www.fluidra.com/investors/annual-integrated-report/,Y,,,,,,,unverified - pending manual review,direct company sourcing
Viscofan,Spain,Food Casings/Packaging,Pamplona,https://www.viscofan.com/investor-relations/financial-information-and-annual-report,Y,,,,,,,unverified - pending manual review,direct company sourcing - most recent confirmed non-financial/sustainability statement is FY2024; verify for a newer FY2025 edition
Ebro Foods,Spain,Food Manufacturing (Rice & Pasta),Madrid,https://www.ebrofoods.es/en/csr/csr-reports/,Y,,,,,,,unverified - pending manual review,direct company sourcing
Melia Hotels International,Spain,Hospitality/Hotels,Palma de Mallorca,https://www.meliahotelsinternational.com/en/newsroom/our-news/melia-leads-global-hotel-sector-sp-global-2025-sustainability-yearbook,Y,,,,,,,unverified - pending manual review,direct company sourcing
ABN AMRO,Netherlands,Banking,Amsterdam,https://www.abnamro.com/en/sustainability,Y,,,,,,,unverified - pending manual review,direct company sourcing
Euronext,Netherlands,Stock Exchange Operator/Financial Infrastructure,Amsterdam,https://www.euronext.com/en/about/empowering-sustainable-growth/euronext-esg-policies-statements,Y,,,,,,,unverified - pending manual review,direct company sourcing - sustainability report is part of the Universal Registration Document; company also separately publishes an ESG Trends Report analyzing its listed companies (not to be confused with Euronext's own corporate sustainability report)
Royal Vopak,Netherlands,Tank Storage/Energy Infrastructure,Rotterdam,https://www.vopak.com/investors/reports-and-presentations/company-reports,Y,,,,,,,unverified - pending manual review,direct company sourcing
Aalberts,Netherlands,Industrial Technology/Building Products,Utrecht,https://aalberts.com/progress/annual-report-2025-published,Y,,,,,,,unverified - pending manual review,direct company sourcing
Arcadis,Netherlands,Engineering/Design Consultancy,Amsterdam,https://annualreport.arcadis.com/,Y,,,,,,,unverified - pending manual review,direct company sourcing - also published an inaugural separate Impact Report in 2025/2026 on sustainable project delivery
PostNL,Netherlands,Postal/Logistics,The Hague,https://annualreport.postnl.nl/2025/sustainability-statements/consolidated-sustainability-statements,Y,,,,,,,unverified - pending manual review,direct company sourcing
ASM International,Netherlands,Semiconductor Equipment,Almere,https://www.asm.com/sustainability,Y,,,,,,,unverified - pending manual review,direct company sourcing - SBTi-validated 2035 Net-Zero targets; direct PDF URL for standalone sustainability report not confirmed
IMCD,Netherlands,Chemical Distribution,Rotterdam,https://www.imcdgroup.com/about-us/sustainability/sustainability-reports,Y,,,,,,,unverified - pending manual review,"direct company sourcing - member of Dutch ESG AEX index; direct PDF URL not confirmed, 2025 Annual Report released March 2026"
Royal BAM Group,Netherlands,Construction/Civil Engineering,Bunnik,https://corporatereporting.bam.com/,Y,,,,,,,unverified - pending manual review,direct company sourcing
ING Bank Slaski,Poland,Banking,Katowice,https://en.esg.ing.pl/,Y,,,,,,,unverified - pending manual review,direct company sourcing
Alior Bank,Poland,Banking,Warsaw,https://www.aliorbank.pl/dodatkowe-informacje/informacje/zrownowazony-rozwoj.html,Y,,,,,,,unverified - pending manual review,direct company sourcing - most recent confirmed downloadable non-financial information report covers FY2023; verify for a newer edition
Grupa Kety,Poland,Aluminium Products/Packaging,Kety,https://grupakety.com/wp-content/uploads/2026/03/ReportoftheManagementBoardofGrupaKetyS.A.ontheoperationsoftheCompanyandtheCapitalGroupin2025-1.pdf,Y,,,,,,,unverified - pending manual review,direct company sourcing
Budimex,Poland,Construction,Warsaw,https://budimex.pl/en/esg/sustainability-report/,Y,,,,,,,unverified - pending manual review,direct company sourcing
Bank Millennium,Poland,Banking,Warsaw,https://www.bankmillennium.pl/en/about-the-bank/esg/publications,Y,,,,,,,unverified - pending manual review,"direct company sourcing - publishing ESG reports annually since 2006; since the FY2024 report, sustainability information is part of the Management Report in the consolidated annual report"
Zabka Group,Poland,Convenience Retail,Poznan,https://zabkagroup.com/esg/,Y,,,,,,,unverified - pending manual review,direct company sourcing
Allegro,Poland,E-commerce,Poznan,https://about.allegro.eu,Y,,,,,,,unverified - pending manual review,"direct company sourcing - Allegro.eu (Polish e-commerce, this entry) is unrelated to Allegro MicroSystems Inc (US Nasdaq-listed semiconductor company at allegromicro.com), which also publishes its own ESG report; verify entity before use"
Bank Handlowy (Citi Handlowy),Poland,Banking,Warsaw,https://www.citibank.pl,Y,,,,,,,unverified - pending manual review,"direct company sourcing - Polish subsidiary of Citigroup; most recent confirmed locally-specific report is the 2021 Annual Report, do not confuse with Citigroup's own global ESG/Sustainability Report which covers the whole Citi group rather than this Polish entity specifically"
Comarch,Poland,IT/Software Services,Krakow,https://www.comarch.com/erp/esg/,Y,,,,,,,unverified - pending manual review,direct company sourcing - most recent confirmed standalone Non-Financial Data Statement covers FY2022; SBTi net-zero commitment by 2050
Svenska Handelsbanken,Sweden,Banking,Stockholm,https://www.handelsbanken.com/en/sustainability,Y,,,,,,,unverified - pending manual review,direct company sourcing
Husqvarna Group,Sweden,Outdoor Power Products/Garden Equipment,Huskvarna,https://www.husqvarnagroup.com/en/download-sustainability-reports,Y,,,,,,,unverified - pending manual review,direct company sourcing - sustainability content now integrated into the combined Annual Report rather than a standalone PDF
Tele2,Sweden,Telecommunications,Stockholm,https://www.tele2.com/sustainability/sustainability-reporting/sustainability-report/,Y,,,,,,,unverified - pending manual review,direct company sourcing
SSAB,Sweden,Steel Manufacturing,Stockholm,https://www.ssab.com/en/company/sustainability/reports-and-documents,Y,,,,,,,unverified - pending manual review,direct company sourcing
Trelleborg,Sweden,Polymer Technology/Engineered Products,Trelleborg,https://www.trelleborg.com/en/sustainability,Y,,,,,,,unverified - pending manual review,direct company sourcing - sustainability statement (pages 51-101) is embedded within the combined Annual Report 2025
Saab AB,Sweden,Aerospace & Defense,Stockholm,https://www.saab.com/sustainability/reports,Y,,,,,,,unverified - pending manual review,direct company sourcing - first Sustainability Statement prepared under ESRS following a sustainability strategy approved December 2025/adopted January 2026
ICA Gruppen,Sweden,Retail/Grocery,Solna,https://www.icagruppen.se/en/sustainability/sustainability-governance/reports/,Y,,,,,,,unverified - pending manual review,"direct company sourcing - most recent confirmed sustainability report covers FY2024 (within Annual Report); do not confuse with the unrelated 'ICG' (Intermediate Capital Group, a UK asset manager) which publishes a similarly-titled 'Sustainability and People Report'"
Autoliv,Sweden,Automotive Safety Systems,Stockholm,https://www.autoliv.com/sustainability/sustainability-reporting,Y,,,,,,,unverified - pending manual review,"direct company sourcing - dual US-Swedish company (Delaware-incorporated, operational HQ and origins in Sweden, dual-listed NYSE and Nasdaq Stockholm); classified here under Sweden"
Sofina,Belgium,Investment Holding,Brussels,https://www.sofinagroup.com,Y,,,,,,,unverified - pending manual review,direct company sourcing
Groupe Bruxelles Lambert (GBL),Belgium,Investment Holding,Brussels,https://www.gbl.com/en,Y,,,,,,,unverified - pending manual review,direct company sourcing - first consolidated sustainability statement under ESRS covers FY2024
Ackermans & van Haaren,Belgium,Investment Holding/Diversified,Antwerp,https://www.avh.be/en/sustainability,Y,,,,,,,unverified - pending manual review,direct company sourcing
WDP (Warehouses De Pauw),Belgium,Logistics Real Estate,Wolvertem,https://wdp.eu/en/discover-wdp/about-us/our-approach-to-esg,Y,,,,,,,unverified - pending manual review,direct company sourcing
Cofinimmo,Belgium,Real Estate Investment Trust,Brussels,https://reports.cofinimmo.com/,Y,,,,,,,unverified - pending manual review,direct company sourcing - sustainability report is a section of the Universal Registration Document; over 15 years of sustainability policy history
Barco,Belgium,Visualization Technology,Kortrijk,https://www.barco.com/en/about/sustainability/reports-and-resources,Y,,,,,,,unverified - pending manual review,direct company sourcing
Melexis,Belgium,Semiconductors,Ieper,https://www.melexis.com/en/tech-info/quality/sustainability,Y,,,,,,,unverified - pending manual review,direct company sourcing - carbon neutrality target by 2050 aligned with EU Green Deal; direct PDF URL for a standalone sustainability report not confirmed
Ontex,Belgium,Personal Hygiene Products,Aalst,https://ontex.com/sustainability/,Y,,,,,,,unverified - pending manual review,direct company sourcing - Sustainability Statements are within the Annual Report; CDP 'A' rating for Climate Change disclosure 2024
A1 Telekom Austria Group,Austria,Telecommunications,Vienna,https://a1.group/responsibility/downloads/,Y,,,,,,,unverified - pending manual review,direct company sourcing
Lenzing AG,Austria,Fiber Manufacturing/Textiles,Lenzing,https://reports.lenzing.com/annual-and-sustainability-report/2025/,Y,,,,,,,unverified - pending manual review,direct company sourcing
Palfinger,Austria,Crane & Lifting Equipment Manufacturing,Bergheim,https://www.palfinger.com/worldwide/en/about-palfinger/sustainability.html,Y,,,,,,,unverified - pending manual review,direct company sourcing - non-financial annual report aligned with ESRS under CSRD
Zumtobel Group,Austria,Lighting Technology,Dornbirn,https://z.lighting/en/group/sustainability/,Y,,,,,,,unverified - pending manual review,direct company sourcing - sustainability reporting integrated into the Annual Financial Report; targeting climate neutrality in own plants by 2025
ams OSRAM,Austria,Semiconductors/Optical Sensors,Premstaetten,https://ams-osram.com/about-us/sustainability/sustainability-documents,Y,,,,,,,unverified - pending manual review,direct company sourcing - dual Austrian-German company (ams AG Austria + OSRAM Germany merger); carbon-neutral production target by 2030 (24% reduction achieved by 2023)
Flughafen Wien (Vienna Airport),Austria,Airport Operations,Schwechat,https://viennaairport.com/en/company/investor_relations/publications_and_reports/sustainability_report,Y,,,,,,,unverified - pending manual review,direct company sourcing - reports on a multi-year cycle (2018-2021 edition most recent standalone found; next covering 2022-2024 expected); carbon-neutral operations achieved 2023
Uniqa Insurance Group,Austria,Insurance,Vienna,https://www.uniqagroup.com/grp/sustainability/reporting-disclosure/sustainability-report.en.html,Y,,,,,,,unverified - pending manual review,"direct company sourcing - 'Growing Impact' strategy (2025) targets net-zero in Austrian insurance/own operations by 2040, group-wide by 2050"
EVN AG,Austria,Energy/Utilities,Maria Enzersdorf,https://www.evn.at/getmedia/7fe6cf8f-dd9e-46a9-98eb-522bbe95d44d/Non-financial-Report-2024-25.pdf,Y,,,,,,,unverified - pending manual review,direct company sourcing - fiscal year runs October-September; non-financial report per EU Directive 2014/95/EU as implemented via Austria's Sustainability and Diversity Improvement Act
ISS A/S,Denmark,Facility Management/Workplace Services,Copenhagen,https://www.sustainabilityreports.com/iss-as,Y,,,,,,,unverified - pending manual review,direct company sourcing
Rockwool Group,Denmark,Insulation/Building Materials,Hedehusene,https://www.rockwool.com/globalassets/sustainability/sustainability-report/se-2024-01_sustainability-report-2023.pdf,Y,,,,,,,unverified - pending manual review,direct company sourcing
Bavarian Nordic,Denmark,Biotechnology/Vaccines,Kvistgaard,https://www.bavarian-nordic.com/about/sustainability/reports.aspx,Y,,,,,,,unverified - pending manual review,"direct company sourcing - sustainability content fully integrated into the Annual Report starting with the 2024 edition, aligned with CSRD"
GN Store Nord,Denmark,Audio/Hearing Technology,Ballerup,https://www.gn.com/-/media/Files/Financial-Download-Center/2022/Annual-Report-2021/GN-Sustainability-ESG-Report-2021.pdf,Y,,,,,,,unverified - pending manual review,direct company sourcing - most recent confirmed standalone ESG report is FY2021; more recent sustainability content likely embedded in the Annual Report per the double-materiality assessment referenced for FY2024
Topdanmark,Denmark,Insurance,Ballerup,https://www.topdanmark.com/en/sustainability/sustainability-report/,Y,,,,,,,unverified - pending manual review,direct company sourcing - Topdanmark was acquired by Finnish insurer Sampo plc in 2024 and is being integrated with If P&C Insurance; FY2024 sustainability statement is consolidated with If P&C Insurance rather than standalone
Jyske Bank,Denmark,Banking,Silkeborg,https://jyskebank.com/investorrelations/sustainability/reports,Y,,,,,,,unverified - pending manual review,direct company sourcing
Netcompany,Denmark,IT Services/Software,Copenhagen,https://netcompany.com/sustainability/reports/,Y,,,,,,,unverified - pending manual review,direct company sourcing - FY2025 sustainability statements reported per CSRD/ESRS
ALK-Abello,Denmark,Pharmaceuticals/Allergy Immunotherapy,Horsholm,https://www.alk.net/sustainability,Y,,,,,,,unverified - pending manual review,direct company sourcing - most recent confirmed standalone sustainability report is FY2022; more recent sustainability information reported within the Annual Report with limited assurance
Grafton Group,Ireland,Building Materials Distribution,Dublin,https://www.graftonplc.com/media/2u5j3ekp/sustainability-report.pdf,Y,,,,,,,unverified - pending manual review,direct company sourcing
Permanent TSB Group Holdings,Ireland,Banking,Dublin,https://www.permanenttsbgroup.ie/~/media/Files/P/Ptsb-CORP/documents/result-centre/annual-interim/2025/ptsbgh-annual-report-2025.pdf,Y,,,,,,,unverified - pending manual review,direct company sourcing - sustainability strategy progress (four pillars) reported within the Annual Report
Cairn Homes,Ireland,Homebuilding/Real Estate Development,Dublin,https://www.cairnhomes.com/media/anfbcw12/cairn-sustainability-report-2023.pdf,Y,,,,,,,unverified - pending manual review,direct company sourcing
Origin Enterprises,Ireland,Agri-Services/Agronomy,Dublin,https://live.euronext.com/sites/default/files/esg_document_files/2026-05/139978_Origin-Enterprises-Sustainability-Report-FY25_2026-05-08_14:02.pdf,Y,,,,,,,unverified - pending manual review,direct company sourcing - long-term sustainability strategy to 2030 branded 'Nurturing Growth'; targeting 54.9% Scope 1&2 GHG reduction by 2032 vs 2019 baseline
FBD Holdings,Ireland,Insurance,Dublin,https://www.fbdgroup.com/sustainability,Y,,,,,,,unverified - pending manual review,direct company sourcing - first Sustainability Report under CSRD published March 2025; also publishes a UNEP FI Principles for Sustainable Insurance report
Uniphar,Ireland,Pharmaceutical Distribution/Healthcare Services,Dublin,https://www.uniphar.ie/static/sustainability/overview/,Y,,,,,,,unverified - pending manual review,"direct company sourcing - first CSRD sustainability statement due early 2026 for FY2025; SBTi-approved targets (50% Scope 1&2 reduction by 2030 vs 2019), 29.9% reduction already achieved by 2025. Direct PDF URL not confirmed"
Glenveagh Properties,Ireland,Homebuilding/Real Estate Development,Dublin,https://annualreports.glenveagh.ie/2024/sustainability-statement,Y,,,,,,,unverified - pending manual review,direct company sourcing
Cargotec,Finland,Cargo Handling Equipment,Helsinki,https://www.cargotec.com/en/sustainability/,Y,,,,,,,unverified - pending manual review,direct company sourcing
Valmet,Finland,Industrial Process Technology,Espoo,https://www.valmet.com/sustainability/sustainability-reporting/,Y,,,,,,,unverified - pending manual review,"direct company sourcing - do not confuse with subsidiary/related entity Valmet Automotive, which separately publishes its own Annual Sustainability Report"
Huhtamaki,Finland,Packaging,Espoo,https://www.huhtamaki.com/en/sustainability/reports-and-policies/,Y,,,,,,,unverified - pending manual review,"direct company sourcing - Sustainability Statement (ESRS/EU Taxonomy-aligned) assured by KPMG, within the 2025 Annual Report"
Kesko,Finland,Retail (Grocery/Building & Technical Trade),Helsinki,https://www.kesko.fi/en/sustainability/sustainable-kesko/Reports-en/,Y,,,,,,,unverified - pending manual review,"direct company sourcing - ESRS/EU Taxonomy sustainability statement within the Report by the Board of Directors, limited assurance by Deloitte"
Outokumpu,Finland,Stainless Steel Manufacturing,Helsinki,https://www.outokumpu.com/-/media/files/investors/annual-reports/annual-report-2025/outokumpu_sustainability_statement_2025.pdf?revision=a9c4a4c3-1935-4a92-a43b-3403d0a3af48&modified=20260227085925,Y,,,,,,,unverified - pending manual review,direct company sourcing
Metsa Board,Finland,Paperboard/Packaging Materials,Espoo,https://www.metsagroup.com/globalassets/metsa-board/documents/investors/annual-report/2025/metsa-board-sustainability-review-2025.pdf,Y,,,,,,,unverified - pending manual review,direct company sourcing - part of Metsa Group; recognized as a Financial Times Europe's Climate Leader 2025
Kemira,Finland,Specialty Chemicals/Water Treatment,Helsinki,https://www.kemira.com/annual-report-2025/,Y,,,,,,,unverified - pending manual review,direct company sourcing - Sustainability Statement (ESRS) is part of the Financial Statements/Board of Directors' report within the Annual Report
NET4GAS,Czech Republic,Gas Transmission Infrastructure,Prague,https://www.net4gas.cz/en/investors/financial-reports/,Y,,,,,,,unverified - pending manual review,direct company sourcing
CTP N.V.,Czech Republic,Real Estate - Logistics & Industrial,Prague,https://ctp.eu/sustainability/,Y,,,,,,,unverified - pending manual review,"direct company sourcing - domiciled/listed in Netherlands (Euronext Amsterdam); largest owner of logistics/industrial real estate in Czech Republic, Romania, Hungary, Slovakia"
Zentiva,Czech Republic,Pharmaceuticals - Generics,Prague,https://www.zentiva.com/our-impact/sustainability-report,Y,,,,,,,unverified - pending manual review,direct company sourcing
Fio banka,Czech Republic,Banking,Prague,https://www.fio.cz/docs/cz/Fio_banka_VZ_2023_preklad_AJ.pdf,N,,,,,,,unverified - pending manual review,direct company sourcing - sustainability/environmental content integrated into combined Annual Report rather than a standalone GRI-referenced report
Ceska posta,Czech Republic,Postal & Logistics,Prague,https://www.ceskaposta.cz/en/o-spolecnosti/udrzitelnost-a-esg,Y,,,,,,,unverified - pending manual review,direct company sourcing - state postal operator; publishes Sustainable Development Reports (CZ/EN); supports UN SDGs
Agrofert,Czech Republic,Agriculture & Chemicals Conglomerate,Prague,https://www.agrofert.cz/en/about-agrofert/we-act-responsibly,Y,,,,,,,unverified - pending manual review,direct company sourcing
Photon Energy,Czech Republic,Renewable Energy - Solar,Prague (Photon Energy N.V. domiciled in Netherlands),https://www.photonenergy.com/uploads/group/sustainability/photon-energy-group-sustainability-report-2024.pdf,Y,,,,,,,unverified - pending manual review,direct company sourcing
NOS SGPS,Portugal,Telecommunications,Lisbon,https://www.nos.pt/en/institutional/sustainability,Y,,,,,,,unverified - pending manual review,direct company sourcing - sustainability reported within Integrated Annual Report (KPMG-verified); direct PDF URL not confirmed via search
Altri,Portugal,Pulp & Paper/Forestry,Porto,https://altri.pt/en/sustainability/reports,Y,,,,,,,unverified - pending manual review,direct company sourcing
Banco BPI,Portugal,Banking,Porto,https://www.bancobpi.pt/sustentabilidade,Y,,,,,,,unverified - pending manual review,"direct company sourcing - CaixaBank-owned Portuguese bank; do not confuse with unrelated Bank of the Philippine Islands, which also uses the abbreviation 'BPI'. Sustainability reported within Report and Accounts / Sustainable Banking Plan 25-27"
EDP Renovaveis,Portugal,Renewable Energy,Madrid (Spain-HQ'd subsidiary of Portugal's EDP),https://www.edpr-investors.com/sites/edpr-investors/files/document/2025-03/EDPR_AnnualReport2024.pdf,Y,,,,,,,unverified - pending manual review,direct company sourcing - separately listed renewables subsidiary of EDP - Energias de Portugal (already in dataset); Non-Financial Information Statement/Sustainability Information included in Annual Report
Martifer,Portugal,Metal Construction/Renewable Energy,Oliveira de Frades,https://martifer.com/multimedia/martifer/en/RQGJ90iZ_-SustainabilityReport2021_small.pdf,Y,,,,,,,unverified - pending manual review,direct company sourcing - most recent standalone sustainability report is 2021; subsequent years report sustainability declarations within the Integrated Annual Report
Vista Alegre Atlantis,Portugal,Ceramics & Tableware,Ilhavo,https://investidores.vistaalegre.com/,Y,,,,,,,unverified - pending manual review,direct company sourcing - Consolidated Non-Financial Statement; EcoVadis 'Committed' rating; direct PDF URL not confirmed via search
Sonae Sierra,Portugal,Real Estate - Shopping Centres,Maia,https://www.sonaesierra.com/wp-content/uploads/2024/07/240528_PR_Sierra_EES-Report_VF_ENG.pdf,Y,,,,,,,unverified - pending manual review,"direct company sourcing - real estate/shopping centre management arm of Sonae Group (Sonae SGPS already in dataset); publishes annual Economic, Environmental and Social Report"
Metlen Energy & Metals,Greece,Energy & Metals/Industrial Conglomerate,Athens,https://www.metlengroup.com/sustainability/reports/sustainable-development-reporting/,Y,,,,,,,unverified - pending manual review,"direct company sourcing - formerly named MYTILINEOS, rebranded to METLEN in 2024; only Greece-based company in Dow Jones Sustainability Index Emerging Markets 2 years running, MSCI ESG 'AA' rating"
Alpha Bank,Greece,Banking,Athens,https://www.alpha.gr/-/media/AlphaHoldings/Files/enimerosi-ependuton/apologismoi-drastiriotiton/alpha-bank-Sustainability-Report-2023-final.pdf,Y,,,,,,,unverified - pending manual review,direct company sourcing
Coca-Cola HBC,Greece,Beverages/Bottling,Athens (dual primary listing London/Athens),https://www.coca-colahellenic.com/content/dam/cch/us/documents/oar2024/sustainability-statement-2024.pdf.downloadasset.pdf,Y,,,,,,,unverified - pending manual review,"direct company sourcing - Swiss-incorporated (AG), dual-listed London/Athens/Brussels; targets net zero across value chain by 2040; sustainability statement part of Integrated Annual Report"
Sarantis Group,Greece,Consumer Products,Athens,https://greece.sarantisgroup.com/media/tu1pkmzw/sarantis_csr_2023.pdf,Y,,,,,,,unverified - pending manual review,"direct company sourcing - operates in 13 countries; ESG strategy targets 42% Scope 1&2 CO2 reduction by 2030, net-zero by 2050"
ElvalHalcor,Greece,Aluminium & Copper Processing,Athens,https://halcor.com/wp-content/uploads/sustainability/sustainability-reports/interactive_elvalhalcor_ar_csrd_en_2024.pdf,Y,,,,,,,unverified - pending manual review,direct company sourcing - first CSRD/ESRS-aligned sustainability reporting for FY2024
Fourlis Group,Greece,Retail (IKEA/Intersport franchisee),Athens,https://www.fourlis.com/media/ckker51g/csrd_2024_eng.pdf,Y,,,,,,,unverified - pending manual review,direct company sourcing - franchise operator of IKEA and Intersport in Greece/SE Europe; CSRD-aligned Sustainability Report from FY2024
GEK Terna,Greece,Construction & Energy Conglomerate,Athens,https://www.gekterna.com/userfiles/PressReleases/pressreleases/en/2024/GEK%20TERNA_SUSTAINABILITY%20REPORT%202023.pdf,Y,,,,,,,unverified - pending manual review,direct company sourcing - Corporate Responsibility Report published annually since 2013; first Double Materiality analysis under CSRD in 2023 report; CDP rating B
MVM Group,Hungary,Energy (National Utility),Budapest,https://mvm.hu/-/media/MVMHu/Documents/Befektetoknek/ESG/EN/2023/MVM-Group-Integrated-ESG-Report-2023.pdf,Y,,,,,,,unverified - pending manual review,direct company sourcing - vertically integrated national energy group covering the entire Hungarian energy sector; ESG report prepared per GRI standards
Magyar Posta,Hungary,Postal & Logistics,Budapest,https://www.posta.hu/static/internet/download/Fenntarthatosagi-jelentes_2024_EN.pdf,Y,,,,,,,unverified - pending manual review,direct company sourcing - Hungarian national postal administration
ALTEO Group,Hungary,Energy (Renewables & Trading),Budapest,https://alteo.hu/wp-content/uploads/2025/05/ALTEO-Fenntarthatosagi-Jelentes-7.0_EN_fin.pdf,Y,,,,,,,unverified - pending manual review,"direct company sourcing - first Hungarian energy sector company to obtain an independent international ESG certificate (Feb 2022, renewed annually); non-financial statement follows GRI Standards"
Raba Automotive Group,Hungary,Automotive Components,Gyor,https://raba.hu/en/investors/publications/,Y,,,,,,,unverified - pending manual review,direct company sourcing - Modernisation Programme (launched 2022) targets green energy use and reduced ecological footprint; direct PDF URL not confirmed via search
Graphisoft Park SE,Hungary,Real Estate (Office Park),Budapest,https://www.graphisoftpark.com/en/investors,Y,,,,,,,unverified - pending manual review,"direct company sourcing - real estate company (Budapest office park), not to be confused with Graphisoft SE the architecture software firm (acquired by Nemetschek); ESG Report prepared with reference to GRI standards"
Hidroelectrica,Romania,Renewable Energy (Hydropower),Bucharest,https://cdn.hidroelectrica.ro/cdn/aga/2025/29_aprilie_2025/raport_anual/rezumat_raport_anual/Raport_Hidroelectrica_2024_EN.pdf,Y,,,,,,,unverified - pending manual review,"direct company sourcing - largest renewable energy producer in Romania (188 hydro plants, 6.4GW + Crucea wind farm); state-controlled, IPO'd on Bucharest Stock Exchange 2023"
Sphera Franchise Group,Romania,Restaurants/Food Franchising,Bucharest,https://spheragroup.com/wp-content/uploads/2024/07/Sustainability-Report-Sphera-Franchise-Group-2023_final.pdf,Y,,,,,,,unverified - pending manual review,"direct company sourcing - operates KFC/Pizza Hut/Taco Bell franchises across Romania, Moldova, Italy; sustainability statement independently assured"
MedLife,Romania,Private Healthcare,Bucharest,https://www.medlife.ro/sites/default/files/2026-04/Raport%20Sust_MedLife_2025_eng.pdf,Y,,,,,,,unverified - pending manual review,"direct company sourcing - largest private healthcare provider in Romania; first sustainability report published 2022 (covering 2021), CSRD-aligned Administrators' Report from FY2024"
Transgaz,Romania,Gas Transmission Infrastructure,Medias,https://www.transgaz.ro/en/sustainability/sustainability-report,Y,,,,,,,unverified - pending manual review,"direct company sourcing - national gas transmission system operator; sustainability reports published for 2020, 2023, 2024"
Purcari Wineries,Romania,Wine Production,Bucharest (Purcari winery in Moldova; PLC domiciled Cyprus),https://purcariwineries.com/wp-content/uploads/2025/06/Purcari-Wineries-PCL_Sustainability-Statement_Consolidated_Final.pdf,Y,,,,,,,unverified - pending manual review,"direct company sourcing - listed on Bucharest Stock Exchange; voluntarily adopted CSRD/ESRS standards for 2024 report; operations span Romania, Moldova, Bulgaria, Czech Republic"
Millicom International Cellular,Luxembourg,Telecommunications (Latin America),Luxembourg City,https://www.sustainabilityreports.com/millicom-international-cellular/2023/annual-report,Y,,,,,,,unverified - pending manual review,direct company sourcing - Luxembourg-domiciled holding company; operates 'Tigo' mobile brand across Latin America; SBTi-validated GHG reduction targets
Grand City Properties,Luxembourg,Real Estate,"Luxembourg City (operating focus: Germany, especially Berlin)",https://www.grandcityproperties.com/sustainability,Y,,,,,,,unverified - pending manual review,direct company sourcing - Luxembourg-domiciled residential real estate group focused on German cities; CSRD/ESRS-aligned Consolidated Sustainability Statement from FY2024; targets 40% CO2 reduction by 2030 vs 2019
B&M European Value Retail,Luxembourg,Discount Retail,Luxembourg City (operating focus: United Kingdom),https://www.bandmretail.com/~/media/Files/B/Bmstores-Corp/documents/investors/reports-and-presentations/2023/fy23-esg-report.pdf,Y,,,,,,,unverified - pending manual review,"direct company sourcing - Luxembourg-incorporated (S.A.), UK-focused discount variety retail chain; ESG reports published annually since 2017"
Befesa,Luxembourg,Industrial Waste Recycling,"Luxembourg City (operations in Germany, Spain, Sweden, France, Turkey, S. Korea, China, US)",https://befesaesgreport.com/,Y,,,,,,,unverified - pending manual review,direct company sourcing - Luxembourg-incorporated (S.A.); steel dust and aluminium salt slag recycling; ESG/sustainability report published annually alongside Annual Report
U.S. Steel Kosice,Slovakia,Steel Manufacturing,Kosice,https://www.usske.sk/en/community/csr-reports,Y,,,,,,,unverified - pending manual review,direct company sourcing - Slovak subsidiary of United States Steel Corporation; local CSR/environmental reports plus parent company's group-level Sustainability Report
SPP - Slovensky plynarensky priemysel,Slovakia,Natural Gas Supply,Bratislava,https://www.spp.sk/wp-content/uploads/2024/06/SPP-Sustainability_Report-2023.pdf,Y,,,,,,,unverified - pending manual review,direct company sourcing - first standalone Sustainability Report (GRI-aligned) published 2022; FY2024 Annual Report includes CSRD reporting
ZSSK - Zeleznicna spolocnost Slovensko,Slovakia,Passenger Rail Transport,Bratislava,https://www.zssk.sk/wp-content/uploads/2025/08/ANNUAL-REPORT-2024.pdf,Y,,,,,,,unverified - pending manual review,direct company sourcing - state-owned passenger rail operator; began preparing CSRD/EU Taxonomy-aligned sustainability reporting in 2024; transported 70M+ passengers in 2024
ZSE Group,Slovakia,Energy Distribution & Supply,Bratislava,https://www.skupinazse.sk/documents/29452/ZSE_sprava-o-udrzatelnosti-2023_EN_final.pdf,Y,,,,,,,unverified - pending manual review,direct company sourcing - electricity distribution utility serving ~2 million customers; part-owned by E.ON; standalone Sustainability Report plus Consolidated Sustainability Reporting within 2024 Annual Report
Zavarovalnica Triglav,Slovenia,Insurance,Ljubljana,https://www.sustainabilityreports.com/zavarovalnica-triglav/2024/annual-report,Y,,,,,,,unverified - pending manual review,"direct company sourcing - leading Slovenian insurer; FY2024 report first aligned with CSRD/ESRS; reduced Scope 1&2 footprint 12%, 66% renewable electricity share"
Sava Re,Slovenia,Reinsurance & Insurance,Ljubljana,https://www.sava-re.si/en-si/investor-relations/reports-results/annual-report-2024/,Y,,,,,,,unverified - pending manual review,direct company sourcing - reinsurer serving 500+ clients globally; targets 55% Scope 1&2 carbon footprint reduction by 2030; sustainability report published within Annual Report
GEN-I,Slovenia,Energy Trading & Supply,Krsko/Ljubljana,https://www.gen-igroup.com/about-us/business-performance/annual-reports/,Y,,,,,,,unverified - pending manual review,"direct company sourcing - part of GEN Group (state-owned, alongside Krsko nuclear plant operator GEN Energija); electricity trading volumes ~10x Slovenia's domestic consumption, active in 20+ European markets"
Posta Slovenije,Slovenia,Postal & Logistics,Maribor,https://en.posta.si/Documents/Annual_reports/Annual-Report-2024.pdf,Y,,,,,,,unverified - pending manual review,direct company sourcing - Slovenian national postal operator; consolidated sustainability statement for 2024 reviewed with limited assurance by Forvis Mazars
HEP Group,Croatia,Electricity Generation & Distribution,Zagreb,https://www.hep.hr/csr/sustainability-reports-2567/2567,Y,,,,,,,unverified - pending manual review,direct company sourcing - state-owned national electric utility; sustainability reports published annually since 2013/2014
Hrvatska posta,Croatia,Postal & Logistics,Zagreb,https://hrvatska.posta.hr/en/sustainability-6783,Y,,,,,,,unverified - pending manual review,direct company sourcing - Croatian national postal operator; Corporate Strategy Posta2025(30) frames ESG as a core pillar; reduced CO2 emissions 18% in one year
Valamar Riviera,Croatia,Tourism & Hospitality,Porec,https://esg.valamar-riviera.com/esg-reporting/,Y,,,,,,,unverified - pending manual review,direct company sourcing - leading Croatian tourism/hotel group; integrated financial and sustainability reporting since 2015 (6th consecutive year as of 2020); sustainability strategy targets 2026
Ericsson Nikola Tesla,Croatia,Telecommunications Equipment,Zagreb,https://ericssonnikolatesla.com/en/about-us/sustainability-and-corporate-responsibility/,Y,,,,,,,unverified - pending manual review,direct company sourcing - Croatian subsidiary of Swedish Ericsson (separately listed on Zagreb Stock Exchange); FY2024 Annual Report contains first CSRD/ESRS-aligned sustainability report
First Investment Bank (Fibank),Bulgaria,Banking,Sofia,https://www.fibank.bg/web/files/documents/848/files/Fibank-SUSTAINABILITY-REPORT_Audit-Conclusion-2025-Eng_180326.pdf,Y,,,,,,,unverified - pending manual review,direct company sourcing - publishes voluntary standalone Sustainability Reports for 2024 and 2025 with audit conclusion
Telelink Business Services,Bulgaria,IT Services/Systems Integration,Sofia,https://www.tbs.tech/telelink-business-services-group-esg-report-2024/,Y,,,,,,,unverified - pending manual review,"direct company sourcing - operates across Bulgaria, Serbia, North Macedonia, Croatia; UN Global Compact participant"
Bulgartransgaz,Bulgaria,Gas Transmission & Storage,Sofia,https://www.bulgartransgaz.bg/en/pages/godishni-otcheti-finansovi-otcheti-33.html,Y,,,,,,,unverified - pending manual review,"direct company sourcing - state-owned gas transmission/storage operator; no standalone sustainability report identified, ESG content embedded in Consolidated Annual Activity Report; direct PDF URL not confirmed via search"
Sirma Group Holding,Bulgaria,Software/AI Technology,Sofia,https://investors.sirma.com/en,Y,,,,,,,unverified - pending manual review,direct company sourcing - AI/data management software group operating in 170+ countries; no standalone sustainability report identified via search - investor relations landing page used
Litgrid,Lithuania,Electricity Transmission System Operator,Vilnius,https://ditchcarbon.com/organizations/litgrid,Y,,,,,,,unverified - pending manual review,"direct company sourcing - Lithuanian electricity TSO, related to but distinct from Ignitis Group (already in dataset); connected 217MW renewables to grid in 2023; direct primary-source PDF URL not confirmed via search"
Lietuvos Pastas,Lithuania,Postal & Logistics,Vilnius,https://www.post.lt/sites/default/files/Lietuvos%20pa%C5%A1tas%20Consolidated%20management%20report%202024.pdf,Y,,,,,,,unverified - pending manual review,direct company sourcing - Lithuanian national postal operator; Consolidated Management Report includes Social Responsibility Report section; introduced reusable parcel packaging and electric delivery vans
Klaipedos Nafta (KN Energies),Lithuania,Energy Terminal Infrastructure (LNG/Oil),Klaipeda,https://www.knenergies.lt/,Y,,,,,,,unverified - pending manual review,"direct company sourcing - operates Klaipeda LNG terminal; 2023-2050 strategy targets full climate neutrality by 2050 (30% emissions cut by 2030, ~70% by 2040); direct sustainability report PDF URL not confirmed via search"
Grigeo Group,Lithuania,Paper & Packaging,Vilnius,https://www.grigeo.com/storage/app/media/Verslo%20tvarumas/Tvarumo%20ataskaitos/2025_ar_en_con.pdf,Y,,,,,,,unverified - pending manual review,direct company sourcing - only integrated paper/wood industry group in Lithuania; ESRS-aligned sustainability reporting; circular economy model using recycled waste paper
Augstsprieguma tikls (AST),Latvia,Electricity Transmission System Operator,Riga,https://www.ast.lv/sites/default/files/editor/Gada%20atkar%C4%ABbas%20p%C4%81rskati/AST_Gada_parskats_Ilgtspeja_EN_2024.pdf,Y,,,,,,,unverified - pending manual review,"direct company sourcing - 100% state-owned (Ministry of Climate and Energy), sole electricity TSO in Latvia; sustainability reports prepared per GRI guidelines since at least 2019"
Rigas Udens,Latvia,Water Utility,Riga,https://www.rigasudens.lv/sites/default/files/Parskati/LLC%20Rigas%20udens_2024%20sustainability%20and%20annual%20report.pdf,Y,,,,,,,unverified - pending manual review,direct company sourcing - Riga's municipal water/wastewater utility; combined sustainability and annual report format
Latvijas Finieris,Latvia,Wood Products/Plywood Manufacturing,Riga,https://www.finieris.com/wp-content/uploads/2024/04/Latvijas-Finieris-Sustainability-Report-20231.pdf,Y,,,,,,,unverified - pending manual review,direct company sourcing
Rigas Siltums,Latvia,District Heating,Riga,https://www.rs.lv/sites/default/files/akardeons_fails/annual-report-2024.pdf,Y,,,,,,,unverified - pending manual review,"direct company sourcing - largest district heating provider in Latvia (76% of Riga's needs, 8000+ buildings); exploring hydrogen/synthetic methane production; sustainability content within Annual Report"
Elering,Estonia,Electricity & Gas Transmission System Operator,Tallinn,https://elering.ee/sites/default/files/2026-04/Annual%20Report%202025.pdf,Y,,,,,,,unverified - pending manual review,direct company sourcing - Estonia's electricity and gas TSO; responsible business principles approved by management board; sustainability focus on UN SDG 7 and SDG 13
Omniva,Estonia,Postal & Logistics,Tallinn,https://www.omnivagroup.com/wp-content/uploads/2024/05/Sustainability-report-2023.pdf,Y,,,,,,,unverified - pending manual review,direct company sourcing - Baltic postal/logistics group (formerly Eesti Post); Group-wide carbon footprint assessment; electric delivery vehicles and parcel locker network
Tallinna Sadam (Port of Tallinn),Estonia,Port Operations & Maritime Infrastructure,Tallinn,https://www.ts.ee/wp-content/uploads/2026/04/Sustainability_Report_2025.pdf,Y,,,,,,,unverified - pending manual review,direct company sourcing - operator of Estonia's largest ports; double materiality assessment informs report content; partnering with Port of Stockholm on fossil-fuel-free maritime transport
Enefit Green,Estonia,Renewable Energy,Tallinn,https://nasdaqbaltic.com/market/upload/reports/egr/2024_ar_en_eur_con_00.pdf,Y,,,,,,,unverified - pending manual review,"direct company sourcing - renewable energy subsidiary of state-owned Eesti Energia (already in dataset as parent, listed separately as Eesti Energia/Enefit); operates across Estonia, Lithuania, Poland, Latvia, Finland; sustainability section (unaudited) within Annual Report pp.41-61"
HSBC Bank Malta,Malta,Banking,Valletta,https://www.hsbc.com/-/files/hsbc/investors/hsbc-results/2024/annual/pdfs/hsbc-bank-malta-plc/250219-hbmt-annual-report-and-accounts-2024.pdf,Y,,,,,,,unverified - pending manual review,"direct company sourcing - Maltese subsidiary of HSBC Group; sustainability commitments (net-zero bank transition) reported within Annual Report and Accounts, separate from parent HSBC Holdings' own group-level report"
APS Bank,Malta,Banking,Birkirkara,https://www.apsbank.com.mt/wp-content/uploads/2024/07/ESG-Disclosures-Report-31-December-2023.pdf,Y,,,,,,,unverified - pending manual review,direct company sourcing - Malta's 'community bank'; founding member of MESGA (Malta ESG Alliance); Pillar 3 ESG disclosures per EBA guidelines under CRR II
International Hotel Investments (Corinthia Group),Malta,Hospitality/Hotels,St. Julian's,https://corinthiagroup.com/wp-content/uploads/2024/06/35624-CORINTHIA-ANNUAL-REPORT-2023_WEB-min.pdf,Y,,,,,,,unverified - pending manual review,direct company sourcing - parent company of Corinthia Hotels; sustainability/environmental data (Scope 1&2 emissions) incorporated within Annual Report rather than a standalone sustainability report
Electricity Authority of Cyprus (EAC),Cyprus,Electricity Generation & Supply,Nicosia,https://www.eac.com.cy/EN/EAC/FinancialInformation/Pages/AnnualReports.aspx,Y,,,,,,,unverified - pending manual review,"direct company sourcing - state-owned electric utility; issued its second-ever standalone sustainability report covering CSR/ESG for 2023; gradually electrifying vehicle fleet, planning natural gas import to cut emissions"
CYTA - Cyprus Telecommunications Authority,Cyprus,Telecommunications,Nicosia,https://www.cyta.com.cy/mp/informational/docs/annualreports/AnReport_2023_en.pdf,Y,,,,,,,unverified - pending manual review,direct company sourcing - state-owned telecom operator; combined Annual Report & Sustainable Development Report published since 2022
Cyprus Trading Corporation (CTC),Cyprus,Retail & Distribution,Nicosia,https://ctcgroup.com/investor-centre/ctc-ic/,Y,,,,,,,unverified - pending manual review,direct company sourcing - diversified retail/distribution group; sustainability reports published annually 2017-2025 via investor centre
